{
    "week": 14,
    "teamWinner": {
        "teamId": "1",
        "points": 179.32,
        "standings": "6-8-0",
        "starters": [
            {
                "teamPosition": "QB",
                "playerPosition": "QB",
                "playerName": "J. Burrow",
                "playerId": "2563722",
                "points": 26.32
            },
            {
                "teamPosition": "RB",
                "playerPosition": "RB",
                "playerName": "D. Freeman",
                "playerId": "2543583",
                "points": 9.7
            },
            {
                "teamPosition": "RB",
                "playerPosition": "RB",
                "playerName": "D. Foreman",
                "playerId": "2557994",
                "points": 13.2
            },
            {
                "teamPosition": "WR",
                "playerPosition": "WR",
                "playerName": "D. Adams",
                "playerId": "2543495",
                "points": 29.1
            },
            {
                "teamPosition": "WR",
                "playerPosition": "WR",
                "playerName": "T. Lockett",
                "playerId": "2552430",
                "points": 25.7
            },
            {
                "teamPosition": "TE",
                "playerPosition": "TE",
                "playerName": "D. Schultz",
                "playerId": "2560866",
                "points": 0.9
            },
            {
                "teamPosition": "R/W/T",
                "playerPosition": "WR",
                "playerName": "T. Higgins",
                "playerId": "2563731",
                "points": 13.9
            },
            {
                "teamPosition": "K",
                "playerPosition": "K",
                "playerName": "M. Prater",
                "playerId": "2506677",
                "points": 13.0
            },
            {
                "teamPosition": "DEF",
                "playerPosition": "DEF",
                "playerName": "Packers",
                "playerId": "100011",
                "points": 21.0
            },
            {
                "teamPosition": "DL",
                "playerPosition": "DL",
                "playerName": "N. Bosa",
                "playerId": "2562629",
                "points": 6.5
            },
            {
                "teamPosition": "LB",
                "playerPosition": "LB",
                "playerName": "D. Campbell",
                "playerId": "2555255",
                "points": 12.5
            },
            {
                "teamPosition": "DB",
                "playerPosition": "DB",
                "playerName": "H. Smith",
                "playerId": "2532948",
                "points": 7.5
            }
        ],
        "bench": [
            {
                "teamPosition": "BN",
                "playerPosition": "RB",
                "playerName": "M. Breida",
                "playerId": "2558918",
                "points": 1.2
            },
            {
                "teamPosition": "BN",
                "playerPosition": "RB",
                "playerName": "N. Hines",
                "playerId": "2560742",
                "points": 0.0
            },
            {
                "teamPosition": "BN",
                "playerPosition": "WR",
                "playerName": "M. Pittman",
                "playerId": "2564136",
                "points": 0.0
            },
            {
                "teamPosition": "BN",
                "playerPosition": "RB",
                "playerName": "J. Robinson",
                "playerId": "2564223",
                "points": 0.9
            },
            {
                "teamPosition": "BN",
                "playerPosition": "DEF",
                "playerName": "Cowboys",
                "playerId": "100008",
                "points": 33.0
            },
            {
                "teamPosition": "BN",
                "playerPosition": "LB",
                "playerName": "D. Leonard",
                "playerId": "2560789",
                "points": 0.0
            },
            {
                "teamPosition": "BN",
                "playerPosition": "DB",
                "playerName": "K. Dugger",
                "playerId": "2564601",
                "points": 0.0
            },
            {
                "teamPosition": "RES",
                "playerPosition": "RB",
                "playerName": "C. Edmonds",
                "playerId": "2560711",
                "points": 0.0
            }
        ]
    },
    "teamLoser": {
        "teamId": "2",
        "points": 174.5,
        "standings": "8-6-0",
        "starters": [
            {
                "teamPosition": "QB",
                "playerPosition": "QB",
                "playerName": "J. Herbert",
                "playerId": "2565045",
                "points": 30.1
            },
            {
                "teamPosition": "RB",
                "playerPosition": "RB",
                "playerName": "J. Conner",
                "playerId": "2557978",
                "points": 29.0
            },
            {
                "teamPosition": "RB",
                "playerPosition": "RB",
                "playerName": "N. Harris",
                "playerId": "2566448",
                "points": 24.9
            },
            {
                "teamPosition": "WR",
                "playerPosition": "WR",
                "playerName": "C. Kirk",
                "playerId": "2560781",
                "points": 12.1
            },
            {
                "teamPosition": "WR",
                "playerPosition": "WR",
                "playerName": "J. Jefferson",
                "playerId": "2564556",
                "points": 17.0
            },
            {
                "teamPosition": "TE",
                "playerPosition": "TE",
                "playerName": "J. Cook",
                "playerId": "71265",
                "points": 7.8
            },
            {
                "teamPosition": "R/W/T",
                "playerPosition": "WR",
                "playerName": "C. Lamb",
                "playerId": "2563848",
                "points": 12.1
            },
            {
                "teamPosition": "K",
                "playerPosition": "K",
                "playerName": "H. Butker",
                "playerId": "2558245",
                "points": 12.0
            },
            {
                "teamPosition": "DEF",
                "playerPosition": "DEF",
                "playerName": "Panthers",
                "playerId": "100004",
                "points": 4.0
            },
            {
                "teamPosition": "DL",
                "playerPosition": "DL",
                "playerName": "J. Simmons",
                "playerId": "2562733",
                "points": 4.0
            },
            {
                "teamPosition": "LB",
                "playerPosition": "LB",
                "playerName": "C. Holcomb",
                "playerId": "2562872",
                "points": 14.5
            },
            {
                "teamPosition": "DB",
                "playerPosition": "DB",
                "playerName": "J. Abram",
                "playerId": "2562616",
                "points": 7.0
            }
        ],
        "bench": [
            {
                "teamPosition": "BN",
                "playerPosition": "RB",
                "playerName": "K. Drake",
                "playerId": "2555230",
                "points": 0.0
            },
            {
                "teamPosition": "BN",
                "playerPosition": "WR",
                "playerName": "C. Samuel",
                "playerId": "2558066",
                "points": 0.0
            },
            {
                "teamPosition": "BN",
                "playerPosition": "WR",
                "playerName": "K. Bourne",
                "playerId": "2558914",
                "points": 0.0
            },
            {
                "teamPosition": "BN",
                "playerPosition": "WR",
                "playerName": "M. Hardman",
                "playerId": "2562580",
                "points": 6.9
            },
            {
                "teamPosition": "BN",
                "playerPosition": "DEF",
                "playerName": "Ravens",
                "playerId": "100002",
                "points": 5.0
            },
            {
                "teamPosition": "BN",
                "playerPosition": "DEF",
                "playerName": "Chiefs",
                "playerId": "100016",
                "points": 39.0
            },
            {
                "teamPosition": "BN",
                "playerPosition": "DB",
                "playerName": "K. Moore",
                "playerId": "2558976",
                "points": 0.0
            }
        ]
    }
}