{
    "week": 14,
    "teamWinner": {
        "teamId": "3",
        "points": 134.42,
        "standings": "8-6-0",
        "starters": [
            {
                "teamPosition": "QB",
                "playerPosition": "QB",
                "playerName": "P. Mahomes",
                "playerId": "2558125",
                "points": 22.92
            },
            {
                "teamPosition": "RB",
                "playerPosition": "RB",
                "playerName": "A. Ekeler",
                "playerId": "2559169",
                "points": 15.4
            },
            {
                "teamPosition": "RB",
                "playerPosition": "RB",
                "playerName": "A. Dillon",
                "playerId": "2563986",
                "points": 9.1
            },
            {
                "teamPosition": "WR",
                "playerPosition": "WR",
                "playerName": "M. Valdes-Scantling",
                "playerId": "2560907",
                "points": 3.5
            },
            {
                "teamPosition": "WR",
                "playerPosition": "WR",
                "playerName": "N. Westbrook-Ikhine",
                "playerId": "2565477",
                "points": 4.6
            },
            {
                "teamPosition": "TE",
                "playerPosition": "TE",
                "playerName": "P. Freiermuth",
                "playerId": "2566442",
                "points": 10.2
            },
            {
                "teamPosition": "R/W/T",
                "playerPosition": "RB",
                "playerName": "D. Cook",
                "playerId": "2557991",
                "points": 34.7
            },
            {
                "teamPosition": "K",
                "playerPosition": "K",
                "playerName": "G. Joseph",
                "playerId": "2561534",
                "points": 5.0
            },
            {
                "teamPosition": "DEF",
                "playerPosition": "DEF",
                "playerName": "Seahawks",
                "playerId": "100030",
                "points": 9.0
            },
            {
                "teamPosition": "DL",
                "playerPosition": "DL",
                "playerName": "C. Harris",
                "playerId": "2558001",
                "points": 2.0
            },
            {
                "teamPosition": "LB",
                "playerPosition": "LB",
                "playerName": "L. David",
                "playerId": "2532828",
                "points": 8.5
            },
            {
                "teamPosition": "DB",
                "playerPosition": "DB",
                "playerName": "J. Poyer",
                "playerId": "2539290",
                "points": 9.5
            }
        ],
        "bench": [
            {
                "teamPosition": "BN",
                "playerPosition": "WR",
                "playerName": "A. Green",
                "playerId": "2495450",
                "points": 13.7
            },
            {
                "teamPosition": "BN",
                "playerPosition": "RB",
                "playerName": "M. Davis",
                "playerId": "2553439",
                "points": 11.1
            },
            {
                "teamPosition": "BN",
                "playerPosition": "QB",
                "playerName": "T. Hill",
                "playerId": "2558954",
                "points": 27.7
            },
            {
                "teamPosition": "BN",
                "playerPosition": "WR",
                "playerName": "J. Meyers",
                "playerId": "2562492",
                "points": 0.0
            },
            {
                "teamPosition": "BN",
                "playerPosition": "WR",
                "playerName": "J. Guyton",
                "playerId": "2562844",
                "points": 17.2
            },
            {
                "teamPosition": "BN",
                "playerPosition": "RB",
                "playerName": "M. Carter",
                "playerId": "2566382",
                "points": 0.0
            },
            {
                "teamPosition": "BN",
                "playerPosition": "LB",
                "playerName": "D. Perryman",
                "playerId": "2552310",
                "points": 0.0
            },
            {
                "teamPosition": "RES",
                "playerPosition": "WR",
                "playerName": "A. Brown",
                "playerId": "2562238",
                "points": 0.0
            }
        ]
    },
    "teamLoser": {
        "teamId": "14",
        "points": 124.94,
        "standings": "6-8-0",
        "starters": [
            {
                "teamPosition": "QB",
                "playerPosition": "QB",
                "playerName": "K. Cousins",
                "playerId": "2532820",
                "points": 14.34
            },
            {
                "teamPosition": "RB",
                "playerPosition": "RB",
                "playerName": "C. Patterson",
                "playerId": "2540145",
                "points": 12.9
            },
            {
                "teamPosition": "RB",
                "playerPosition": "RB",
                "playerName": "J. Williams",
                "playerId": "2566049",
                "points": 20.8
            },
            {
                "teamPosition": "WR",
                "playerPosition": "WR",
                "playerName": "D. Hopkins",
                "playerId": "2540165",
                "points": 7.9
            },
            {
                "teamPosition": "WR",
                "playerPosition": "WR",
                "playerName": "T. McLaurin",
                "playerId": "2562489",
                "points": 0.0
            },
            {
                "teamPosition": "TE",
                "playerPosition": "TE",
                "playerName": "T. Kelce",
                "playerId": "2540258",
                "points": 4.2
            },
            {
                "teamPosition": "R/W/T",
                "playerPosition": "WR",
                "playerName": "A. St. Brown",
                "playerId": "2566073",
                "points": 11.3
            },
            {
                "teamPosition": "K",
                "playerPosition": "K",
                "playerName": "E. McPherson",
                "playerId": "2565953",
                "points": 7.0
            },
            {
                "teamPosition": "DEF",
                "playerPosition": "DEF",
                "playerName": "Titans",
                "playerId": "100012",
                "points": 34.0
            },
            {
                "teamPosition": "DL",
                "playerPosition": "DL",
                "playerName": "B. Burns",
                "playerId": "2562242",
                "points": 1.5
            },
            {
                "teamPosition": "LB",
                "playerPosition": "LB",
                "playerName": "J. Hicks",
                "playerId": "2552315",
                "points": 6.5
            },
            {
                "teamPosition": "DB",
                "playerPosition": "DB",
                "playerName": "T. Diggs",
                "playerId": "2563836",
                "points": 4.5
            }
        ],
        "bench": [
            {
                "teamPosition": "BN",
                "playerPosition": "RB",
                "playerName": "T. Coleman",
                "playerId": "2552453",
                "points": 0.0
            },
            {
                "teamPosition": "BN",
                "playerPosition": "QB",
                "playerName": "C. Wentz",
                "playerId": "2555259",
                "points": 0.0
            },
            {
                "teamPosition": "BN",
                "playerPosition": "RB",
                "playerName": "J. McKissic",
                "playerId": "2556440",
                "points": 0.0
            },
            {
                "teamPosition": "BN",
                "playerPosition": "RB",
                "playerName": "P. Lindsay",
                "playerId": "2559947",
                "points": 0.0
            },
            {
                "teamPosition": "BN",
                "playerPosition": "WR",
                "playerName": "C. Wilson",
                "playerId": "2560936",
                "points": 2.8
            },
            {
                "teamPosition": "BN",
                "playerPosition": "WR",
                "playerName": "R. Moore",
                "playerId": "2566433",
                "points": 3.1
            },
            {
                "teamPosition": "BN",
                "playerPosition": "DEF",
                "playerName": "Dolphins",
                "playerId": "100019",
                "points": 0.0
            },
            {
                "teamPosition": "RES",
                "playerPosition": "WR",
                "playerName": "E. Moore",
                "playerId": "2566385",
                "points": 0.0
            }
        ]
    }
}