{
    "week": 10,
    "teamWinner": {
        "teamId": "9",
        "points": 115.98,
        "standings": "7-3-0",
        "starters": [
            {
                "teamPosition": "QB",
                "playerPosition": "QB",
                "playerName": "A. Rodgers",
                "playerId": "2506363",
                "points": 9.08
            },
            {
                "teamPosition": "RB",
                "playerPosition": "RB",
                "playerName": "D. Singletary",
                "playerId": "2562734",
                "points": 12.4
            },
            {
                "teamPosition": "RB",
                "playerPosition": "RB",
                "playerName": "E. Mitchell",
                "playerId": "2566538",
                "points": 9.1
            },
            {
                "teamPosition": "WR",
                "playerPosition": "WR",
                "playerName": "M. Evans",
                "playerId": "2543468",
                "points": 13.2
            },
            {
                "teamPosition": "WR",
                "playerPosition": "WR",
                "playerName": "N. Agholor",
                "playerId": "2552600",
                "points": 3.1
            },
            {
                "teamPosition": "TE",
                "playerPosition": "TE",
                "playerName": "G. Kittle",
                "playerId": "2558266",
                "points": 13.5
            },
            {
                "teamPosition": "R/W/T",
                "playerPosition": "TE",
                "playerName": "T. Conklin",
                "playerId": "2561027",
                "points": 14.6
            },
            {
                "teamPosition": "K",
                "playerPosition": "K",
                "playerName": "H. Butker",
                "playerId": "2558245",
                "points": 9.0
            },
            {
                "teamPosition": "DEF",
                "playerPosition": "DEF",
                "playerName": "Vikings",
                "playerId": "100020",
                "points": 9.0
            },
            {
                "teamPosition": "DL",
                "playerPosition": "DL",
                "playerName": "C. Heyward",
                "playerId": "2508109",
                "points": 8.0
            },
            {
                "teamPosition": "LB",
                "playerPosition": "LB",
                "playerName": "F. Oluokun",
                "playerId": "2561132",
                "points": 10.5
            },
            {
                "teamPosition": "DB",
                "playerPosition": "DB",
                "playerName": "K. Byard",
                "playerId": "2555158",
                "points": 4.5
            }
        ],
        "bench": [
            {
                "teamPosition": "BN",
                "playerPosition": "WR",
                "playerName": "R. Cobb",
                "playerId": "2495448",
                "points": 3.6
            },
            {
                "teamPosition": "BN",
                "playerPosition": "QB",
                "playerName": "B. Roethlisberger",
                "playerId": "2506109",
                "points": 0.0
            },
            {
                "teamPosition": "BN",
                "playerPosition": "RB",
                "playerName": "C. Hyde",
                "playerId": "2543743",
                "points": 0.9
            },
            {
                "teamPosition": "BN",
                "playerPosition": "WR",
                "playerName": "S. Shepard",
                "playerId": "2555295",
                "points": 0.0
            },
            {
                "teamPosition": "BN",
                "playerPosition": "WR",
                "playerName": "T. Boyd",
                "playerId": "2555466",
                "points": 0.0
            },
            {
                "teamPosition": "BN",
                "playerPosition": "WR",
                "playerName": "C. Claypool",
                "playerId": "2564970",
                "points": 0.0
            },
            {
                "teamPosition": "BN",
                "playerPosition": "DEF",
                "playerName": "49ers",
                "playerId": "100029",
                "points": 23.0
            },
            {
                "teamPosition": "RES",
                "playerPosition": "RB",
                "playerName": "D. Henry",
                "playerId": "2556075",
                "points": 0.0
            }
        ]
    },
    "teamLoser": {
        "teamId": "13",
        "points": 98.08,
        "standings": "5-5-0",
        "starters": [
            {
                "teamPosition": "QB",
                "playerPosition": "QB",
                "playerName": "M. Ryan",
                "playerId": "310",
                "points": -3.52
            },
            {
                "teamPosition": "RB",
                "playerPosition": "RB",
                "playerName": "S. Michel",
                "playerId": "2560809",
                "points": 4.1
            },
            {
                "teamPosition": "RB",
                "playerPosition": "RB",
                "playerName": "J. Taylor",
                "playerId": "2564148",
                "points": 21.6
            },
            {
                "teamPosition": "WR",
                "playerPosition": "WR",
                "playerName": "M. Williams",
                "playerId": "2558846",
                "points": 5.3
            },
            {
                "teamPosition": "WR",
                "playerPosition": "WR",
                "playerName": "D. Metcalf",
                "playerId": "2562685",
                "points": 4.1
            },
            {
                "teamPosition": "TE",
                "playerPosition": "TE",
                "playerName": "K. Pitts",
                "playerId": "2565830",
                "points": 9.0
            },
            {
                "teamPosition": "R/W/T",
                "playerPosition": "WR",
                "playerName": "C. Beasley",
                "playerId": "2535698",
                "points": 2.5
            },
            {
                "teamPosition": "K",
                "playerPosition": "K",
                "playerName": "R. Gould",
                "playerId": "2506264",
                "points": 8.0
            },
            {
                "teamPosition": "DEF",
                "playerPosition": "DEF",
                "playerName": "Bills",
                "playerId": "100003",
                "points": 23.0
            },
            {
                "teamPosition": "DL",
                "playerPosition": "DL",
                "playerName": "J. Bosa",
                "playerId": "2555249",
                "points": 7.5
            },
            {
                "teamPosition": "LB",
                "playerPosition": "LB",
                "playerName": "E. Kendricks",
                "playerId": "2552312",
                "points": 12.5
            },
            {
                "teamPosition": "DB",
                "playerPosition": "DB",
                "playerName": "M. Jenkins",
                "playerId": "79848",
                "points": 4.0
            }
        ],
        "bench": [
            {
                "teamPosition": "BN",
                "playerPosition": "QB",
                "playerName": "R. Tannehill",
                "playerId": "2532956",
                "points": 18.82
            },
            {
                "teamPosition": "BN",
                "playerPosition": "TE",
                "playerName": "D. Arnold",
                "playerId": "2559385",
                "points": 11.2
            },
            {
                "teamPosition": "BN",
                "playerPosition": "WR",
                "playerName": "A. Lazard",
                "playerId": "2560787",
                "points": 1.1
            },
            {
                "teamPosition": "BN",
                "playerPosition": "RB",
                "playerName": "D. Montgomery",
                "playerId": "2562502",
                "points": 0.0
            },
            {
                "teamPosition": "BN",
                "playerPosition": "RB",
                "playerName": "S. Ahmed",
                "playerId": "2565090",
                "points": 2.0
            },
            {
                "teamPosition": "BN",
                "playerPosition": "RB",
                "playerName": "R. Stevenson",
                "playerId": "2566343",
                "points": 25.4
            },
            {
                "teamPosition": "BN",
                "playerPosition": "WR",
                "playerName": "R. Moore",
                "playerId": "2566433",
                "points": 3.1
            },
            {
                "teamPosition": "RES",
                "playerPosition": "WR",
                "playerName": "M. Gallup",
                "playerId": "2560735",
                "points": 5.7
            }
        ]
    }
}