{
    "week": 6,
    "teamWinner": {
        "teamId": "4",
        "points": 149.02,
        "standings": "5-1-0",
        "starters": [
            {
                "teamPosition": "QB",
                "playerPosition": "QB",
                "playerName": "K. Cousins",
                "playerId": "2532820",
                "points": 15.62
            },
            {
                "teamPosition": "RB",
                "playerPosition": "RB",
                "playerName": "T. Gurley",
                "playerId": "2552475",
                "points": 34.5
            },
            {
                "teamPosition": "RB",
                "playerPosition": "RB",
                "playerName": "S. Barkley",
                "playerId": "2560968",
                "points": 30.9
            },
            {
                "teamPosition": "WR",
                "playerPosition": "WR",
                "playerName": "D. Hopkins",
                "playerId": "2540165",
                "points": 12.3
            },
            {
                "teamPosition": "WR",
                "playerPosition": "WR",
                "playerName": "R. Woods",
                "playerId": "2540169",
                "points": 12.1
            },
            {
                "teamPosition": "TE",
                "playerPosition": "TE",
                "playerName": "J. Cook",
                "playerId": "71265",
                "points": 1.0
            },
            {
                "teamPosition": "R/W/T",
                "playerPosition": "WR",
                "playerName": "M. Sanu",
                "playerId": "2533040",
                "points": 10.6
            },
            {
                "teamPosition": "K",
                "playerPosition": "K",
                "playerName": "M. Bryant",
                "playerId": "2504797",
                "points": 11.0
            },
            {
                "teamPosition": "DEF",
                "playerPosition": "DEF",
                "playerName": "Rams",
                "playerId": "100017",
                "points": 9.0
            },
            {
                "teamPosition": "DL",
                "playerPosition": "DL",
                "playerName": "J. Clowney",
                "playerId": "2543456",
                "points": 1.0
            },
            {
                "teamPosition": "LB",
                "playerPosition": "LB",
                "playerName": "M. Jack",
                "playerId": "2555329",
                "points": 3.0
            },
            {
                "teamPosition": "DB",
                "playerPosition": "DB",
                "playerName": "L. Collins",
                "playerId": "2552454",
                "points": 8.0
            }
        ],
        "bench": [
            {
                "teamPosition": "BN",
                "playerPosition": "QB",
                "playerName": "B. Roethlisberger",
                "playerId": "2506109",
                "points": 22.56
            },
            {
                "teamPosition": "BN",
                "playerPosition": "WR",
                "playerName": "M. Jones",
                "playerId": "2532884",
                "points": 0.0
            },
            {
                "teamPosition": "BN",
                "playerPosition": "QB",
                "playerName": "R. Wilson",
                "playerId": "2532975",
                "points": 26.88
            },
            {
                "teamPosition": "BN",
                "playerPosition": "RB",
                "playerName": "A. Morris",
                "playerId": "2533457",
                "points": 0.0
            },
            {
                "teamPosition": "BN",
                "playerPosition": "RB",
                "playerName": "K. Drake",
                "playerId": "2555230",
                "points": 3.8
            },
            {
                "teamPosition": "BN",
                "playerPosition": "WR",
                "playerName": "S. Shepard",
                "playerId": "2555295",
                "points": 3.7
            },
            {
                "teamPosition": "BN",
                "playerPosition": "TE",
                "playerName": "O. Howard",
                "playerId": "2557856",
                "points": 12.2
            },
            {
                "teamPosition": "BN",
                "playerPosition": "RB",
                "playerName": "R. Freeman",
                "playerId": "2560733",
                "points": 2.2
            },
            {
                "teamPosition": "BN",
                "playerPosition": "DEF",
                "playerName": "Patriots",
                "playerId": "100021",
                "points": 4.0
            }
        ]
    },
    "teamLoser": {
        "teamId": "10",
        "points": 96.1,
        "standings": "1-5-0",
        "starters": [
            {
                "teamPosition": "QB",
                "playerPosition": "QB",
                "playerName": "T. Brady",
                "playerId": "2504211",
                "points": 20.8
            },
            {
                "teamPosition": "RB",
                "playerPosition": "RB",
                "playerName": "M. Lynch",
                "playerId": "2495663",
                "points": 5.9
            },
            {
                "teamPosition": "RB",
                "playerPosition": "RB",
                "playerName": "E. Elliott",
                "playerId": "2555224",
                "points": 17.7
            },
            {
                "teamPosition": "WR",
                "playerPosition": "WR",
                "playerName": "E. Sanders",
                "playerId": "497322",
                "points": 17.5
            },
            {
                "teamPosition": "WR",
                "playerPosition": "WR",
                "playerName": "A. Green",
                "playerId": "2495450",
                "points": 8.5
            },
            {
                "teamPosition": "TE",
                "playerPosition": "TE",
                "playerName": "V. McDonald",
                "playerId": "2540215",
                "points": 6.8
            },
            {
                "teamPosition": "R/W/T",
                "playerPosition": "RB",
                "playerName": "B. Powell",
                "playerId": "2495328",
                "points": 4.9
            },
            {
                "teamPosition": "K",
                "playerPosition": "K",
                "playerName": "C. Boswell",
                "playerId": "2550545",
                "points": 5.0
            },
            {
                "teamPosition": "DEF",
                "playerPosition": "DEF",
                "playerName": "Bengals",
                "playerId": "100006",
                "points": -1.0
            },
            {
                "teamPosition": "DL",
                "playerPosition": "DL",
                "playerName": "N. Suh",
                "playerId": "496861",
                "points": 2.0
            },
            {
                "teamPosition": "LB",
                "playerPosition": "LB",
                "playerName": "C. Littleton",
                "playerId": "2556593",
                "points": 4.0
            },
            {
                "teamPosition": "DB",
                "playerPosition": "DB",
                "playerName": "M. Butler",
                "playerId": "2550613",
                "points": 4.0
            }
        ],
        "bench": [
            {
                "teamPosition": "BN",
                "playerPosition": "WR",
                "playerName": "D. Amendola",
                "playerId": "2649",
                "points": 5.9
            },
            {
                "teamPosition": "BN",
                "playerPosition": "QB",
                "playerName": "A. Dalton",
                "playerId": "2495143",
                "points": 21.16
            },
            {
                "teamPosition": "BN",
                "playerPosition": "TE",
                "playerName": "J. Doyle",
                "playerId": "2540232",
                "points": 0.0
            },
            {
                "teamPosition": "BN",
                "playerPosition": "RB",
                "playerName": "C. Anderson",
                "playerId": "2540269",
                "points": 0.0
            },
            {
                "teamPosition": "BN",
                "playerPosition": "WR",
                "playerName": "Q. Enunwa",
                "playerId": "2543828",
                "points": -3.1
            },
            {
                "teamPosition": "BN",
                "playerPosition": "RB",
                "playerName": "I. Crowell",
                "playerId": "2550189",
                "points": 7.2
            },
            {
                "teamPosition": "BN",
                "playerPosition": "TE",
                "playerName": "E. Engram",
                "playerId": "2557858",
                "points": 0.0
            },
            {
                "teamPosition": "BN",
                "playerPosition": "WR",
                "playerName": "C. Godwin",
                "playerId": "2558105",
                "points": 11.6
            },
            {
                "teamPosition": "BN",
                "playerPosition": "DEF",
                "playerName": "Broncos",
                "playerId": "100009",
                "points": 14.0
            }
        ]
    }
}