{
    "week": 3,
    "teamWinner": {
        "teamId": "5",
        "points": 129.72,
        "standings": "2-1-0",
        "starters": [
            {
                "teamPosition": "QB",
                "playerPosition": "QB",
                "playerName": "R. Wilson",
                "playerId": "2532975",
                "points": 17.72
            },
            {
                "teamPosition": "RB",
                "playerPosition": "RB",
                "playerName": "J. Mixon",
                "playerId": "2557976",
                "points": 9.9
            },
            {
                "teamPosition": "RB",
                "playerPosition": "RB",
                "playerName": "D. Swift",
                "playerId": "2563965",
                "points": 20.1
            },
            {
                "teamPosition": "WR",
                "playerPosition": "WR",
                "playerName": "B. Cooks",
                "playerId": "2543498",
                "points": 16.2
            },
            {
                "teamPosition": "WR",
                "playerPosition": "WR",
                "playerName": "T. Hill",
                "playerId": "2556214",
                "points": 5.2
            },
            {
                "teamPosition": "TE",
                "playerPosition": "TE",
                "playerName": "T. Hockenson",
                "playerId": "2562378",
                "points": 2.0
            },
            {
                "teamPosition": "R/W/T",
                "playerPosition": "WR",
                "playerName": "A. Cooper",
                "playerId": "2552487",
                "points": 4.1
            },
            {
                "teamPosition": "K",
                "playerPosition": "K",
                "playerName": "M. Gay",
                "playerId": "2562271",
                "points": 8.0
            },
            {
                "teamPosition": "DEF",
                "playerPosition": "DEF",
                "playerName": "Cardinals",
                "playerId": "100026",
                "points": 29.0
            },
            {
                "teamPosition": "DL",
                "playerPosition": "DL",
                "playerName": "J. Bosa",
                "playerId": "2555249",
                "points": 3.0
            },
            {
                "teamPosition": "LB",
                "playerPosition": "LB",
                "playerName": "R. Smith",
                "playerId": "2560877",
                "points": 7.5
            },
            {
                "teamPosition": "DB",
                "playerPosition": "DB",
                "playerName": "L. Ryan",
                "playerId": "2540162",
                "points": 7.0
            }
        ],
        "bench": [
            {
                "teamPosition": "BN",
                "playerPosition": "WR",
                "playerName": "R. Cobb",
                "playerId": "2495448",
                "points": 0.0
            },
            {
                "teamPosition": "BN",
                "playerPosition": "QB",
                "playerName": "T. Bridgewater",
                "playerId": "2543465",
                "points": 11.2
            },
            {
                "teamPosition": "BN",
                "playerPosition": "WR",
                "playerName": "J. Crowder",
                "playerId": "2552415",
                "points": 0.0
            },
            {
                "teamPosition": "BN",
                "playerPosition": "TE",
                "playerName": "E. Engram",
                "playerId": "2557858",
                "points": -0.9
            },
            {
                "teamPosition": "BN",
                "playerPosition": "RB",
                "playerName": "N. Hines",
                "playerId": "2560742",
                "points": 16.4
            },
            {
                "teamPosition": "BN",
                "playerPosition": "RB",
                "playerName": "A. Dillon",
                "playerId": "2563986",
                "points": 3.6
            },
            {
                "teamPosition": "BN",
                "playerPosition": "DEF",
                "playerName": "Buccaneers",
                "playerId": "100031",
                "points": 1.0
            }
        ]
    },
    "teamLoser": {
        "teamId": "3",
        "points": 117.8,
        "standings": "2-1-0",
        "starters": [
            {
                "teamPosition": "QB",
                "playerPosition": "QB",
                "playerName": "P. Mahomes",
                "playerId": "2558125",
                "points": 25.2
            },
            {
                "teamPosition": "RB",
                "playerPosition": "RB",
                "playerName": "M. Davis",
                "playerId": "2553439",
                "points": 9.0
            },
            {
                "teamPosition": "RB",
                "playerPosition": "RB",
                "playerName": "M. Carter",
                "playerId": "2566382",
                "points": 3.9
            },
            {
                "teamPosition": "WR",
                "playerPosition": "WR",
                "playerName": "C. Kupp",
                "playerId": "2557898",
                "points": 26.1
            },
            {
                "teamPosition": "WR",
                "playerPosition": "WR",
                "playerName": "A. Brown",
                "playerId": "2562238",
                "points": 0.3
            },
            {
                "teamPosition": "TE",
                "playerPosition": "TE",
                "playerName": "N. Fant",
                "playerId": "2562383",
                "points": 2.5
            },
            {
                "teamPosition": "R/W/T",
                "playerPosition": "WR",
                "playerName": "Q. Cephus",
                "playerId": "2563926",
                "points": 1.3
            },
            {
                "teamPosition": "K",
                "playerPosition": "K",
                "playerName": "E. McPherson",
                "playerId": "2565953",
                "points": 6.0
            },
            {
                "teamPosition": "DEF",
                "playerPosition": "DEF",
                "playerName": "Broncos",
                "playerId": "100009",
                "points": 30.0
            },
            {
                "teamPosition": "DL",
                "playerPosition": "DL",
                "playerName": "D. Hunter",
                "playerId": "2552603",
                "points": 2.5
            },
            {
                "teamPosition": "LB",
                "playerPosition": "LB",
                "playerName": "N. Vigil",
                "playerId": "2555528",
                "points": 6.0
            },
            {
                "teamPosition": "DB",
                "playerPosition": "DB",
                "playerName": "J. Poyer",
                "playerId": "2539290",
                "points": 5.0
            }
        ],
        "bench": [
            {
                "teamPosition": "BN",
                "playerPosition": "WR",
                "playerName": "A. Green",
                "playerId": "2495450",
                "points": 14.7
            },
            {
                "teamPosition": "BN",
                "playerPosition": "WR",
                "playerName": "J. Gordon",
                "playerId": "2537931",
                "points": 0.0
            },
            {
                "teamPosition": "BN",
                "playerPosition": "RB",
                "playerName": "D. Cook",
                "playerId": "2557991",
                "points": 0.0
            },
            {
                "teamPosition": "BN",
                "playerPosition": "RB",
                "playerName": "J. Williams",
                "playerId": "2558204",
                "points": 13.7
            },
            {
                "teamPosition": "BN",
                "playerPosition": "WR",
                "playerName": "D. Chark",
                "playerId": "2561018",
                "points": 12.4
            },
            {
                "teamPosition": "BN",
                "playerPosition": "RB",
                "playerName": "Z. Moss",
                "playerId": "2563617",
                "points": 16.6
            },
            {
                "teamPosition": "BN",
                "playerPosition": "WR",
                "playerName": "M. Callaway",
                "playerId": "2565310",
                "points": 12.1
            },
            {
                "teamPosition": "RES",
                "playerPosition": "WR",
                "playerName": "R. Bateman",
                "playerId": "2565836",
                "points": 0.0
            }
        ]
    }
}