{
    "week": 3,
    "teamWinner": {
        "teamId": "12",
        "points": 183.02,
        "standings": "1-2-0",
        "starters": [
            {
                "teamPosition": "QB",
                "playerPosition": "QB",
                "playerName": "J. Allen",
                "playerId": "2560955",
                "points": 44.12
            },
            {
                "teamPosition": "RB",
                "playerPosition": "RB",
                "playerName": "M. Gordon",
                "playerId": "2552469",
                "points": 14.6
            },
            {
                "teamPosition": "RB",
                "playerPosition": "RB",
                "playerName": "E. Elliott",
                "playerId": "2555224",
                "points": 25.1
            },
            {
                "teamPosition": "WR",
                "playerPosition": "WR",
                "playerName": "E. Sanders",
                "playerId": "497322",
                "points": 23.9
            },
            {
                "teamPosition": "WR",
                "playerPosition": "WR",
                "playerName": "C. Ridley",
                "playerId": "2560854",
                "points": 10.1
            },
            {
                "teamPosition": "TE",
                "playerPosition": "TE",
                "playerName": "D. Knox",
                "playerId": "2562681",
                "points": 12.9
            },
            {
                "teamPosition": "R/W/T",
                "playerPosition": "WR",
                "playerName": "D. Smith",
                "playerId": "2566409",
                "points": 4.3
            },
            {
                "teamPosition": "K",
                "playerPosition": "K",
                "playerName": "J. Sanders",
                "playerId": "2561153",
                "points": 8.0
            },
            {
                "teamPosition": "DEF",
                "playerPosition": "DEF",
                "playerName": "Saints",
                "playerId": "100022",
                "points": 27.0
            },
            {
                "teamPosition": "DL",
                "playerPosition": "DL",
                "playerName": "J. Allen",
                "playerId": "2557844",
                "points": 2.5
            },
            {
                "teamPosition": "LB",
                "playerPosition": "LB",
                "playerName": "D. White",
                "playerId": "2562781",
                "points": 5.5
            },
            {
                "teamPosition": "DB",
                "playerPosition": "DB",
                "playerName": "B. Baker",
                "playerId": "2558009",
                "points": 5.0
            }
        ],
        "bench": [
            {
                "teamPosition": "BN",
                "playerPosition": "RB",
                "playerName": "D. Johnson",
                "playerId": "2553435",
                "points": 1.1
            },
            {
                "teamPosition": "BN",
                "playerPosition": "RB",
                "playerName": "K. Drake",
                "playerId": "2555230",
                "points": 7.2
            },
            {
                "teamPosition": "BN",
                "playerPosition": "QB",
                "playerName": "J. Goff",
                "playerId": "2555334",
                "points": 8.28
            },
            {
                "teamPosition": "BN",
                "playerPosition": "TE",
                "playerName": "M. Gesicki",
                "playerId": "2560994",
                "points": 13.6
            },
            {
                "teamPosition": "BN",
                "playerPosition": "WR",
                "playerName": "D. Johnson",
                "playerId": "2562674",
                "points": 0.0
            },
            {
                "teamPosition": "BN",
                "playerPosition": "WR",
                "playerName": "K. Osborn",
                "playerId": "2564574",
                "points": 3.6
            },
            {
                "teamPosition": "BN",
                "playerPosition": "LB",
                "playerName": "C. Jones",
                "playerId": "2533538",
                "points": 5.0
            },
            {
                "teamPosition": "RES",
                "playerPosition": "WR",
                "playerName": "J. Landry",
                "playerId": "2543488",
                "points": 0.0
            }
        ]
    },
    "teamLoser": {
        "teamId": "9",
        "points": 110.94,
        "standings": "1-2-0",
        "starters": [
            {
                "teamPosition": "QB",
                "playerPosition": "QB",
                "playerName": "A. Rodgers",
                "playerId": "2506363",
                "points": 21.54
            },
            {
                "teamPosition": "RB",
                "playerPosition": "RB",
                "playerName": "D. Henry",
                "playerId": "2556075",
                "points": 17.9
            },
            {
                "teamPosition": "RB",
                "playerPosition": "RB",
                "playerName": "D. Singletary",
                "playerId": "2562734",
                "points": 3.1
            },
            {
                "teamPosition": "WR",
                "playerPosition": "WR",
                "playerName": "M. Evans",
                "playerId": "2543468",
                "points": 14.6
            },
            {
                "teamPosition": "WR",
                "playerPosition": "WR",
                "playerName": "S. Shepard",
                "playerId": "2555295",
                "points": 2.6
            },
            {
                "teamPosition": "TE",
                "playerPosition": "TE",
                "playerName": "G. Kittle",
                "playerId": "2558266",
                "points": 14.6
            },
            {
                "teamPosition": "R/W/T",
                "playerPosition": "WR",
                "playerName": "C. Claypool",
                "playerId": "2564970",
                "points": 14.1
            },
            {
                "teamPosition": "K",
                "playerPosition": "K",
                "playerName": "H. Butker",
                "playerId": "2558245",
                "points": 5.0
            },
            {
                "teamPosition": "DEF",
                "playerPosition": "DEF",
                "playerName": "Vikings",
                "playerId": "100020",
                "points": 5.0
            },
            {
                "teamPosition": "DL",
                "playerPosition": "DL",
                "playerName": "C. Heyward",
                "playerId": "2508109",
                "points": 3.0
            },
            {
                "teamPosition": "LB",
                "playerPosition": "LB",
                "playerName": "L. David",
                "playerId": "2532828",
                "points": 6.0
            },
            {
                "teamPosition": "DB",
                "playerPosition": "DB",
                "playerName": "M. Fitzpatrick",
                "playerId": "2560725",
                "points": 3.5
            }
        ],
        "bench": [
            {
                "teamPosition": "BN",
                "playerPosition": "QB",
                "playerName": "J. Winston",
                "playerId": "2552033",
                "points": 16.72
            },
            {
                "teamPosition": "BN",
                "playerPosition": "WR",
                "playerName": "T. Boyd",
                "playerId": "2555466",
                "points": 11.6
            },
            {
                "teamPosition": "BN",
                "playerPosition": "TE",
                "playerName": "J. Smith",
                "playerId": "2558207",
                "points": 0.9
            },
            {
                "teamPosition": "BN",
                "playerPosition": "RB",
                "playerName": "P. Lindsay",
                "playerId": "2559947",
                "points": 0.5
            },
            {
                "teamPosition": "BN",
                "playerPosition": "WR",
                "playerName": "A. St. Brown",
                "playerId": "2566073",
                "points": 0.7
            },
            {
                "teamPosition": "BN",
                "playerPosition": "RB",
                "playerName": "E. Mitchell",
                "playerId": "2566538",
                "points": 0.0
            },
            {
                "teamPosition": "BN",
                "playerPosition": "DEF",
                "playerName": "49ers",
                "playerId": "100029",
                "points": 1.0
            }
        ]
    }
}