{
    "week": 2,
    "teamWinner": {
        "teamId": "3",
        "points": 122.88,
        "standings": "1-1-0",
        "starters": [
            {
                "teamPosition": "QB",
                "playerPosition": "QB",
                "playerName": "T. Brady",
                "playerId": "2504211",
                "points": 37.78
            },
            {
                "teamPosition": "RB",
                "playerPosition": "RB",
                "playerName": "L. Bell",
                "playerId": "2540175",
                "points": 9.1
            },
            {
                "teamPosition": "RB",
                "playerPosition": "RB",
                "playerName": "T. West",
                "playerId": "2543664",
                "points": 10.5
            },
            {
                "teamPosition": "WR",
                "playerPosition": "WR",
                "playerName": "M. Crabtree",
                "playerId": "71269",
                "points": 26.0
            },
            {
                "teamPosition": "WR",
                "playerPosition": "WR",
                "playerName": "D. Baldwin",
                "playerId": "2530747",
                "points": 4.4
            },
            {
                "teamPosition": "TE",
                "playerPosition": "TE",
                "playerName": "Z. Ertz",
                "playerId": "2540158",
                "points": 9.7
            },
            {
                "teamPosition": "R/W/T",
                "playerPosition": "WR",
                "playerName": "A. Thielen",
                "playerId": "2541785",
                "points": 0.4
            },
            {
                "teamPosition": "K",
                "playerPosition": "K",
                "playerName": "M. Prater",
                "playerId": "2506677",
                "points": 8.0
            },
            {
                "teamPosition": "DEF",
                "playerPosition": "DEF",
                "playerName": "Texans",
                "playerId": "100013",
                "points": 12.0
            },
            {
                "teamPosition": "LB",
                "playerPosition": "LB",
                "playerName": "K. Alexander",
                "playerId": "2552592",
                "points": 5.0
            }
        ],
        "bench": [
            {
                "teamPosition": "BN",
                "playerPosition": "RB",
                "playerName": "M. Ingram",
                "playerId": "2495466",
                "points": 7.6
            },
            {
                "teamPosition": "BN",
                "playerPosition": "WR",
                "playerName": "A. Jeffery",
                "playerId": "2533039",
                "points": 15.2
            },
            {
                "teamPosition": "BN",
                "playerPosition": "RB",
                "playerName": "C. Hyde",
                "playerId": "2543743",
                "points": 15.3
            },
            {
                "teamPosition": "BN",
                "playerPosition": "QB",
                "playerName": "J. Winston",
                "playerId": "2552033",
                "points": 14.46
            },
            {
                "teamPosition": "BN",
                "playerPosition": "WR",
                "playerName": "D. Parker",
                "playerId": "2552409",
                "points": 8.5
            },
            {
                "teamPosition": "BN",
                "playerPosition": "TE",
                "playerName": "H. Henry",
                "playerId": "2555341",
                "points": 8.0
            },
            {
                "teamPosition": "BN",
                "playerPosition": "K",
                "playerName": "W. Lutz",
                "playerId": "2556601",
                "points": 9.0
            }
        ]
    },
    "teamLoser": {
        "teamId": "1",
        "points": 108.18,
        "standings": "1-1-0",
        "starters": [
            {
                "teamPosition": "QB",
                "playerPosition": "QB",
                "playerName": "M. Ryan",
                "playerId": "310",
                "points": 16.88
            },
            {
                "teamPosition": "RB",
                "playerPosition": "RB",
                "playerName": "D. Freeman",
                "playerId": "2543583",
                "points": 22.0
            },
            {
                "teamPosition": "RB",
                "playerPosition": "RB",
                "playerName": "L. Fournette",
                "playerId": "2557973",
                "points": 12.1
            },
            {
                "teamPosition": "WR",
                "playerPosition": "WR",
                "playerName": "D. Jackson",
                "playerId": "1581",
                "points": 3.9
            },
            {
                "teamPosition": "WR",
                "playerPosition": "WR",
                "playerName": "R. Matthews",
                "playerId": "2532903",
                "points": 4.3
            },
            {
                "teamPosition": "TE",
                "playerPosition": "TE",
                "playerName": "A. Gates",
                "playerId": "2505299",
                "points": 7.1
            },
            {
                "teamPosition": "R/W/T",
                "playerPosition": "WR",
                "playerName": "D. Adams",
                "playerId": "2543495",
                "points": 15.9
            },
            {
                "teamPosition": "K",
                "playerPosition": "K",
                "playerName": "M. Crosby",
                "playerId": "2507232",
                "points": 4.0
            },
            {
                "teamPosition": "DEF",
                "playerPosition": "DEF",
                "playerName": "Chiefs",
                "playerId": "100016",
                "points": 15.0
            },
            {
                "teamPosition": "LB",
                "playerPosition": "LB",
                "playerName": "L. Kuechly",
                "playerId": "2533056",
                "points": 7.0
            }
        ],
        "bench": [
            {
                "teamPosition": "BN",
                "playerPosition": "WR",
                "playerName": "P. Garcon",
                "playerId": "2346",
                "points": 2.6
            },
            {
                "teamPosition": "BN",
                "playerPosition": "WR",
                "playerName": "D. Amendola",
                "playerId": "2649",
                "points": 0.0
            },
            {
                "teamPosition": "BN",
                "playerPosition": "RB",
                "playerName": "L. Blount",
                "playerId": "497149",
                "points": 0.0
            },
            {
                "teamPosition": "BN",
                "playerPosition": "QB",
                "playerName": "A. Smith",
                "playerId": "2506340",
                "points": 18.14
            },
            {
                "teamPosition": "BN",
                "playerPosition": "WR",
                "playerName": "T. Williams",
                "playerId": "2553913",
                "points": 5.4
            },
            {
                "teamPosition": "BN",
                "playerPosition": "RB",
                "playerName": "R. Kelley",
                "playerId": "2556414",
                "points": 7.8
            },
            {
                "teamPosition": "BN",
                "playerPosition": "DEF",
                "playerName": "Eagles",
                "playerId": "100025",
                "points": 4.0
            }
        ]
    }
}