{
    "1": {
        "1": {
            "pickOverall": 1,
            "pickRound": 1,
            "playerId": "2540175",
            "playerName": "Le'Veon Bell",
            "playerPosition": "RB",
            "round": 1,
            "teamId": "1"
        },
        "2": {
            "pickOverall": 2,
            "pickRound": 2,
            "playerId": "2552475",
            "playerName": "Todd Gurley",
            "playerPosition": "RB",
            "round": 1,
            "teamId": "4"
        },
        "3": {
            "pickOverall": 3,
            "pickRound": 3,
            "playerId": "2555224",
            "playerName": "Ezekiel Elliott",
            "playerPosition": "RB",
            "round": 1,
            "teamId": "10"
        },
        "4": {
            "pickOverall": 4,
            "pickRound": 4,
            "playerId": "2553435",
            "playerName": "David Johnson",
            "playerPosition": "RB",
            "round": 1,
            "teamId": "8"
        },
        "5": {
            "pickOverall": 5,
            "pickRound": 5,
            "playerId": "2560968",
            "playerName": "Saquon Barkley",
            "playerPosition": "RB",
            "round": 1,
            "teamId": "5"
        },
        "6": {
            "pickOverall": 6,
            "pickRound": 6,
            "playerId": "2508061",
            "playerName": "Antonio Brown",
            "playerPosition": "WR",
            "round": 1,
            "teamId": "7"
        },
        "7": {
            "pickOverall": 7,
            "pickRound": 7,
            "playerId": "2557973",
            "playerName": "Leonard Fournette",
            "playerPosition": "RB",
            "round": 1,
            "teamId": "9"
        },
        "8": {
            "pickOverall": 8,
            "pickRound": 8,
            "playerId": "2558019",
            "playerName": "Alvin Kamara",
            "playerPosition": "RB",
            "round": 1,
            "teamId": "3"
        },
        "9": {
            "pickOverall": 9,
            "pickRound": 9,
            "playerId": "2557917",
            "playerName": "Kareem Hunt",
            "playerPosition": "RB",
            "round": 1,
            "teamId": "6"
        },
        "10": {
            "pickOverall": 10,
            "pickRound": 10,
            "playerId": "2543583",
            "playerName": "Devonta Freeman",
            "playerPosition": "RB",
            "round": 1,
            "teamId": "2"
        }
    },
    "2": {
        "1": {
            "pickOverall": 11,
            "pickRound": 1,
            "playerId": "2540165",
            "playerName": "DeAndre Hopkins",
            "playerPosition": "WR",
            "round": 2,
            "teamId": "2"
        },
        "2": {
            "pickOverall": 12,
            "pickRound": 2,
            "playerId": "2552469",
            "playerName": "Melvin Gordon",
            "playerPosition": "RB",
            "round": 2,
            "teamId": "6"
        },
        "3": {
            "pickOverall": 13,
            "pickRound": 3,
            "playerId": "2543496",
            "playerName": "Odell Beckham",
            "playerPosition": "WR",
            "round": 2,
            "teamId": "3"
        },
        "4": {
            "pickOverall": 14,
            "pickRound": 4,
            "playerId": "2557991",
            "playerName": "Dalvin Cook",
            "playerPosition": "RB",
            "round": 2,
            "teamId": "9"
        },
        "5": {
            "pickOverall": 15,
            "pickRound": 5,
            "playerId": "2557997",
            "playerName": "Christian McCaffrey",
            "playerPosition": "RB",
            "round": 2,
            "teamId": "7"
        },
        "6": {
            "pickOverall": 16,
            "pickRound": 6,
            "playerId": "2555418",
            "playerName": "Jordan Howard",
            "playerPosition": "RB",
            "round": 2,
            "teamId": "5"
        },
        "7": {
            "pickOverall": 17,
            "pickRound": 7,
            "playerId": "2495454",
            "playerName": "Julio Jones",
            "playerPosition": "WR",
            "round": 2,
            "teamId": "8"
        },
        "8": {
            "pickOverall": 18,
            "pickRound": 8,
            "playerId": "79607",
            "playerName": "LeSean McCoy",
            "playerPosition": "RB",
            "round": 2,
            "teamId": "10"
        },
        "9": {
            "pickOverall": 19,
            "pickRound": 9,
            "playerId": "2540154",
            "playerName": "Keenan Allen",
            "playerPosition": "WR",
            "round": 2,
            "teamId": "4"
        },
        "10": {
            "pickOverall": 20,
            "pickRound": 10,
            "playerId": "497240",
            "playerName": "Rob Gronkowski",
            "playerPosition": "TE",
            "round": 2,
            "teamId": "1"
        }
    },
    "3": {
        "1": {
            "pickOverall": 21,
            "pickRound": 1,
            "playerId": "2556370",
            "playerName": "Michael Thomas",
            "playerPosition": "WR",
            "round": 3,
            "teamId": "1"
        },
        "2": {
            "pickOverall": 22,
            "pickRound": 2,
            "playerId": "2556214",
            "playerName": "Tyreek Hill",
            "playerPosition": "WR",
            "round": 3,
            "teamId": "4"
        },
        "3": {
            "pickOverall": 23,
            "pickRound": 3,
            "playerId": "2495450",
            "playerName": "A.J. Green",
            "playerPosition": "WR",
            "round": 3,
            "teamId": "10"
        },
        "4": {
            "pickOverall": 24,
            "pickRound": 4,
            "playerId": "2540258",
            "playerName": "Travis Kelce",
            "playerPosition": "TE",
            "round": 3,
            "teamId": "8"
        },
        "5": {
            "pickOverall": 25,
            "pickRound": 5,
            "playerId": "2506106",
            "playerName": "Larry Fitzgerald",
            "playerPosition": "WR",
            "round": 3,
            "teamId": "5"
        },
        "6": {
            "pickOverall": 26,
            "pickRound": 6,
            "playerId": "2543495",
            "playerName": "Davante Adams",
            "playerPosition": "WR",
            "round": 3,
            "teamId": "7"
        },
        "7": {
            "pickOverall": 27,
            "pickRound": 7,
            "playerId": "2506363",
            "playerName": "Aaron Rodgers",
            "playerPosition": "QB",
            "round": 3,
            "teamId": "9"
        },
        "8": {
            "pickOverall": 28,
            "pickRound": 8,
            "playerId": "2557976",
            "playerName": "Joe Mixon",
            "playerPosition": "RB",
            "round": 3,
            "teamId": "3"
        },
        "9": {
            "pickOverall": 29,
            "pickRound": 9,
            "playerId": "2530747",
            "playerName": "Doug Baldwin",
            "playerPosition": "WR",
            "round": 3,
            "teamId": "6"
        },
        "10": {
            "pickOverall": 30,
            "pickRound": 10,
            "playerId": "2504775",
            "playerName": "Drew Brees",
            "playerPosition": "QB",
            "round": 3,
            "teamId": "2"
        }
    },
    "4": {
        "1": {
            "pickOverall": 31,
            "pickRound": 1,
            "playerId": "2555230",
            "playerName": "Kenyan Drake",
            "playerPosition": "RB",
            "round": 4,
            "teamId": "2"
        },
        "2": {
            "pickOverall": 32,
            "pickRound": 2,
            "playerId": "2552608",
            "playerName": "Stefon Diggs",
            "playerPosition": "WR",
            "round": 4,
            "teamId": "6"
        },
        "3": {
            "pickOverall": 33,
            "pickRound": 3,
            "playerId": "2541785",
            "playerName": "Adam Thielen",
            "playerPosition": "WR",
            "round": 4,
            "teamId": "3"
        },
        "4": {
            "pickOverall": 34,
            "pickRound": 4,
            "playerId": "2543468",
            "playerName": "Mike Evans",
            "playerPosition": "WR",
            "round": 4,
            "teamId": "9"
        },
        "5": {
            "pickOverall": 35,
            "pickRound": 5,
            "playerId": "2555430",
            "playerName": "Alex Collins",
            "playerPosition": "RB",
            "round": 4,
            "teamId": "7"
        },
        "6": {
            "pickOverall": 36,
            "pickRound": 6,
            "playerId": "2532865",
            "playerName": "T.Y. Hilton",
            "playerPosition": "WR",
            "round": 4,
            "teamId": "5"
        },
        "7": {
            "pickOverall": 37,
            "pickRound": 7,
            "playerId": "2556075",
            "playerName": "Derrick Henry",
            "playerPosition": "RB",
            "round": 4,
            "teamId": "8"
        },
        "8": {
            "pickOverall": 38,
            "pickRound": 8,
            "playerId": "2504211",
            "playerName": "Tom Brady",
            "playerPosition": "QB",
            "round": 4,
            "teamId": "10"
        },
        "9": {
            "pickOverall": 39,
            "pickRound": 9,
            "playerId": "2560733",
            "playerName": "Royce Freeman",
            "playerPosition": "RB",
            "round": 4,
            "teamId": "4"
        },
        "10": {
            "pickOverall": 40,
            "pickRound": 10,
            "playerId": "2532884",
            "playerName": "Marvin Jones",
            "playerPosition": "WR",
            "round": 4,
            "teamId": "1"
        }
    },
    "5": {
        "1": {
            "pickOverall": 41,
            "pickRound": 1,
            "playerId": "100015",
            "playerName": "Jacksonville Jaguars",
            "playerPosition": "DEF",
            "round": 5,
            "teamId": "1"
        },
        "2": {
            "pickOverall": 42,
            "pickRound": 2,
            "playerId": "2533034",
            "playerName": "Lamar Miller",
            "playerPosition": "RB",
            "round": 5,
            "teamId": "4"
        },
        "3": {
            "pickOverall": 43,
            "pickRound": 3,
            "playerId": "2495663",
            "playerName": "Marshawn Lynch",
            "playerPosition": "RB",
            "round": 5,
            "teamId": "10"
        },
        "4": {
            "pickOverall": 44,
            "pickRound": 4,
            "playerId": "2532975",
            "playerName": "Russell Wilson",
            "playerPosition": "QB",
            "round": 5,
            "teamId": "8"
        },
        "5": {
            "pickOverall": 45,
            "pickRound": 5,
            "playerId": "2540158",
            "playerName": "Zach Ertz",
            "playerPosition": "TE",
            "round": 5,
            "teamId": "5"
        },
        "6": {
            "pickOverall": 46,
            "pickRound": 6,
            "playerId": "497328",
            "playerName": "Demaryius Thomas",
            "playerPosition": "WR",
            "round": 5,
            "teamId": "7"
        },
        "7": {
            "pickOverall": 47,
            "pickRound": 7,
            "playerId": "2560809",
            "playerName": "Sony Michel",
            "playerPosition": "RB",
            "round": 5,
            "teamId": "9"
        },
        "8": {
            "pickOverall": 48,
            "pickRound": 8,
            "playerId": "2558063",
            "playerName": "Deshaun Watson",
            "playerPosition": "QB",
            "round": 5,
            "teamId": "3"
        },
        "9": {
            "pickOverall": 49,
            "pickRound": 9,
            "playerId": "2555259",
            "playerName": "Carson Wentz",
            "playerPosition": "QB",
            "round": 5,
            "teamId": "6"
        },
        "10": {
            "pickOverall": 50,
            "pickRound": 10,
            "playerId": "497236",
            "playerName": "Jimmy Graham",
            "playerPosition": "TE",
            "round": 5,
            "teamId": "2"
        }
    },
    "6": {
        "1": {
            "pickOverall": 51,
            "pickRound": 1,
            "playerId": "2558149",
            "playerName": "JuJu Smith-Schuster",
            "playerPosition": "WR",
            "round": 6,
            "teamId": "2"
        },
        "2": {
            "pickOverall": 52,
            "pickRound": 2,
            "playerId": "2495700",
            "playerName": "Greg Olsen",
            "playerPosition": "TE",
            "round": 6,
            "teamId": "6"
        },
        "3": {
            "pickOverall": 53,
            "pickRound": 3,
            "playerId": "100020",
            "playerName": "Minnesota Vikings",
            "playerPosition": "DEF",
            "round": 6,
            "teamId": "3"
        },
        "4": {
            "pickOverall": 54,
            "pickRound": 4,
            "playerId": "2543509",
            "playerName": "Allen Robinson",
            "playerPosition": "WR",
            "round": 6,
            "teamId": "9"
        },
        "5": {
            "pickOverall": 55,
            "pickRound": 5,
            "playerId": "2552582",
            "playerName": "Jay Ajayi",
            "playerPosition": "RB",
            "round": 6,
            "teamId": "7"
        },
        "6": {
            "pickOverall": 56,
            "pickRound": 6,
            "playerId": "2495469",
            "playerName": "Dion Lewis",
            "playerPosition": "RB",
            "round": 6,
            "teamId": "5"
        },
        "7": {
            "pickOverall": 57,
            "pickRound": 7,
            "playerId": "2543463",
            "playerName": "Khalil Mack",
            "playerPosition": "LB",
            "round": 6,
            "teamId": "8"
        },
        "8": {
            "pickOverall": 58,
            "pickRound": 8,
            "playerId": "497326",
            "playerName": "Golden Tate",
            "playerPosition": "WR",
            "round": 6,
            "teamId": "10"
        },
        "9": {
            "pickOverall": 59,
            "pickRound": 9,
            "playerId": "2537931",
            "playerName": "Josh Gordon",
            "playerPosition": "WR",
            "round": 6,
            "teamId": "4"
        },
        "10": {
            "pickOverall": 60,
            "pickRound": 10,
            "playerId": "310",
            "playerName": "Matt Ryan",
            "playerPosition": "QB",
            "round": 6,
            "teamId": "1"
        }
    },
    "7": {
        "1": {
            "pickOverall": 61,
            "pickRound": 1,
            "playerId": "2552453",
            "playerName": "Tevin Coleman",
            "playerPosition": "RB",
            "round": 7,
            "teamId": "1"
        },
        "2": {
            "pickOverall": 62,
            "pickRound": 2,
            "playerId": "2495466",
            "playerName": "Mark Ingram",
            "playerPosition": "RB",
            "round": 7,
            "teamId": "4"
        },
        "3": {
            "pickOverall": 63,
            "pickRound": 3,
            "playerId": "2557858",
            "playerName": "Evan Engram",
            "playerPosition": "TE",
            "round": 7,
            "teamId": "10"
        },
        "4": {
            "pickOverall": 64,
            "pickRound": 4,
            "playerId": "100017",
            "playerName": "Los Angeles Rams",
            "playerPosition": "DEF",
            "round": 7,
            "teamId": "8"
        },
        "5": {
            "pickOverall": 65,
            "pickRound": 5,
            "playerId": "2495455",
            "playerName": "Cam Newton",
            "playerPosition": "QB",
            "round": 7,
            "teamId": "5"
        },
        "6": {
            "pickOverall": 66,
            "pickRound": 6,
            "playerId": "2543743",
            "playerName": "Carlos Hyde",
            "playerPosition": "RB",
            "round": 7,
            "teamId": "7"
        },
        "7": {
            "pickOverall": 67,
            "pickRound": 7,
            "playerId": "2543488",
            "playerName": "Jarvis Landry",
            "playerPosition": "WR",
            "round": 7,
            "teamId": "9"
        },
        "8": {
            "pickOverall": 68,
            "pickRound": 8,
            "playerId": "2552487",
            "playerName": "Amari Cooper",
            "playerPosition": "WR",
            "round": 7,
            "teamId": "3"
        },
        "9": {
            "pickOverall": 69,
            "pickRound": 9,
            "playerId": "100025",
            "playerName": "Philadelphia Eagles",
            "playerPosition": "DEF",
            "round": 7,
            "teamId": "6"
        },
        "10": {
            "pickOverall": 70,
            "pickRound": 10,
            "playerId": "2543498",
            "playerName": "Brandin Cooks",
            "playerPosition": "WR",
            "round": 7,
            "teamId": "2"
        }
    },
    "8": {
        "1": {
            "pickOverall": 71,
            "pickRound": 1,
            "playerId": "100013",
            "playerName": "Houston Texans",
            "playerPosition": "DEF",
            "round": 8,
            "teamId": "2"
        },
        "2": {
            "pickOverall": 72,
            "pickRound": 2,
            "playerId": "2536340",
            "playerName": "Justin Tucker",
            "playerPosition": "K",
            "round": 8,
            "teamId": "6"
        },
        "3": {
            "pickOverall": 73,
            "pickRound": 3,
            "playerId": "2539265",
            "playerName": "Rex Burkhead",
            "playerPosition": "RB",
            "round": 8,
            "teamId": "3"
        },
        "4": {
            "pickOverall": 74,
            "pickRound": 4,
            "playerId": "2543485",
            "playerName": "Aaron Donald",
            "playerPosition": "DL",
            "round": 8,
            "teamId": "9"
        },
        "5": {
            "pickOverall": 75,
            "pickRound": 5,
            "playerId": "2530515",
            "playerName": "Chris Hogan",
            "playerPosition": "WR",
            "round": 8,
            "teamId": "7"
        },
        "6": {
            "pickOverall": 76,
            "pickRound": 6,
            "playerId": "2495448",
            "playerName": "Randall Cobb",
            "playerPosition": "WR",
            "round": 8,
            "teamId": "5"
        },
        "7": {
            "pickOverall": 77,
            "pickRound": 7,
            "playerId": "2533039",
            "playerName": "Alshon Jeffery",
            "playerPosition": "WR",
            "round": 8,
            "teamId": "8"
        },
        "8": {
            "pickOverall": 78,
            "pickRound": 8,
            "playerId": "497322",
            "playerName": "Emmanuel Sanders",
            "playerPosition": "WR",
            "round": 8,
            "teamId": "10"
        },
        "9": {
            "pickOverall": 79,
            "pickRound": 9,
            "playerId": "2558204",
            "playerName": "Jamaal Williams",
            "playerPosition": "RB",
            "round": 8,
            "teamId": "4"
        },
        "10": {
            "pickOverall": 80,
            "pickRound": 10,
            "playerId": "2533031",
            "playerName": "Andrew Luck",
            "playerPosition": "QB",
            "round": 8,
            "teamId": "1"
        }
    },
    "9": {
        "1": {
            "pickOverall": 81,
            "pickRound": 1,
            "playerId": "2539964",
            "playerName": "Marquise Goodwin",
            "playerPosition": "WR",
            "round": 9,
            "teamId": "1"
        },
        "2": {
            "pickOverall": 82,
            "pickRound": 2,
            "playerId": "2540169",
            "playerName": "Robert Woods",
            "playerPosition": "WR",
            "round": 9,
            "teamId": "4"
        },
        "3": {
            "pickOverall": 83,
            "pickRound": 3,
            "playerId": "100009",
            "playerName": "Denver Broncos",
            "playerPosition": "DEF",
            "round": 9,
            "teamId": "10"
        },
        "4": {
            "pickOverall": 84,
            "pickRound": 4,
            "playerId": "1032",
            "playerName": "Jordy Nelson",
            "playerPosition": "WR",
            "round": 9,
            "teamId": "8"
        },
        "5": {
            "pickOverall": 85,
            "pickRound": 5,
            "playerId": "2495488",
            "playerName": "J.J. Watt",
            "playerPosition": "DL",
            "round": 9,
            "teamId": "5"
        },
        "6": {
            "pickOverall": 86,
            "pickRound": 6,
            "playerId": "2495438",
            "playerName": "Kyle Rudolph",
            "playerPosition": "TE",
            "round": 9,
            "teamId": "7"
        },
        "7": {
            "pickOverall": 87,
            "pickRound": 7,
            "playerId": "2495966",
            "playerName": "Delanie Walker",
            "playerPosition": "TE",
            "round": 9,
            "teamId": "9"
        },
        "8": {
            "pickOverall": 88,
            "pickRound": 8,
            "playerId": "2550284",
            "playerName": "Trey Burton",
            "playerPosition": "TE",
            "round": 9,
            "teamId": "3"
        },
        "9": {
            "pickOverall": 89,
            "pickRound": 9,
            "playerId": "2552633",
            "playerName": "Jesse James",
            "playerPosition": "TE",
            "round": 9,
            "teamId": "6"
        },
        "10": {
            "pickOverall": 90,
            "pickRound": 10,
            "playerId": "2543464",
            "playerName": "C.J. Mosley",
            "playerPosition": "LB",
            "round": 9,
            "teamId": "2"
        }
    },
    "10": {
        "1": {
            "pickOverall": 91,
            "pickRound": 1,
            "playerId": "2556466",
            "playerName": "Peyton Barber",
            "playerPosition": "RB",
            "round": 10,
            "teamId": "2"
        },
        "2": {
            "pickOverall": 92,
            "pickRound": 2,
            "playerId": "2495184",
            "playerName": "Cameron Jordan",
            "playerPosition": "DL",
            "round": 10,
            "teamId": "6"
        },
        "3": {
            "pickOverall": 93,
            "pickRound": 3,
            "playerId": "2506922",
            "playerName": "Stephen Gostkowski",
            "playerPosition": "K",
            "round": 10,
            "teamId": "3"
        },
        "4": {
            "pickOverall": 94,
            "pickRound": 4,
            "playerId": "2533056",
            "playerName": "Luke Kuechly",
            "playerPosition": "LB",
            "round": 10,
            "teamId": "9"
        },
        "5": {
            "pickOverall": 95,
            "pickRound": 5,
            "playerId": "2560765",
            "playerName": "Kerryon Johnson",
            "playerPosition": "RB",
            "round": 10,
            "teamId": "7"
        },
        "6": {
            "pickOverall": 96,
            "pickRound": 6,
            "playerId": "2532966",
            "playerName": "Bobby Wagner",
            "playerPosition": "LB",
            "round": 10,
            "teamId": "5"
        },
        "7": {
            "pickOverall": 97,
            "pickRound": 7,
            "playerId": "2506340",
            "playerName": "Alex Smith",
            "playerPosition": "QB",
            "round": 10,
            "teamId": "8"
        },
        "8": {
            "pickOverall": 98,
            "pickRound": 8,
            "playerId": "2550545",
            "playerName": "Chris Boswell",
            "playerPosition": "K",
            "round": 10,
            "teamId": "10"
        },
        "9": {
            "pickOverall": 99,
            "pickRound": 9,
            "playerId": "2540160",
            "playerName": "Jordan Reed",
            "playerPosition": "TE",
            "round": 10,
            "teamId": "4"
        },
        "10": {
            "pickOverall": 100,
            "pickRound": 10,
            "playerId": "2540011",
            "playerName": "Chris Thompson",
            "playerPosition": "RB",
            "round": 10,
            "teamId": "1"
        }
    },
    "11": {
        "1": {
            "pickOverall": 101,
            "pickRound": 1,
            "playerId": "2555249",
            "playerName": "Joey Bosa",
            "playerPosition": "DL",
            "round": 11,
            "teamId": "1"
        },
        "2": {
            "pickOverall": 102,
            "pickRound": 2,
            "playerId": "2532820",
            "playerName": "Kirk Cousins",
            "playerPosition": "QB",
            "round": 11,
            "teamId": "4"
        },
        "3": {
            "pickOverall": 103,
            "pickRound": 3,
            "playerId": "2543459",
            "playerName": "Anthony Barr",
            "playerPosition": "LB",
            "round": 11,
            "teamId": "10"
        },
        "4": {
            "pickOverall": 104,
            "pickRound": 4,
            "playerId": "2533051",
            "playerName": "Fletcher Cox",
            "playerPosition": "DL",
            "round": 11,
            "teamId": "8"
        },
        "5": {
            "pickOverall": 105,
            "pickRound": 5,
            "playerId": "100028",
            "playerName": "Los Angeles Chargers",
            "playerPosition": "DEF",
            "round": 11,
            "teamId": "5"
        },
        "6": {
            "pickOverall": 106,
            "pickRound": 6,
            "playerId": "79860",
            "playerName": "Matthew Stafford",
            "playerPosition": "QB",
            "round": 11,
            "teamId": "7"
        },
        "7": {
            "pickOverall": 107,
            "pickRound": 7,
            "playerId": "79848",
            "playerName": "Malcolm Jenkins",
            "playerPosition": "DB",
            "round": 11,
            "teamId": "9"
        },
        "8": {
            "pickOverall": 108,
            "pickRound": 8,
            "playerId": "744",
            "playerName": "Calais Campbell",
            "playerPosition": "DL",
            "round": 11,
            "teamId": "3"
        },
        "9": {
            "pickOverall": 109,
            "pickRound": 9,
            "playerId": "2495202",
            "playerName": "Von Miller",
            "playerPosition": "LB",
            "round": 11,
            "teamId": "6"
        },
        "10": {
            "pickOverall": 110,
            "pickRound": 10,
            "playerId": "2543490",
            "playerName": "Demarcus Lawrence",
            "playerPosition": "DL",
            "round": 11,
            "teamId": "2"
        }
    },
    "12": {
        "1": {
            "pickOverall": 111,
            "pickRound": 1,
            "playerId": "2506109",
            "playerName": "Ben Roethlisberger",
            "playerPosition": "QB",
            "round": 12,
            "teamId": "2"
        },
        "2": {
            "pickOverall": 112,
            "pickRound": 2,
            "playerId": "2555280",
            "playerName": "Jalen Ramsey",
            "playerPosition": "DB",
            "round": 12,
            "teamId": "6"
        },
        "3": {
            "pickOverall": 113,
            "pickRound": 3,
            "playerId": "2543711",
            "playerName": "Telvin Smith",
            "playerPosition": "LB",
            "round": 12,
            "teamId": "3"
        },
        "4": {
            "pickOverall": 114,
            "pickRound": 4,
            "playerId": "238498",
            "playerName": "Julian Edelman",
            "playerPosition": "WR",
            "round": 12,
            "teamId": "9"
        },
        "5": {
            "pickOverall": 115,
            "pickRound": 5,
            "playerId": "71269",
            "playerName": "Michael Crabtree",
            "playerPosition": "WR",
            "round": 12,
            "teamId": "7"
        },
        "6": {
            "pickOverall": 116,
            "pickRound": 6,
            "playerId": "2557898",
            "playerName": "Cooper Kupp",
            "playerPosition": "WR",
            "round": 12,
            "teamId": "5"
        },
        "7": {
            "pickOverall": 117,
            "pickRound": 7,
            "playerId": "2552488",
            "playerName": "Marcus Peters",
            "playerPosition": "DB",
            "round": 12,
            "teamId": "8"
        },
        "8": {
            "pickOverall": 118,
            "pickRound": 8,
            "playerId": "2649",
            "playerName": "Danny Amendola",
            "playerPosition": "WR",
            "round": 12,
            "teamId": "10"
        },
        "9": {
            "pickOverall": 119,
            "pickRound": 9,
            "playerId": "2561020",
            "playerName": "Bradley Chubb",
            "playerPosition": "LB",
            "round": 12,
            "teamId": "4"
        },
        "10": {
            "pickOverall": 120,
            "pickRound": 10,
            "playerId": "2555161",
            "playerName": "Blake Martinez",
            "playerPosition": "LB",
            "round": 12,
            "teamId": "1"
        }
    },
    "13": {
        "1": {
            "pickOverall": 121,
            "pickRound": 1,
            "playerId": "2556462",
            "playerName": "Robby Anderson",
            "playerPosition": "WR",
            "round": 13,
            "teamId": "1"
        },
        "2": {
            "pickOverall": 122,
            "pickRound": 2,
            "playerId": "2558123",
            "playerName": "Marlon Mack",
            "playerPosition": "RB",
            "round": 13,
            "teamId": "4"
        },
        "3": {
            "pickOverall": 123,
            "pickRound": 3,
            "playerId": "2550189",
            "playerName": "Isaiah Crowell",
            "playerPosition": "RB",
            "round": 13,
            "teamId": "10"
        },
        "4": {
            "pickOverall": 124,
            "pickRound": 4,
            "playerId": "100005",
            "playerName": "Chicago Bears",
            "playerPosition": "DEF",
            "round": 13,
            "teamId": "8"
        },
        "5": {
            "pickOverall": 125,
            "pickRound": 5,
            "playerId": "2558865",
            "playerName": "Chris Carson",
            "playerPosition": "RB",
            "round": 13,
            "teamId": "5"
        },
        "6": {
            "pickOverall": 126,
            "pickRound": 6,
            "playerId": "2534797",
            "playerName": "Greg Zuerlein",
            "playerPosition": "K",
            "round": 13,
            "teamId": "7"
        },
        "7": {
            "pickOverall": 127,
            "pickRound": 7,
            "playerId": "2558245",
            "playerName": "Harrison Butker",
            "playerPosition": "K",
            "round": 13,
            "teamId": "9"
        },
        "8": {
            "pickOverall": 128,
            "pickRound": 8,
            "playerId": "496739",
            "playerName": "Reshad Jones",
            "playerPosition": "DB",
            "round": 13,
            "teamId": "3"
        },
        "9": {
            "pickOverall": 129,
            "pickRound": 9,
            "playerId": "2543773",
            "playerName": "James White",
            "playerPosition": "RB",
            "round": 13,
            "teamId": "6"
        },
        "10": {
            "pickOverall": 130,
            "pickRound": 10,
            "playerId": "100002",
            "playerName": "Baltimore Ravens",
            "playerPosition": "DEF",
            "round": 13,
            "teamId": "2"
        }
    },
    "14": {
        "1": {
            "pickOverall": 131,
            "pickRound": 1,
            "playerId": "2552689",
            "playerName": "Ronald Darby",
            "playerPosition": "DB",
            "round": 14,
            "teamId": "2"
        },
        "2": {
            "pickOverall": 132,
            "pickRound": 2,
            "playerId": "2552600",
            "playerName": "Nelson Agholor",
            "playerPosition": "WR",
            "round": 14,
            "teamId": "6"
        },
        "3": {
            "pickOverall": 133,
            "pickRound": 3,
            "playerId": "2557848",
            "playerName": "Corey Davis",
            "playerPosition": "WR",
            "round": 14,
            "teamId": "3"
        },
        "4": {
            "pickOverall": 134,
            "pickRound": 4,
            "playerId": "2558250",
            "playerName": "Tarik Cohen",
            "playerPosition": "RB",
            "round": 14,
            "teamId": "9"
        },
        "5": {
            "pickOverall": 135,
            "pickRound": 5,
            "playerId": "2533457",
            "playerName": "Alfred Morris",
            "playerPosition": "RB",
            "round": 14,
            "teamId": "7"
        },
        "6": {
            "pickOverall": 136,
            "pickRound": 6,
            "playerId": "2532948",
            "playerName": "Harrison Smith",
            "playerPosition": "DB",
            "round": 14,
            "teamId": "5"
        },
        "7": {
            "pickOverall": 137,
            "pickRound": 7,
            "playerId": "2560760",
            "playerName": "Derwin James",
            "playerPosition": "DB",
            "round": 14,
            "teamId": "8"
        },
        "8": {
            "pickOverall": 138,
            "pickRound": 8,
            "playerId": "496780",
            "playerName": "Carlos Dunlap",
            "playerPosition": "DL",
            "round": 14,
            "teamId": "10"
        },
        "9": {
            "pickOverall": 139,
            "pickRound": 9,
            "playerId": "2346",
            "playerName": "Pierre Garcon",
            "playerPosition": "WR",
            "round": 14,
            "teamId": "4"
        },
        "10": {
            "pickOverall": 140,
            "pickRound": 10,
            "playerId": "2555158",
            "playerName": "Kevin Byard",
            "playerPosition": "DB",
            "round": 14,
            "teamId": "1"
        }
    },
    "15": {
        "1": {
            "pickOverall": 141,
            "pickRound": 1,
            "playerId": "2543466",
            "playerName": "Eric Ebron",
            "playerPosition": "TE",
            "round": 15,
            "teamId": "1"
        },
        "2": {
            "pickOverall": 142,
            "pickRound": 2,
            "playerId": "2552461",
            "playerName": "Duke Johnson",
            "playerPosition": "RB",
            "round": 15,
            "teamId": "4"
        },
        "3": {
            "pickOverall": 143,
            "pickRound": 3,
            "playerId": "2540232",
            "playerName": "Jack Doyle",
            "playerPosition": "TE",
            "round": 15,
            "teamId": "10"
        },
        "4": {
            "pickOverall": 144,
            "pickRound": 4,
            "playerId": "2543720",
            "playerName": "Christian Kirksey",
            "playerPosition": "LB",
            "round": 15,
            "teamId": "8"
        },
        "5": {
            "pickOverall": 145,
            "pickRound": 5,
            "playerId": "2552458",
            "playerName": "Devin Funchess",
            "playerPosition": "WR",
            "round": 15,
            "teamId": "5"
        },
        "6": {
            "pickOverall": 146,
            "pickRound": 6,
            "playerId": "2543801",
            "playerName": "Jimmy Garoppolo",
            "playerPosition": "QB",
            "round": 15,
            "teamId": "7"
        },
        "7": {
            "pickOverall": 147,
            "pickRound": 7,
            "playerId": "2506121",
            "playerName": "Philip Rivers",
            "playerPosition": "QB",
            "round": 15,
            "teamId": "9"
        },
        "8": {
            "pickOverall": 148,
            "pickRound": 8,
            "playerId": "2558125",
            "playerName": "Patrick Mahomes",
            "playerPosition": "QB",
            "round": 15,
            "teamId": "3"
        },
        "9": {
            "pickOverall": 149,
            "pickRound": 9,
            "playerId": "2555334",
            "playerName": "Jared Goff",
            "playerPosition": "QB",
            "round": 15,
            "teamId": "6"
        },
        "10": {
            "pickOverall": 150,
            "pickRound": 10,
            "playerId": "2495328",
            "playerName": "Bilal Powell",
            "playerPosition": "RB",
            "round": 15,
            "teamId": "2"
        }
    },
    "16": {
        "1": {
            "pickOverall": 151,
            "pickRound": 1,
            "playerId": "2558266",
            "playerName": "George Kittle",
            "playerPosition": "TE",
            "round": 16,
            "teamId": "2"
        },
        "2": {
            "pickOverall": 152,
            "pickRound": 2,
            "playerId": "2495826",
            "playerName": "Vernon Davis",
            "playerPosition": "TE",
            "round": 16,
            "teamId": "6"
        },
        "3": {
            "pickOverall": 153,
            "pickRound": 3,
            "playerId": "2557986",
            "playerName": "David Njoku",
            "playerPosition": "TE",
            "round": 16,
            "teamId": "3"
        },
        "4": {
            "pickOverall": 154,
            "pickRound": 4,
            "playerId": "2540148",
            "playerName": "Tyler Eifert",
            "playerPosition": "TE",
            "round": 16,
            "teamId": "9"
        },
        "5": {
            "pickOverall": 155,
            "pickRound": 5,
            "playerId": "2560835",
            "playerName": "Rashaad Penny",
            "playerPosition": "RB",
            "round": 16,
            "teamId": "7"
        },
        "6": {
            "pickOverall": 156,
            "pickRound": 6,
            "playerId": "2555260",
            "playerName": "Dak Prescott",
            "playerPosition": "QB",
            "round": 16,
            "teamId": "5"
        },
        "7": {
            "pickOverall": 157,
            "pickRound": 7,
            "playerId": "2557856",
            "playerName": "O.J. Howard",
            "playerPosition": "TE",
            "round": 16,
            "teamId": "8"
        },
        "8": {
            "pickOverall": 158,
            "pickRound": 8,
            "playerId": "2543465",
            "playerName": "Teddy Bridgewater",
            "playerPosition": "QB",
            "round": 16,
            "teamId": "10"
        },
        "9": {
            "pickOverall": 159,
            "pickRound": 9,
            "playerId": "100021",
            "playerName": "New England Patriots",
            "playerPosition": "DEF",
            "round": 16,
            "teamId": "4"
        },
        "10": {
            "pickOverall": 160,
            "pickRound": 10,
            "playerId": "2503471",
            "playerName": "Adam Vinatieri",
            "playerPosition": "K",
            "round": 16,
            "teamId": "1"
        }
    },
    "17": {
        "1": {
            "pickOverall": 161,
            "pickRound": 1,
            "playerId": "100022",
            "playerName": "New Orleans Saints",
            "playerPosition": "DEF",
            "round": 17,
            "teamId": "1"
        },
        "2": {
            "pickOverall": 162,
            "pickRound": 2,
            "playerId": "2504797",
            "playerName": "Matt Bryant",
            "playerPosition": "K",
            "round": 17,
            "teamId": "4"
        },
        "3": {
            "pickOverall": 163,
            "pickRound": 3,
            "playerId": "2506789",
            "playerName": "Tramon Williams",
            "playerPosition": "DB",
            "round": 17,
            "teamId": "10"
        },
        "4": {
            "pickOverall": 164,
            "pickRound": 4,
            "playerId": "2558172",
            "playerName": "Jake Elliott",
            "playerPosition": "K",
            "round": 17,
            "teamId": "8"
        },
        "5": {
            "pickOverall": 165,
            "pickRound": 5,
            "playerId": "2550656",
            "playerName": "Cameron Brate",
            "playerPosition": "TE",
            "round": 17,
            "teamId": "5"
        },
        "6": {
            "pickOverall": 166,
            "pickRound": 6,
            "playerId": "100027",
            "playerName": "Pittsburgh Steelers",
            "playerPosition": "DEF",
            "round": 17,
            "teamId": "7"
        },
        "7": {
            "pickOverall": 167,
            "pickRound": 7,
            "playerId": "2552409",
            "playerName": "DeVante Parker",
            "playerPosition": "WR",
            "round": 17,
            "teamId": "9"
        },
        "8": {
            "pickOverall": 168,
            "pickRound": 8,
            "playerId": "2555162",
            "playerName": "Deion Jones",
            "playerPosition": "LB",
            "round": 17,
            "teamId": "3"
        },
        "9": {
            "pickOverall": 169,
            "pickRound": 9,
            "playerId": "2550353",
            "playerName": "Allen Hurns",
            "playerPosition": "WR",
            "round": 17,
            "teamId": "6"
        },
        "10": {
            "pickOverall": 170,
            "pickRound": 10,
            "playerId": "2507166",
            "playerName": "Ted Ginn",
            "playerPosition": "WR",
            "round": 17,
            "teamId": "2"
        }
    },
    "18": {
        "1": {
            "pickOverall": 171,
            "pickRound": 1,
            "playerId": "2507232",
            "playerName": "Mason Crosby",
            "playerPosition": "K",
            "round": 18,
            "teamId": "2"
        },
        "2": {
            "pickOverall": 172,
            "pickRound": 2,
            "playerId": "2555295",
            "playerName": "Sterling Shepard",
            "playerPosition": "WR",
            "round": 18,
            "teamId": "6"
        },
        "3": {
            "pickOverall": 173,
            "pickRound": 3,
            "playerId": "100004",
            "playerName": "Carolina Panthers",
            "playerPosition": "DEF",
            "round": 18,
            "teamId": "3"
        },
        "4": {
            "pickOverall": 174,
            "pickRound": 4,
            "playerId": "100026",
            "playerName": "Arizona Cardinals",
            "playerPosition": "DEF",
            "round": 18,
            "teamId": "9"
        },
        "5": {
            "pickOverall": 175,
            "pickRound": 5,
            "playerId": "2506122",
            "playerName": "Benjamin Watson",
            "playerPosition": "TE",
            "round": 18,
            "teamId": "7"
        },
        "6": {
            "pickOverall": 176,
            "pickRound": 6,
            "playerId": "2556601",
            "playerName": "Wil Lutz",
            "playerPosition": "K",
            "round": 18,
            "teamId": "5"
        },
        "7": {
            "pickOverall": 177,
            "pickRound": 7,
            "playerId": "2552415",
            "playerName": "Jamison Crowder",
            "playerPosition": "WR",
            "round": 18,
            "teamId": "8"
        },
        "8": {
            "pickOverall": 178,
            "pickRound": 8,
            "playerId": "2555346",
            "playerName": "Will Fuller",
            "playerPosition": "WR",
            "round": 18,
            "teamId": "10"
        },
        "9": {
            "pickOverall": 179,
            "pickRound": 9,
            "playerId": "2532804",
            "playerName": "Zach Brown",
            "playerPosition": "LB",
            "round": 18,
            "teamId": "4"
        },
        "10": {
            "pickOverall": 180,
            "pickRound": 10,
            "playerId": "2533040",
            "playerName": "Mohamed Sanu",
            "playerPosition": "WR",
            "round": 18,
            "teamId": "1"
        }
    },
    "19": {
        "1": {
            "pickOverall": 181,
            "pickRound": 1,
            "playerId": "2506404",
            "playerName": "Frank Gore",
            "playerPosition": "RB",
            "round": 19,
            "teamId": "1"
        },
        "2": {
            "pickOverall": 182,
            "pickRound": 2,
            "playerId": "2543471",
            "playerName": "Kelvin Benjamin",
            "playerPosition": "WR",
            "round": 19,
            "teamId": "4"
        },
        "3": {
            "pickOverall": 183,
            "pickRound": 3,
            "playerId": "2540269",
            "playerName": "C.J. Anderson",
            "playerPosition": "RB",
            "round": 19,
            "teamId": "10"
        },
        "4": {
            "pickOverall": 184,
            "pickRound": 4,
            "playerId": "496861",
            "playerName": "Ndamukong Suh",
            "playerPosition": "DL",
            "round": 19,
            "teamId": "8"
        },
        "5": {
            "pickOverall": 185,
            "pickRound": 5,
            "playerId": "2541161",
            "playerName": "Latavius Murray",
            "playerPosition": "RB",
            "round": 19,
            "teamId": "5"
        },
        "6": {
            "pickOverall": 186,
            "pickRound": 6,
            "playerId": "496937",
            "playerName": "Sean Lee",
            "playerPosition": "LB",
            "round": 19,
            "teamId": "7"
        },
        "7": {
            "pickOverall": 187,
            "pickRound": 7,
            "playerId": "2539931",
            "playerName": "Ezekiel Ansah",
            "playerPosition": "DL",
            "round": 19,
            "teamId": "9"
        },
        "8": {
            "pickOverall": 188,
            "pickRound": 8,
            "playerId": "2558918",
            "playerName": "Matt Breida",
            "playerPosition": "RB",
            "round": 19,
            "teamId": "3"
        },
        "9": {
            "pickOverall": 189,
            "pickRound": 9,
            "playerId": "2540156",
            "playerName": "Giovani Bernard",
            "playerPosition": "RB",
            "round": 19,
            "teamId": "6"
        },
        "10": {
            "pickOverall": 190,
            "pickRound": 10,
            "playerId": "2533008",
            "playerName": "Demario Davis",
            "playerPosition": "LB",
            "round": 19,
            "teamId": "2"
        }
    },
    "20": {
        "1": {
            "pickOverall": 191,
            "pickRound": 1,
            "playerId": "2532870",
            "playerName": "Melvin Ingram",
            "playerPosition": "DL",
            "round": 20,
            "teamId": "2"
        },
        "2": {
            "pickOverall": 192,
            "pickRound": 2,
            "playerId": "497149",
            "playerName": "LeGarrette Blount",
            "playerPosition": "RB",
            "round": 20,
            "teamId": "6"
        },
        "3": {
            "pickOverall": 193,
            "pickRound": 3,
            "playerId": "2543457",
            "playerName": "Sammy Watkins",
            "playerPosition": "WR",
            "round": 20,
            "teamId": "3"
        },
        "4": {
            "pickOverall": 194,
            "pickRound": 4,
            "playerId": "2555223",
            "playerName": "Devontae Booker",
            "playerPosition": "RB",
            "round": 20,
            "teamId": "9"
        },
        "5": {
            "pickOverall": 195,
            "pickRound": 5,
            "playerId": "496790",
            "playerName": "Everson Griffen",
            "playerPosition": "DL",
            "round": 20,
            "teamId": "7"
        },
        "6": {
            "pickOverall": 196,
            "pickRound": 6,
            "playerId": "2560770",
            "playerName": "Ronald Jones",
            "playerPosition": "RB",
            "round": 20,
            "teamId": "5"
        },
        "7": {
            "pickOverall": 197,
            "pickRound": 7,
            "playerId": "2507164",
            "playerName": "Adrian Peterson",
            "playerPosition": "RB",
            "round": 20,
            "teamId": "8"
        },
        "8": {
            "pickOverall": 198,
            "pickRound": 8,
            "playerId": "2506677",
            "playerName": "Matt Prater",
            "playerPosition": "K",
            "round": 20,
            "teamId": "10"
        },
        "9": {
            "pickOverall": 199,
            "pickRound": 9,
            "playerId": "2552454",
            "playerName": "Landon Collins",
            "playerPosition": "DB",
            "round": 20,
            "teamId": "4"
        },
        "10": {
            "pickOverall": 200,
            "pickRound": 10,
            "playerId": "2552631",
            "playerName": "Javorius Allen",
            "playerPosition": "RB",
            "round": 20,
            "teamId": "1"
        }
    },
    "21": {
        "1": {
            "pickOverall": 201,
            "pickRound": 1,
            "playerId": "2560854",
            "playerName": "Calvin Ridley",
            "playerPosition": "WR",
            "round": 21,
            "teamId": "1"
        },
        "2": {
            "pickOverall": 202,
            "pickRound": 2,
            "playerId": "71265",
            "playerName": "Jared Cook",
            "playerPosition": "TE",
            "round": 21,
            "teamId": "4"
        },
        "3": {
            "pickOverall": 203,
            "pickRound": 3,
            "playerId": "100010",
            "playerName": "Detroit Lions",
            "playerPosition": "DEF",
            "round": 21,
            "teamId": "10"
        },
        "4": {
            "pickOverall": 204,
            "pickRound": 4,
            "playerId": "2505996",
            "playerName": "Eli Manning",
            "playerPosition": "QB",
            "round": 21,
            "teamId": "8"
        },
        "5": {
            "pickOverall": 205,
            "pickRound": 5,
            "playerId": "1581",
            "playerName": "DeSean Jackson",
            "playerPosition": "WR",
            "round": 21,
            "teamId": "5"
        },
        "6": {
            "pickOverall": 206,
            "pickRound": 6,
            "playerId": "494287",
            "playerName": "Devin McCourty",
            "playerPosition": "DB",
            "round": 21,
            "teamId": "7"
        },
        "7": {
            "pickOverall": 207,
            "pickRound": 7,
            "playerId": "2533060",
            "playerName": "Dre Kirkpatrick",
            "playerPosition": "DB",
            "round": 21,
            "teamId": "9"
        },
        "8": {
            "pickOverall": 208,
            "pickRound": 8,
            "playerId": "2540202",
            "playerName": "Kenny Stills",
            "playerPosition": "WR",
            "round": 21,
            "teamId": "3"
        },
        "9": {
            "pickOverall": 209,
            "pickRound": 9,
            "playerId": "2532903",
            "playerName": "Rishard Matthews",
            "playerPosition": "WR",
            "round": 21,
            "teamId": "6"
        },
        "10": {
            "pickOverall": 210,
            "pickRound": 10,
            "playerId": "2553913",
            "playerName": "Tyrell Williams",
            "playerPosition": "WR",
            "round": 21,
            "teamId": "2"
        }
    }
}