[
    {
        "teamId": "4",
        "rank": "1",
        "record": "12-2-0",
        "pointsFor": 1917.88,
        "pointsAgainst": 1722.68
    },
    {
        "teamId": "7",
        "rank": "2",
        "record": "8-6-0",
        "pointsFor": 1743.62,
        "pointsAgainst": 1575.16
    },
    {
        "teamId": "5",
        "rank": "3",
        "record": "8-6-0",
        "pointsFor": 1782.32,
        "pointsAgainst": 1775.84
    },
    {
        "teamId": "8",
        "rank": "4",
        "record": "8-6-0",
        "pointsFor": 1891.16,
        "pointsAgainst": 1710.52
    },
    {
        "teamId": "9",
        "rank": "5",
        "record": "7-7-0",
        "pointsFor": 1672.82,
        "pointsAgainst": 1662.58
    },
    {
        "teamId": "3",
        "rank": "6",
        "record": "7-7-0",
        "pointsFor": 1743.9,
        "pointsAgainst": 1719.06
    },
    {
        "teamId": "1",
        "rank": "7",
        "record": "7-7-0",
        "pointsFor": 1669.58,
        "pointsAgainst": 1774.5
    },
    {
        "teamId": "6",
        "rank": "8",
        "record": "6-8-0",
        "pointsFor": 1707.34,
        "pointsAgainst": 1727.9
    },
    {
        "teamId": "10",
        "rank": "9",
        "record": "5-9-0",
        "pointsFor": 1502.38,
        "pointsAgainst": 1775.22
    },
    {
        "teamId": "2",
        "rank": "10",
        "record": "2-12-0",
        "pointsFor": 1491.38,
        "pointsAgainst": 1678.92
    }
]