{
    "week": 7,
    "teamWinner": {
        "teamId": "2",
        "points": 121.56,
        "standings": "3-4-0",
        "starters": [
            {
                "teamPosition": "QB",
                "playerPosition": "QB",
                "playerName": "D. Prescott",
                "playerId": "2555260",
                "points": 35.96
            },
            {
                "teamPosition": "RB",
                "playerPosition": "RB",
                "playerName": "D. Johnson",
                "playerId": "2552461",
                "points": 7.1
            },
            {
                "teamPosition": "RB",
                "playerPosition": "RB",
                "playerName": "T. Cohen",
                "playerId": "2558250",
                "points": 7.0
            },
            {
                "teamPosition": "WR",
                "playerPosition": "WR",
                "playerName": "C. Hogan",
                "playerId": "2530515",
                "points": 7.1
            },
            {
                "teamPosition": "WR",
                "playerPosition": "WR",
                "playerName": "B. Cooks",
                "playerId": "2543498",
                "points": 12.5
            },
            {
                "teamPosition": "TE",
                "playerPosition": "TE",
                "playerName": "J. Witten",
                "playerId": "2505629",
                "points": 11.4
            },
            {
                "teamPosition": "R/W/T",
                "playerPosition": "WR",
                "playerName": "N. Agholor",
                "playerId": "2552600",
                "points": 10.5
            },
            {
                "teamPosition": "K",
                "playerPosition": "K",
                "playerName": "D. Bailey",
                "playerId": "2495259",
                "points": 2.0
            },
            {
                "teamPosition": "DEF",
                "playerPosition": "DEF",
                "playerName": "Jaguars",
                "playerId": "100015",
                "points": 22.0
            },
            {
                "teamPosition": "LB",
                "playerPosition": "LB",
                "playerName": "C. Mosley",
                "playerId": "2543464",
                "points": 6.0
            }
        ],
        "bench": [
            {
                "teamPosition": "BN",
                "playerPosition": "RB",
                "playerName": "D. Murray",
                "playerId": "2495207",
                "points": 7.6
            },
            {
                "teamPosition": "BN",
                "playerPosition": "WR",
                "playerName": "T. Ginn",
                "playerId": "2507166",
                "points": 15.1
            },
            {
                "teamPosition": "BN",
                "playerPosition": "WR",
                "playerName": "M. Jones",
                "playerId": "2532884",
                "points": 0.0
            },
            {
                "teamPosition": "BN",
                "playerPosition": "TE",
                "playerName": "C. Brate",
                "playerId": "2550656",
                "points": 5.0
            },
            {
                "teamPosition": "BN",
                "playerPosition": "RB",
                "playerName": "J. Allen",
                "playerId": "2552631",
                "points": 5.9
            },
            {
                "teamPosition": "BN",
                "playerPosition": "K",
                "playerName": "G. Gano",
                "playerId": "71309",
                "points": 3.0
            },
            {
                "teamPosition": "BN",
                "playerPosition": "DEF",
                "playerName": "Bills",
                "playerId": "100003",
                "points": 13.0
            }
        ]
    },
    "teamLoser": {
        "teamId": "5",
        "points": 76.66,
        "standings": "3-4-0",
        "starters": [
            {
                "teamPosition": "QB",
                "playerPosition": "QB",
                "playerName": "E. Manning",
                "playerId": "2505996",
                "points": 7.36
            },
            {
                "teamPosition": "RB",
                "playerPosition": "RB",
                "playerName": "C. Anderson",
                "playerId": "2540269",
                "points": 6.1
            },
            {
                "teamPosition": "RB",
                "playerPosition": "RB",
                "playerName": "A. Kamara",
                "playerId": "2558019",
                "points": 10.7
            },
            {
                "teamPosition": "WR",
                "playerPosition": "WR",
                "playerName": "A. Green",
                "playerId": "2495450",
                "points": 4.1
            },
            {
                "teamPosition": "WR",
                "playerPosition": "WR",
                "playerName": "J. Jones",
                "playerId": "2495454",
                "points": 15.9
            },
            {
                "teamPosition": "TE",
                "playerPosition": "TE",
                "playerName": "C. Clay",
                "playerId": "2495139",
                "points": 0.0
            },
            {
                "teamPosition": "R/W/T",
                "playerPosition": "WR",
                "playerName": "K. Benjamin",
                "playerId": "2543471",
                "points": 6.5
            },
            {
                "teamPosition": "K",
                "playerPosition": "K",
                "playerName": "J. Elliott",
                "playerId": "2558172",
                "points": 13.0
            },
            {
                "teamPosition": "DEF",
                "playerPosition": "DEF",
                "playerName": "Vikings",
                "playerId": "100020",
                "points": 6.0
            },
            {
                "teamPosition": "LB",
                "playerPosition": "LB",
                "playerName": "T. Smith",
                "playerId": "2543711",
                "points": 7.0
            }
        ],
        "bench": [
            {
                "teamPosition": "BN",
                "playerPosition": "RB",
                "playerName": "M. Forte",
                "playerId": "234",
                "points": 8.2
            },
            {
                "teamPosition": "BN",
                "playerPosition": "RB",
                "playerName": "M. Lynch",
                "playerId": "2495663",
                "points": 0.9
            },
            {
                "teamPosition": "BN",
                "playerPosition": "RB",
                "playerName": "D. Martin",
                "playerId": "2532899",
                "points": 8.0
            },
            {
                "teamPosition": "BN",
                "playerPosition": "QB",
                "playerName": "A. Luck",
                "playerId": "2533031",
                "points": 0.0
            },
            {
                "teamPosition": "BN",
                "playerPosition": "WR",
                "playerName": "J. Brown",
                "playerId": "2543847",
                "points": 0.6
            },
            {
                "teamPosition": "BN",
                "playerPosition": "QB",
                "playerName": "D. Watson",
                "playerId": "2558063",
                "points": 0.0
            },
            {
                "teamPosition": "BN",
                "playerPosition": "DEF",
                "playerName": "Seahawks",
                "playerId": "100030",
                "points": 10.0
            }
        ]
    }
}