{
    "week": 6,
    "teamWinner": {
        "teamId": "5",
        "points": 105.1,
        "standings": "6-0-0",
        "starters": [
            {
                "teamPosition": "QB",
                "playerPosition": "QB",
                "playerName": "D. Watson",
                "playerId": "2558063",
                "points": 40.0
            },
            {
                "teamPosition": "RB",
                "playerPosition": "RB",
                "playerName": "A. Peterson",
                "playerId": "2507164",
                "points": 11.8
            },
            {
                "teamPosition": "RB",
                "playerPosition": "RB",
                "playerName": "A. Jones",
                "playerId": "2558116",
                "points": 10.1
            },
            {
                "teamPosition": "WR",
                "playerPosition": "WR",
                "playerName": "J. Crowder",
                "playerId": "2552415",
                "points": 4.8
            },
            {
                "teamPosition": "WR",
                "playerPosition": "WR",
                "playerName": "T. McLaurin",
                "playerId": "2562489",
                "points": 8.0
            },
            {
                "teamPosition": "TE",
                "playerPosition": "TE",
                "playerName": "Z. Ertz",
                "playerId": "2540158",
                "points": 3.9
            },
            {
                "teamPosition": "R/W/T",
                "playerPosition": "WR",
                "playerName": "C. Godwin",
                "playerId": "2558105",
                "points": 4.8
            },
            {
                "teamPosition": "K",
                "playerPosition": "K",
                "playerName": "J. Sanders",
                "playerId": "2561153",
                "points": 4.0
            },
            {
                "teamPosition": "DEF",
                "playerPosition": "DEF",
                "playerName": "Colts",
                "playerId": "100014",
                "points": 8.0
            },
            {
                "teamPosition": "DL",
                "playerPosition": "DL",
                "playerName": "A. Smith",
                "playerId": "2495487",
                "points": 2.5
            },
            {
                "teamPosition": "LB",
                "playerPosition": "LB",
                "playerName": "E. Kendricks",
                "playerId": "2552312",
                "points": 7.2
            },
            {
                "teamPosition": "DB",
                "playerPosition": "DB",
                "playerName": "M. Hilton",
                "playerId": "2556559",
                "points": 0.0
            }
        ],
        "bench": [
            {
                "teamPosition": "BN",
                "playerPosition": "QB",
                "playerName": "B. Roethlisberger",
                "playerId": "2506109",
                "points": 12.98
            },
            {
                "teamPosition": "BN",
                "playerPosition": "WR",
                "playerName": "B. Cooks",
                "playerId": "2543498",
                "points": 12.8
            },
            {
                "teamPosition": "BN",
                "playerPosition": "RB",
                "playerName": "D. Cook",
                "playerId": "2557991",
                "points": 0.0
            },
            {
                "teamPosition": "BN",
                "playerPosition": "TE",
                "playerName": "H. Hurst",
                "playerId": "2560747",
                "points": 11.7
            },
            {
                "teamPosition": "BN",
                "playerPosition": "WR",
                "playerName": "A. Lazard",
                "playerId": "2560787",
                "points": 0.0
            },
            {
                "teamPosition": "BN",
                "playerPosition": "QB",
                "playerName": "J. Allen",
                "playerId": "2560955",
                "points": 18.08
            },
            {
                "teamPosition": "BN",
                "playerPosition": "RB",
                "playerName": "G. Edwards",
                "playerId": "2561324",
                "points": 8.6
            },
            {
                "teamPosition": "BN",
                "playerPosition": "WR",
                "playerName": "D. Metcalf",
                "playerId": "2562685",
                "points": 0.0
            },
            {
                "teamPosition": "BN",
                "playerPosition": "DEF",
                "playerName": "Rams",
                "playerId": "100017",
                "points": 0.0
            }
        ]
    },
    "teamLoser": {
        "teamId": "9",
        "points": 103.14,
        "standings": "3-3-0",
        "starters": [
            {
                "teamPosition": "QB",
                "playerPosition": "QB",
                "playerName": "T. Brady",
                "playerId": "2504211",
                "points": 18.64
            },
            {
                "teamPosition": "RB",
                "playerPosition": "RB",
                "playerName": "D. Singletary",
                "playerId": "2562734",
                "points": 4.5
            },
            {
                "teamPosition": "RB",
                "playerPosition": "RB",
                "playerName": "A. Gibson",
                "playerId": "2565276",
                "points": 5.5
            },
            {
                "teamPosition": "WR",
                "playerPosition": "WR",
                "playerName": "A. Robinson",
                "playerId": "2543509",
                "points": 5.3
            },
            {
                "teamPosition": "WR",
                "playerPosition": "WR",
                "playerName": "T. Hill",
                "playerId": "2556214",
                "points": 2.5
            },
            {
                "teamPosition": "TE",
                "playerPosition": "TE",
                "playerName": "G. Kittle",
                "playerId": "2558266",
                "points": 16.9
            },
            {
                "teamPosition": "R/W/T",
                "playerPosition": "WR",
                "playerName": "S. Miller",
                "playerId": "2562865",
                "points": 0.6
            },
            {
                "teamPosition": "K",
                "playerPosition": "K",
                "playerName": "J. Tucker",
                "playerId": "2536340",
                "points": 13.0
            },
            {
                "teamPosition": "DEF",
                "playerPosition": "DEF",
                "playerName": "Buccaneers",
                "playerId": "100031",
                "points": 29.0
            },
            {
                "teamPosition": "DL",
                "playerPosition": "DL",
                "playerName": "A. Donald",
                "playerId": "2543485",
                "points": 0.9
            },
            {
                "teamPosition": "LB",
                "playerPosition": "LB",
                "playerName": "J. Smith",
                "playerId": "2555310",
                "points": 5.1
            },
            {
                "teamPosition": "DB",
                "playerPosition": "DB",
                "playerName": "H. Smith",
                "playerId": "2532948",
                "points": 1.2
            }
        ],
        "bench": [
            {
                "teamPosition": "BN",
                "playerPosition": "WR",
                "playerName": "L. Fitzgerald",
                "playerId": "2506106",
                "points": 2.2
            },
            {
                "teamPosition": "BN",
                "playerPosition": "RB",
                "playerName": "F. Gore",
                "playerId": "2506404",
                "points": 7.0
            },
            {
                "teamPosition": "BN",
                "playerPosition": "RB",
                "playerName": "R. Burkhead",
                "playerId": "2539265",
                "points": 1.4
            },
            {
                "teamPosition": "BN",
                "playerPosition": "RB",
                "playerName": "L. Bell",
                "playerId": "2540175",
                "points": 0.0
            },
            {
                "teamPosition": "BN",
                "playerPosition": "WR",
                "playerName": "J. Landry",
                "playerId": "2543488",
                "points": 4.0
            },
            {
                "teamPosition": "BN",
                "playerPosition": "RB",
                "playerName": "M. Brown",
                "playerId": "2552382",
                "points": 2.2
            },
            {
                "teamPosition": "BN",
                "playerPosition": "QB",
                "playerName": "C. Wentz",
                "playerId": "2555259",
                "points": 31.42
            },
            {
                "teamPosition": "BN",
                "playerPosition": "WR",
                "playerName": "M. Williams",
                "playerId": "2558846",
                "points": 0.0
            },
            {
                "teamPosition": "BN",
                "playerPosition": "TE",
                "playerName": "M. Gesicki",
                "playerId": "2560994",
                "points": 0.0
            }
        ]
    }
}