{
    "week": 6,
    "teamWinner": {
        "teamId": "4",
        "points": 139.74,
        "standings": "4-2-0",
        "starters": [
            {
                "teamPosition": "QB",
                "playerPosition": "QB",
                "playerName": "L. Jackson",
                "playerId": "2560757",
                "points": 30.24
            },
            {
                "teamPosition": "RB",
                "playerPosition": "RB",
                "playerName": "K. Hunt",
                "playerId": "2557917",
                "points": 5.7
            },
            {
                "teamPosition": "RB",
                "playerPosition": "RB",
                "playerName": "R. Jones",
                "playerId": "2560770",
                "points": 24.1
            },
            {
                "teamPosition": "WR",
                "playerPosition": "WR",
                "playerName": "A. Brown",
                "playerId": "2562238",
                "points": 17.8
            },
            {
                "teamPosition": "WR",
                "playerPosition": "WR",
                "playerName": "C. Lamb",
                "playerId": "2563848",
                "points": 7.4
            },
            {
                "teamPosition": "TE",
                "playerPosition": "TE",
                "playerName": "T. Kelce",
                "playerId": "2540258",
                "points": 14.5
            },
            {
                "teamPosition": "R/W/T",
                "playerPosition": "WR",
                "playerName": "C. Claypool",
                "playerId": "2564970",
                "points": 14.4
            },
            {
                "teamPosition": "K",
                "playerPosition": "K",
                "playerName": "R. Blankenship",
                "playerId": "2564106",
                "points": 7.0
            },
            {
                "teamPosition": "DEF",
                "playerPosition": "DEF",
                "playerName": "Chiefs",
                "playerId": "100016",
                "points": 5.0
            },
            {
                "teamPosition": "DL",
                "playerPosition": "DL",
                "playerName": "F. Clark",
                "playerId": "2552629",
                "points": 1.6
            },
            {
                "teamPosition": "LB",
                "playerPosition": "LB",
                "playerName": "A. Walker",
                "playerId": "2558851",
                "points": 4.2
            },
            {
                "teamPosition": "DB",
                "playerPosition": "DB",
                "playerName": "L. Ryan",
                "playerId": "2540162",
                "points": 7.8
            }
        ],
        "bench": [
            {
                "teamPosition": "BN",
                "playerPosition": "QB",
                "playerName": "P. Rivers",
                "playerId": "2506121",
                "points": 29.74
            },
            {
                "teamPosition": "BN",
                "playerPosition": "WR",
                "playerName": "M. Jones",
                "playerId": "2532884",
                "points": 0.8
            },
            {
                "teamPosition": "BN",
                "playerPosition": "RB",
                "playerName": "L. Murray",
                "playerId": "2541161",
                "points": 0.0
            },
            {
                "teamPosition": "BN",
                "playerPosition": "RB",
                "playerName": "J. McKinnon",
                "playerId": "2543715",
                "points": 2.8
            },
            {
                "teamPosition": "BN",
                "playerPosition": "TE",
                "playerName": "A. Hooper",
                "playerId": "2555415",
                "points": 5.2
            },
            {
                "teamPosition": "BN",
                "playerPosition": "RB",
                "playerName": "J. Richard",
                "playerId": "2556885",
                "points": 0.0
            },
            {
                "teamPosition": "BN",
                "playerPosition": "RB",
                "playerName": "C. McCaffrey",
                "playerId": "2557997",
                "points": 0.0
            },
            {
                "teamPosition": "BN",
                "playerPosition": "WR",
                "playerName": "M. Valdes-Scantling",
                "playerId": "2560907",
                "points": 3.5
            },
            {
                "teamPosition": "BN",
                "playerPosition": "WR",
                "playerName": "M. Hardman",
                "playerId": "2562580",
                "points": 0.0
            }
        ]
    },
    "teamLoser": {
        "teamId": "10",
        "points": 61.62,
        "standings": "2-4-0",
        "starters": [
            {
                "teamPosition": "QB",
                "playerPosition": "QB",
                "playerName": "J. Burrow",
                "playerId": "2563722",
                "points": 15.72
            },
            {
                "teamPosition": "RB",
                "playerPosition": "RB",
                "playerName": "J. White",
                "playerId": "2543773",
                "points": 7.3
            },
            {
                "teamPosition": "RB",
                "playerPosition": "RB",
                "playerName": "T. Gurley",
                "playerId": "2552475",
                "points": 6.7
            },
            {
                "teamPosition": "WR",
                "playerPosition": "WR",
                "playerName": "T. Boyd",
                "playerId": "2555466",
                "points": 6.9
            },
            {
                "teamPosition": "WR",
                "playerPosition": "WR",
                "playerName": "L. Shenault",
                "playerId": "2564232",
                "points": 1.1
            },
            {
                "teamPosition": "TE",
                "playerPosition": "TE",
                "playerName": "L. Thomas",
                "playerId": "2543767",
                "points": 10.2
            },
            {
                "teamPosition": "R/W/T",
                "playerPosition": "WR",
                "playerName": "O. Beckham",
                "playerId": "2543496",
                "points": 2.5
            },
            {
                "teamPosition": "K",
                "playerPosition": "K",
                "playerName": "S. Gostkowski",
                "playerId": "2506922",
                "points": 0.0
            },
            {
                "teamPosition": "DEF",
                "playerPosition": "DEF",
                "playerName": "Packers",
                "playerId": "100011",
                "points": -1.0
            },
            {
                "teamPosition": "DL",
                "playerPosition": "DL",
                "playerName": "A. Hicks",
                "playerId": "2533433",
                "points": 3.2
            },
            {
                "teamPosition": "LB",
                "playerPosition": "LB",
                "playerName": "D. Campbell",
                "playerId": "2555255",
                "points": 3.6
            },
            {
                "teamPosition": "DB",
                "playerPosition": "DB",
                "playerName": "J. Jones",
                "playerId": "2558119",
                "points": 5.4
            }
        ],
        "bench": [
            {
                "teamPosition": "BN",
                "playerPosition": "WR",
                "playerName": "E. Sanders",
                "playerId": "497322",
                "points": 0.0
            },
            {
                "teamPosition": "BN",
                "playerPosition": "QB",
                "playerName": "D. Carr",
                "playerId": "2543499",
                "points": 0.0
            },
            {
                "teamPosition": "BN",
                "playerPosition": "TE",
                "playerName": "H. Henry",
                "playerId": "2555341",
                "points": 0.0
            },
            {
                "teamPosition": "BN",
                "playerPosition": "RB",
                "playerName": "A. Kamara",
                "playerId": "2558019",
                "points": 0.0
            },
            {
                "teamPosition": "BN",
                "playerPosition": "RB",
                "playerName": "T. Pollard",
                "playerId": "2562699",
                "points": 4.0
            },
            {
                "teamPosition": "BN",
                "playerPosition": "WR",
                "playerName": "J. Smith",
                "playerId": "2562845",
                "points": 1.4
            },
            {
                "teamPosition": "BN",
                "playerPosition": "QB",
                "playerName": "J. Herbert",
                "playerId": "2565045",
                "points": 0.0
            },
            {
                "teamPosition": "BN",
                "playerPosition": "WR",
                "playerName": "B. Aiyuk",
                "playerId": "2565093",
                "points": 7.2
            },
            {
                "teamPosition": "BN",
                "playerPosition": "K",
                "playerName": "R. Bullock",
                "playerId": "2533444",
                "points": 9.0
            }
        ]
    }
}