{
    "week": 13,
    "teamWinner": {
        "teamId": "9",
        "points": 72.52,
        "standings": "8-5-0",
        "starters": [
            {
                "teamPosition": "QB",
                "playerPosition": "QB",
                "playerName": "C. Wentz",
                "playerId": "2555259",
                "points": 16.92
            },
            {
                "teamPosition": "RB",
                "playerPosition": "RB",
                "playerName": "L. Miller",
                "playerId": "2533034",
                "points": 9.4
            },
            {
                "teamPosition": "RB",
                "playerPosition": "RB",
                "playerName": "T. Coleman",
                "playerId": "2552453",
                "points": 4.9
            },
            {
                "teamPosition": "WR",
                "playerPosition": "WR",
                "playerName": "D. Thomas",
                "playerId": "497328",
                "points": 3.7
            },
            {
                "teamPosition": "WR",
                "playerPosition": "WR",
                "playerName": "C. Kupp",
                "playerId": "2557898",
                "points": 6.8
            },
            {
                "teamPosition": "TE",
                "playerPosition": "TE",
                "playerName": "J. Graham",
                "playerId": "497236",
                "points": 8.6
            },
            {
                "teamPosition": "R/W/T",
                "playerPosition": "RB",
                "playerName": "D. Lewis",
                "playerId": "2495469",
                "points": 9.2
            },
            {
                "teamPosition": "K",
                "playerPosition": "K",
                "playerName": "S. Gostkowski",
                "playerId": "2506922",
                "points": 13.0
            },
            {
                "teamPosition": "DEF",
                "playerPosition": "DEF",
                "playerName": "Redskins",
                "playerId": "100032",
                "points": -3.0
            },
            {
                "teamPosition": "LB",
                "playerPosition": "LB",
                "playerName": "V. Burfict",
                "playerId": "2533058",
                "points": 3.0
            }
        ],
        "bench": [
            {
                "teamPosition": "BN",
                "playerPosition": "WR",
                "playerName": "E. Sanders",
                "playerId": "497322",
                "points": 1.1
            },
            {
                "teamPosition": "BN",
                "playerPosition": "WR",
                "playerName": "T. Hilton",
                "playerId": "2532865",
                "points": 12.1
            },
            {
                "teamPosition": "BN",
                "playerPosition": "WR",
                "playerName": "R. Matthews",
                "playerId": "2532903",
                "points": 0.0
            },
            {
                "teamPosition": "BN",
                "playerPosition": "WR",
                "playerName": "P. Richardson",
                "playerId": "2543491",
                "points": 0.8
            },
            {
                "teamPosition": "BN",
                "playerPosition": "QB",
                "playerName": "M. Mariota",
                "playerId": "2552466",
                "points": 20.3
            },
            {
                "teamPosition": "BN",
                "playerPosition": "RB",
                "playerName": "E. Elliott",
                "playerId": "2555224",
                "points": 0.0
            },
            {
                "teamPosition": "BN",
                "playerPosition": "LB",
                "playerName": "K. Van Noy",
                "playerId": "2543699",
                "points": 2.0
            }
        ]
    },
    "teamLoser": {
        "teamId": "10",
        "points": 65.78,
        "standings": "6-7-0",
        "starters": [
            {
                "teamPosition": "QB",
                "playerPosition": "QB",
                "playerName": "M. Stafford",
                "playerId": "79860",
                "points": 11.88
            },
            {
                "teamPosition": "RB",
                "playerPosition": "RB",
                "playerName": "L. McCoy",
                "playerId": "79607",
                "points": 10.2
            },
            {
                "teamPosition": "RB",
                "playerPosition": "RB",
                "playerName": "K. Hunt",
                "playerId": "2557917",
                "points": 6.3
            },
            {
                "teamPosition": "WR",
                "playerPosition": "WR",
                "playerName": "L. Fitzgerald",
                "playerId": "2506106",
                "points": 15.8
            },
            {
                "teamPosition": "WR",
                "playerPosition": "WR",
                "playerName": "A. Cooper",
                "playerId": "2552487",
                "points": 0.0
            },
            {
                "teamPosition": "TE",
                "playerPosition": "TE",
                "playerName": "K. Rudolph",
                "playerId": "2495438",
                "points": 9.6
            },
            {
                "teamPosition": "R/W/T",
                "playerPosition": "RB",
                "playerName": "A. Peterson",
                "playerId": "2507164",
                "points": 0.0
            },
            {
                "teamPosition": "K",
                "playerPosition": "K",
                "playerName": "B. McManus",
                "playerId": "2541556",
                "points": 3.0
            },
            {
                "teamPosition": "DEF",
                "playerPosition": "DEF",
                "playerName": "Bengals",
                "playerId": "100006",
                "points": 5.0
            },
            {
                "teamPosition": "LB",
                "playerPosition": "LB",
                "playerName": "D. Davis",
                "playerId": "2533008",
                "points": 4.0
            }
        ],
        "bench": [
            {
                "teamPosition": "BN",
                "playerPosition": "QB",
                "playerName": "A. Dalton",
                "playerId": "2495143",
                "points": 23.26
            },
            {
                "teamPosition": "BN",
                "playerPosition": "WR",
                "playerName": "J. Landry",
                "playerId": "2543488",
                "points": 6.2
            },
            {
                "teamPosition": "BN",
                "playerPosition": "RB",
                "playerName": "J. Ajayi",
                "playerId": "2552582",
                "points": 4.6
            },
            {
                "teamPosition": "BN",
                "playerPosition": "WR",
                "playerName": "S. Shepard",
                "playerId": "2555295",
                "points": 5.6
            },
            {
                "teamPosition": "BN",
                "playerPosition": "K",
                "playerName": "C. Catanzaro",
                "playerId": "2550325",
                "points": 12.0
            },
            {
                "teamPosition": "BN",
                "playerPosition": "DEF",
                "playerName": "Panthers",
                "playerId": "100004",
                "points": 5.0
            },
            {
                "teamPosition": "BN",
                "playerPosition": "LB",
                "playerName": "M. Barron",
                "playerId": "2532789",
                "points": 2.0
            }
        ]
    }
}