{
    "week": 3,
    "teamWinner": {
        "teamId": "1",
        "points": 127.16,
        "standings": "2-1-0",
        "starters": [
            {
                "teamPosition": "QB",
                "playerPosition": "QB",
                "playerName": "P. Manning",
                "playerId": "2501863",
                "points": 21.86
            },
            {
                "teamPosition": "RB",
                "playerPosition": "RB",
                "playerName": "L. McCoy",
                "playerId": "79607",
                "points": 8.6
            },
            {
                "teamPosition": "RB",
                "playerPosition": "RB",
                "playerName": "L. Bell",
                "playerId": "2540175",
                "points": 19.2
            },
            {
                "teamPosition": "WR",
                "playerPosition": "WR",
                "playerName": "J. Jones",
                "playerId": "2507183",
                "points": 19.9
            },
            {
                "teamPosition": "WR",
                "playerPosition": "WR",
                "playerName": "D. Hopkins",
                "playerId": "2540165",
                "points": 16.1
            },
            {
                "teamPosition": "TE",
                "playerPosition": "TE",
                "playerName": "J. Reed",
                "playerId": "2540160",
                "points": 9.6
            },
            {
                "teamPosition": "W/R",
                "playerPosition": "WR",
                "playerName": "J. Matthews",
                "playerId": "2543500",
                "points": 4.9
            },
            {
                "teamPosition": "K",
                "playerPosition": "K",
                "playerName": "M. Crosby",
                "playerId": "2507232",
                "points": 10.0
            },
            {
                "teamPosition": "DEF",
                "playerPosition": "DEF",
                "playerName": "Packers",
                "playerId": "100011",
                "points": 17.0
            }
        ],
        "bench": [
            {
                "teamPosition": "BN",
                "playerPosition": "WR",
                "playerName": "D. Bryant",
                "playerId": "497278",
                "points": 0.0
            },
            {
                "teamPosition": "BN",
                "playerPosition": "TE",
                "playerName": "D. Walker",
                "playerId": "2495966",
                "points": 6.8
            },
            {
                "teamPosition": "BN",
                "playerPosition": "WR",
                "playerName": "S. Smith",
                "playerId": "2504595",
                "points": 31.6
            },
            {
                "teamPosition": "BN",
                "playerPosition": "QB",
                "playerName": "P. Rivers",
                "playerId": "2506121",
                "points": 10.84
            },
            {
                "teamPosition": "BN",
                "playerPosition": "RB",
                "playerName": "A. Ellington",
                "playerId": "2539217",
                "points": 0.0
            },
            {
                "teamPosition": "BN",
                "playerPosition": "DEF",
                "playerName": "Rams",
                "playerId": "100017",
                "points": 18.0
            }
        ]
    },
    "teamLoser": {
        "teamId": "4",
        "points": 124.14,
        "standings": "2-1-0",
        "starters": [
            {
                "teamPosition": "QB",
                "playerPosition": "QB",
                "playerName": "C. Palmer",
                "playerId": "2505245",
                "points": 21.54
            },
            {
                "teamPosition": "RB",
                "playerPosition": "RB",
                "playerName": "D. Woodhead",
                "playerId": "4327",
                "points": 4.3
            },
            {
                "teamPosition": "RB",
                "playerPosition": "RB",
                "playerName": "J. Randle",
                "playerId": "2540171",
                "points": 28.5
            },
            {
                "teamPosition": "WR",
                "playerPosition": "WR",
                "playerName": "S. Watkins",
                "playerId": "2543457",
                "points": 3.9
            },
            {
                "teamPosition": "WR",
                "playerPosition": "WR",
                "playerName": "O. Beckham",
                "playerId": "2543496",
                "points": 13.9
            },
            {
                "teamPosition": "TE",
                "playerPosition": "TE",
                "playerName": "R. Gronkowski",
                "playerId": "497240",
                "points": 10.1
            },
            {
                "teamPosition": "W/R",
                "playerPosition": "WR",
                "playerName": "B. Marshall",
                "playerId": "2495893",
                "points": 14.9
            },
            {
                "teamPosition": "K",
                "playerPosition": "K",
                "playerName": "S. Hauschka",
                "playerId": "2507374",
                "points": 19.0
            },
            {
                "teamPosition": "DEF",
                "playerPosition": "DEF",
                "playerName": "Texans",
                "playerId": "100013",
                "points": 8.0
            }
        ],
        "bench": [
            {
                "teamPosition": "BN",
                "playerPosition": "RB",
                "playerName": "M. Forte",
                "playerId": "234",
                "points": 7.4
            },
            {
                "teamPosition": "BN",
                "playerPosition": "QB",
                "playerName": "S. Bradford",
                "playerId": "497095",
                "points": 10.52
            },
            {
                "teamPosition": "BN",
                "playerPosition": "TE",
                "playerName": "G. Olsen",
                "playerId": "2495700",
                "points": 25.4
            },
            {
                "teamPosition": "BN",
                "playerPosition": "QB",
                "playerName": "E. Manning",
                "playerId": "2505996",
                "points": 23.16
            },
            {
                "teamPosition": "BN",
                "playerPosition": "QB",
                "playerName": "R. Tannehill",
                "playerId": "2532956",
                "points": 16.78
            },
            {
                "teamPosition": "BN",
                "playerPosition": "DEF",
                "playerName": "Broncos",
                "playerId": "100009",
                "points": 24.0
            }
        ]
    }
}