{
    "week": 1,
    "teamWinner": {
        "teamId": "10",
        "points": 158.08,
        "standings": "1-0-0",
        "starters": [
            {
                "teamPosition": "QB",
                "playerPosition": "QB",
                "playerName": "M. Stafford",
                "playerId": "79860",
                "points": 34.08
            },
            {
                "teamPosition": "RB",
                "playerPosition": "RB",
                "playerName": "L. McCoy",
                "playerId": "79607",
                "points": 15.9
            },
            {
                "teamPosition": "RB",
                "playerPosition": "RB",
                "playerName": "K. Hunt",
                "playerId": "2557917",
                "points": 39.6
            },
            {
                "teamPosition": "WR",
                "playerPosition": "WR",
                "playerName": "L. Fitzgerald",
                "playerId": "2506106",
                "points": 7.4
            },
            {
                "teamPosition": "WR",
                "playerPosition": "WR",
                "playerName": "A. Cooper",
                "playerId": "2552487",
                "points": 11.2
            },
            {
                "teamPosition": "TE",
                "playerPosition": "TE",
                "playerName": "K. Rudolph",
                "playerId": "2495438",
                "points": 8.6
            },
            {
                "teamPosition": "R/W/T",
                "playerPosition": "WR",
                "playerName": "C. Coleman",
                "playerId": "2555333",
                "points": 11.3
            },
            {
                "teamPosition": "K",
                "playerPosition": "K",
                "playerName": "C. Santos",
                "playerId": "2550636",
                "points": 6.0
            },
            {
                "teamPosition": "DEF",
                "playerPosition": "DEF",
                "playerName": "Panthers",
                "playerId": "100004",
                "points": 21.0
            },
            {
                "teamPosition": "LB",
                "playerPosition": "LB",
                "playerName": "N. Bowman",
                "playerId": "2508088",
                "points": 3.0
            }
        ],
        "bench": [
            {
                "teamPosition": "BN",
                "playerPosition": "TE",
                "playerName": "M. Bennett",
                "playerId": "1062",
                "points": 4.3
            },
            {
                "teamPosition": "BN",
                "playerPosition": "QB",
                "playerName": "A. Dalton",
                "playerId": "2495143",
                "points": -9.0
            },
            {
                "teamPosition": "BN",
                "playerPosition": "WR",
                "playerName": "J. Landry",
                "playerId": "2543488",
                "points": 0.0
            },
            {
                "teamPosition": "BN",
                "playerPosition": "RB",
                "playerName": "J. Ajayi",
                "playerId": "2552582",
                "points": 0.0
            },
            {
                "teamPosition": "BN",
                "playerPosition": "K",
                "playerName": "B. McManus",
                "playerId": "2541556",
                "points": 5.0
            },
            {
                "teamPosition": "BN",
                "playerPosition": "DEF",
                "playerName": "Buccaneers",
                "playerId": "100031",
                "points": 0.0
            },
            {
                "teamPosition": "BN",
                "playerPosition": "LB",
                "playerName": "S. Lee",
                "playerId": "496937",
                "points": 7.0
            }
        ]
    },
    "teamLoser": {
        "teamId": "3",
        "points": 62.48,
        "standings": "0-1-0",
        "starters": [
            {
                "teamPosition": "QB",
                "playerPosition": "QB",
                "playerName": "T. Brady",
                "playerId": "2504211",
                "points": 10.68
            },
            {
                "teamPosition": "RB",
                "playerPosition": "RB",
                "playerName": "L. Bell",
                "playerId": "2540175",
                "points": 4.7
            },
            {
                "teamPosition": "RB",
                "playerPosition": "RB",
                "playerName": "C. Hyde",
                "playerId": "2543743",
                "points": 7.7
            },
            {
                "teamPosition": "WR",
                "playerPosition": "WR",
                "playerName": "M. Crabtree",
                "playerId": "71269",
                "points": 8.3
            },
            {
                "teamPosition": "WR",
                "playerPosition": "WR",
                "playerName": "D. Baldwin",
                "playerId": "2530747",
                "points": 6.0
            },
            {
                "teamPosition": "TE",
                "playerPosition": "TE",
                "playerName": "Z. Ertz",
                "playerId": "2540158",
                "points": 9.3
            },
            {
                "teamPosition": "R/W/T",
                "playerPosition": "WR",
                "playerName": "A. Jeffery",
                "playerId": "2533039",
                "points": 5.8
            },
            {
                "teamPosition": "K",
                "playerPosition": "K",
                "playerName": "M. Prater",
                "playerId": "2506677",
                "points": 7.0
            },
            {
                "teamPosition": "DEF",
                "playerPosition": "DEF",
                "playerName": "Texans",
                "playerId": "100013",
                "points": 0.0
            },
            {
                "teamPosition": "LB",
                "playerPosition": "LB",
                "playerName": "A. Ogletree",
                "playerId": "2540143",
                "points": 3.0
            }
        ],
        "bench": [
            {
                "teamPosition": "BN",
                "playerPosition": "RB",
                "playerName": "M. Ingram",
                "playerId": "2495466",
                "points": 7.1
            },
            {
                "teamPosition": "BN",
                "playerPosition": "RB",
                "playerName": "T. West",
                "playerId": "2543664",
                "points": 15.0
            },
            {
                "teamPosition": "BN",
                "playerPosition": "QB",
                "playerName": "J. Winston",
                "playerId": "2552033",
                "points": 0.0
            },
            {
                "teamPosition": "BN",
                "playerPosition": "WR",
                "playerName": "D. Parker",
                "playerId": "2552409",
                "points": 0.0
            },
            {
                "teamPosition": "BN",
                "playerPosition": "TE",
                "playerName": "H. Henry",
                "playerId": "2555341",
                "points": 0.0
            },
            {
                "teamPosition": "BN",
                "playerPosition": "K",
                "playerName": "W. Lutz",
                "playerId": "2556601",
                "points": 11.0
            },
            {
                "teamPosition": "BN",
                "playerPosition": "LB",
                "playerName": "K. Alexander",
                "playerId": "2552592",
                "points": 0.0
            }
        ]
    }
}