{
    "week": 1,
    "teamWinner": {
        "teamId": "8",
        "points": 65.28,
        "standings": "1-0-0",
        "starters": [
            {
                "teamPosition": "QB",
                "playerPosition": "QB",
                "playerName": "D. Carr",
                "playerId": "2543499",
                "points": 21.68
            },
            {
                "teamPosition": "RB",
                "playerPosition": "RB",
                "playerName": "L. Murray",
                "playerId": "2541161",
                "points": -0.4
            },
            {
                "teamPosition": "RB",
                "playerPosition": "RB",
                "playerName": "M. Gordon",
                "playerId": "2552469",
                "points": 13.9
            },
            {
                "teamPosition": "WR",
                "playerPosition": "WR",
                "playerName": "B. Marshall",
                "playerId": "2495893",
                "points": 1.0
            },
            {
                "teamPosition": "WR",
                "playerPosition": "WR",
                "playerName": "D. Hopkins",
                "playerId": "2540165",
                "points": 11.5
            },
            {
                "teamPosition": "TE",
                "playerPosition": "TE",
                "playerName": "G. Olsen",
                "playerId": "2495700",
                "points": 1.8
            },
            {
                "teamPosition": "R/W/T",
                "playerPosition": "WR",
                "playerName": "S. Watkins",
                "playerId": "2543457",
                "points": 5.8
            },
            {
                "teamPosition": "K",
                "playerPosition": "K",
                "playerName": "A. Vinatieri",
                "playerId": "2503471",
                "points": 2.0
            },
            {
                "teamPosition": "DEF",
                "playerPosition": "DEF",
                "playerName": "Giants",
                "playerId": "100023",
                "points": 2.0
            },
            {
                "teamPosition": "LB",
                "playerPosition": "LB",
                "playerName": "J. Collins",
                "playerId": "2539311",
                "points": 6.0
            }
        ],
        "bench": [
            {
                "teamPosition": "BN",
                "playerPosition": "TE",
                "playerName": "J. Thomas",
                "playerId": "2495353",
                "points": 0.0
            },
            {
                "teamPosition": "BN",
                "playerPosition": "QB",
                "playerName": "B. Roethlisberger",
                "playerId": "2506109",
                "points": 18.72
            },
            {
                "teamPosition": "BN",
                "playerPosition": "RB",
                "playerName": "L. Miller",
                "playerId": "2533034",
                "points": 9.6
            },
            {
                "teamPosition": "BN",
                "playerPosition": "WR",
                "playerName": "M. Evans",
                "playerId": "2543468",
                "points": 0.0
            },
            {
                "teamPosition": "BN",
                "playerPosition": "WR",
                "playerName": "S. Diggs",
                "playerId": "2552608",
                "points": 20.7
            },
            {
                "teamPosition": "BN",
                "playerPosition": "DEF",
                "playerName": "Steelers",
                "playerId": "100027",
                "points": 18.0
            },
            {
                "teamPosition": "BN",
                "playerPosition": "LB",
                "playerName": "A. Barr",
                "playerId": "2543459",
                "points": 3.0
            }
        ]
    },
    "teamLoser": {
        "teamId": "5",
        "points": 55.8,
        "standings": "0-1-0",
        "starters": [
            {
                "teamPosition": "QB",
                "playerPosition": "QB",
                "playerName": "A. Luck",
                "playerId": "2533031",
                "points": 0.0
            },
            {
                "teamPosition": "RB",
                "playerPosition": "RB",
                "playerName": "M. Lynch",
                "playerId": "2495663",
                "points": 9.2
            },
            {
                "teamPosition": "RB",
                "playerPosition": "RB",
                "playerName": "J. Mixon",
                "playerId": "2557976",
                "points": 2.4
            },
            {
                "teamPosition": "WR",
                "playerPosition": "WR",
                "playerName": "A. Green",
                "playerId": "2495450",
                "points": 7.4
            },
            {
                "teamPosition": "WR",
                "playerPosition": "WR",
                "playerName": "J. Jones",
                "playerId": "2495454",
                "points": 6.6
            },
            {
                "teamPosition": "TE",
                "playerPosition": "TE",
                "playerName": "T. Eifert",
                "playerId": "2540148",
                "points": 0.4
            },
            {
                "teamPosition": "R/W/T",
                "playerPosition": "RB",
                "playerName": "C. Anderson",
                "playerId": "2540269",
                "points": 8.8
            },
            {
                "teamPosition": "K",
                "playerPosition": "K",
                "playerName": "M. Bryant",
                "playerId": "2504797",
                "points": 11.0
            },
            {
                "teamPosition": "DEF",
                "playerPosition": "DEF",
                "playerName": "Seahawks",
                "playerId": "100030",
                "points": 9.0
            },
            {
                "teamPosition": "LB",
                "playerPosition": "LB",
                "playerName": "M. Kendricks",
                "playerId": "2532890",
                "points": 1.0
            }
        ],
        "bench": [
            {
                "teamPosition": "BN",
                "playerPosition": "WR",
                "playerName": "K. Britt",
                "playerId": "71217",
                "points": 1.3
            },
            {
                "teamPosition": "BN",
                "playerPosition": "QB",
                "playerName": "E. Manning",
                "playerId": "2505996",
                "points": 5.7
            },
            {
                "teamPosition": "BN",
                "playerPosition": "RB",
                "playerName": "D. Martin",
                "playerId": "2532899",
                "points": 0.0
            },
            {
                "teamPosition": "BN",
                "playerPosition": "TE",
                "playerName": "E. Ebron",
                "playerId": "2543466",
                "points": 0.9
            },
            {
                "teamPosition": "BN",
                "playerPosition": "WR",
                "playerName": "J. Crowder",
                "playerId": "2552415",
                "points": -2.6
            },
            {
                "teamPosition": "BN",
                "playerPosition": "RB",
                "playerName": "P. Perkins",
                "playerId": "2555460",
                "points": 2.5
            },
            {
                "teamPosition": "BN",
                "playerPosition": "WR",
                "playerName": "C. Davis",
                "playerId": "2557848",
                "points": 6.9
            }
        ]
    }
}