{
    "week": 1,
    "teamWinner": {
        "teamId": "5",
        "points": 122.74,
        "standings": "1-0-0",
        "starters": [
            {
                "teamPosition": "QB",
                "playerPosition": "QB",
                "playerName": "C. Newton",
                "playerId": "2495455",
                "points": 18.24
            },
            {
                "teamPosition": "RB",
                "playerPosition": "RB",
                "playerName": "J. Howard",
                "playerId": "2555418",
                "points": 10.7
            },
            {
                "teamPosition": "RB",
                "playerPosition": "RB",
                "playerName": "S. Barkley",
                "playerId": "2560968",
                "points": 19.8
            },
            {
                "teamPosition": "WR",
                "playerPosition": "WR",
                "playerName": "R. Cobb",
                "playerId": "2495448",
                "points": 21.2
            },
            {
                "teamPosition": "WR",
                "playerPosition": "WR",
                "playerName": "D. Funchess",
                "playerId": "2552458",
                "points": 4.1
            },
            {
                "teamPosition": "TE",
                "playerPosition": "TE",
                "playerName": "Z. Ertz",
                "playerId": "2540158",
                "points": 4.8
            },
            {
                "teamPosition": "R/W/T",
                "playerPosition": "RB",
                "playerName": "C. Carson",
                "playerId": "2558865",
                "points": 3.9
            },
            {
                "teamPosition": "K",
                "playerPosition": "K",
                "playerName": "W. Lutz",
                "playerId": "2556601",
                "points": 5.0
            },
            {
                "teamPosition": "DEF",
                "playerPosition": "DEF",
                "playerName": "Seahawks",
                "playerId": "100030",
                "points": 14.0
            },
            {
                "teamPosition": "DL",
                "playerPosition": "DL",
                "playerName": "J. Watt",
                "playerId": "2495488",
                "points": 2.0
            },
            {
                "teamPosition": "LB",
                "playerPosition": "LB",
                "playerName": "B. Wagner",
                "playerId": "2532966",
                "points": 4.0
            },
            {
                "teamPosition": "DB",
                "playerPosition": "DB",
                "playerName": "H. Smith",
                "playerId": "2532948",
                "points": 15.0
            }
        ],
        "bench": [
            {
                "teamPosition": "BN",
                "playerPosition": "RB",
                "playerName": "D. Lewis",
                "playerId": "2495469",
                "points": 17.0
            },
            {
                "teamPosition": "BN",
                "playerPosition": "WR",
                "playerName": "L. Fitzgerald",
                "playerId": "2506106",
                "points": 7.6
            },
            {
                "teamPosition": "BN",
                "playerPosition": "WR",
                "playerName": "T. Hilton",
                "playerId": "2532865",
                "points": 10.6
            },
            {
                "teamPosition": "BN",
                "playerPosition": "RB",
                "playerName": "L. Murray",
                "playerId": "2541161",
                "points": 4.2
            },
            {
                "teamPosition": "BN",
                "playerPosition": "TE",
                "playerName": "C. Brate",
                "playerId": "2550656",
                "points": 0.0
            },
            {
                "teamPosition": "BN",
                "playerPosition": "QB",
                "playerName": "D. Prescott",
                "playerId": "2555260",
                "points": 6.7
            },
            {
                "teamPosition": "BN",
                "playerPosition": "WR",
                "playerName": "C. Kupp",
                "playerId": "2557898",
                "points": 12.8
            },
            {
                "teamPosition": "BN",
                "playerPosition": "RB",
                "playerName": "R. Jones",
                "playerId": "2560770",
                "points": 0.0
            },
            {
                "teamPosition": "BN",
                "playerPosition": "DEF",
                "playerName": "Chargers",
                "playerId": "100028",
                "points": -2.0
            }
        ]
    },
    "teamLoser": {
        "teamId": "8",
        "points": 109.82,
        "standings": "0-1-0",
        "starters": [
            {
                "teamPosition": "QB",
                "playerPosition": "QB",
                "playerName": "R. Wilson",
                "playerId": "2532975",
                "points": 24.42
            },
            {
                "teamPosition": "RB",
                "playerPosition": "RB",
                "playerName": "D. Johnson",
                "playerId": "2553435",
                "points": 12.7
            },
            {
                "teamPosition": "RB",
                "playerPosition": "RB",
                "playerName": "D. Henry",
                "playerId": "2556075",
                "points": 3.1
            },
            {
                "teamPosition": "WR",
                "playerPosition": "WR",
                "playerName": "J. Jones",
                "playerId": "2495454",
                "points": 18.0
            },
            {
                "teamPosition": "WR",
                "playerPosition": "WR",
                "playerName": "J. Crowder",
                "playerId": "2552415",
                "points": 3.2
            },
            {
                "teamPosition": "TE",
                "playerPosition": "TE",
                "playerName": "T. Kelce",
                "playerId": "2540258",
                "points": 0.6
            },
            {
                "teamPosition": "R/W/T",
                "playerPosition": "WR",
                "playerName": "J. Ross",
                "playerId": "2558010",
                "points": 6.3
            },
            {
                "teamPosition": "K",
                "playerPosition": "K",
                "playerName": "J. Elliott",
                "playerId": "2558172",
                "points": 2.0
            },
            {
                "teamPosition": "DEF",
                "playerPosition": "DEF",
                "playerName": "Rams",
                "playerId": "100017",
                "points": 25.0
            },
            {
                "teamPosition": "DL",
                "playerPosition": "DL",
                "playerName": "F. Cox",
                "playerId": "2533051",
                "points": 6.5
            },
            {
                "teamPosition": "LB",
                "playerPosition": "LB",
                "playerName": "C. Kirksey",
                "playerId": "2543720",
                "points": 3.0
            },
            {
                "teamPosition": "DB",
                "playerPosition": "DB",
                "playerName": "D. James",
                "playerId": "2560760",
                "points": 5.0
            }
        ],
        "bench": [
            {
                "teamPosition": "BN",
                "playerPosition": "WR",
                "playerName": "J. Nelson",
                "playerId": "1032",
                "points": 3.3
            },
            {
                "teamPosition": "BN",
                "playerPosition": "QB",
                "playerName": "A. Smith",
                "playerId": "2506340",
                "points": 25.6
            },
            {
                "teamPosition": "BN",
                "playerPosition": "RB",
                "playerName": "A. Peterson",
                "playerId": "2507164",
                "points": 19.6
            },
            {
                "teamPosition": "BN",
                "playerPosition": "WR",
                "playerName": "A. Jeffery",
                "playerId": "2533039",
                "points": 0.0
            },
            {
                "teamPosition": "BN",
                "playerPosition": "RB",
                "playerName": "T. Yeldon",
                "playerId": "2552471",
                "points": 12.9
            },
            {
                "teamPosition": "BN",
                "playerPosition": "TE",
                "playerName": "O. Howard",
                "playerId": "2557856",
                "points": 5.4
            },
            {
                "teamPosition": "BN",
                "playerPosition": "DEF",
                "playerName": "Bears",
                "playerId": "100005",
                "points": 22.0
            },
            {
                "teamPosition": "BN",
                "playerPosition": "LB",
                "playerName": "K. Mack",
                "playerId": "2543463",
                "points": 21.0
            },
            {
                "teamPosition": "BN",
                "playerPosition": "DB",
                "playerName": "M. Peters",
                "playerId": "2552488",
                "points": 11.0
            }
        ]
    }
}