{
    "week": 16,
    "teamWinner": {
        "teamId": "7",
        "points": 105.14,
        "standings": "7-7-0",
        "starters": [
            {
                "teamPosition": "QB",
                "playerPosition": "QB",
                "playerName": "M. Ryan",
                "playerId": "310",
                "points": 16.34
            },
            {
                "teamPosition": "RB",
                "playerPosition": "RB",
                "playerName": "A. Peterson",
                "playerId": "2507164",
                "points": 17.9
            },
            {
                "teamPosition": "RB",
                "playerPosition": "RB",
                "playerName": "T. Gurley",
                "playerId": "2552475",
                "points": 15.0
            },
            {
                "teamPosition": "WR",
                "playerPosition": "WR",
                "playerName": "D. Thomas",
                "playerId": "497328",
                "points": 5.9
            },
            {
                "teamPosition": "WR",
                "playerPosition": "WR",
                "playerName": "L. Fitzgerald",
                "playerId": "2506106",
                "points": 8.9
            },
            {
                "teamPosition": "TE",
                "playerPosition": "TE",
                "playerName": "G. Olsen",
                "playerId": "2495700",
                "points": 4.0
            },
            {
                "teamPosition": "W/R",
                "playerPosition": "WR",
                "playerName": "A. Robinson",
                "playerId": "2543509",
                "points": 22.1
            },
            {
                "teamPosition": "K",
                "playerPosition": "K",
                "playerName": "C. Santos",
                "playerId": "2550636",
                "points": 7.0
            },
            {
                "teamPosition": "DEF",
                "playerPosition": "DEF",
                "playerName": "Chiefs",
                "playerId": "100016",
                "points": 8.0
            }
        ],
        "bench": [
            {
                "teamPosition": "BN",
                "playerPosition": "WR",
                "playerName": "R. Matthews",
                "playerId": "2532903",
                "points": 0.0
            },
            {
                "teamPosition": "BN",
                "playerPosition": "WR",
                "playerName": "M. Evans",
                "playerId": "2543468",
                "points": 6.1
            },
            {
                "teamPosition": "BN",
                "playerPosition": "QB",
                "playerName": "B. Bortles",
                "playerId": "2543477",
                "points": 35.22
            },
            {
                "teamPosition": "BN",
                "playerPosition": "RB",
                "playerName": "D. Freeman",
                "playerId": "2543583",
                "points": 15.0
            },
            {
                "teamPosition": "BN",
                "playerPosition": "TE",
                "playerName": "R. Rodgers",
                "playerId": "2550313",
                "points": 0.2
            },
            {
                "teamPosition": "BN",
                "playerPosition": "QB",
                "playerName": "J. Winston",
                "playerId": "2552033",
                "points": 21.8
            }
        ]
    },
    "teamLoser": {
        "teamId": "3",
        "points": 94.26,
        "standings": "4-10-0",
        "starters": [
            {
                "teamPosition": "QB",
                "playerPosition": "QB",
                "playerName": "T. Taylor",
                "playerId": "2495240",
                "points": 10.86
            },
            {
                "teamPosition": "RB",
                "playerPosition": "RB",
                "playerName": "L. Blount",
                "playerId": "497149",
                "points": 0.0
            },
            {
                "teamPosition": "RB",
                "playerPosition": "RB",
                "playerName": "D. Murray",
                "playerId": "2495207",
                "points": 11.1
            },
            {
                "teamPosition": "WR",
                "playerPosition": "WR",
                "playerName": "J. Landry",
                "playerId": "2543488",
                "points": 11.1
            },
            {
                "teamPosition": "WR",
                "playerPosition": "WR",
                "playerName": "B. Cooks",
                "playerId": "2543498",
                "points": 20.3
            },
            {
                "teamPosition": "TE",
                "playerPosition": "TE",
                "playerName": "J. Reed",
                "playerId": "2540160",
                "points": 24.9
            },
            {
                "teamPosition": "W/R",
                "playerPosition": "RB",
                "playerName": "M. Ingram",
                "playerId": "2495466",
                "points": 0.0
            },
            {
                "teamPosition": "K",
                "playerPosition": "K",
                "playerName": "J. Brown",
                "playerId": "2505459",
                "points": 5.0
            },
            {
                "teamPosition": "DEF",
                "playerPosition": "DEF",
                "playerName": "Bengals",
                "playerId": "100006",
                "points": 11.0
            }
        ],
        "bench": [
            {
                "teamPosition": "BN",
                "playerPosition": "QB",
                "playerName": "B. Hoyer",
                "playerId": "81294",
                "points": 0.0
            },
            {
                "teamPosition": "BN",
                "playerPosition": "WR",
                "playerName": "E. Decker",
                "playerId": "497284",
                "points": 10.7
            },
            {
                "teamPosition": "BN",
                "playerPosition": "WR",
                "playerName": "E. Sanders",
                "playerId": "497322",
                "points": 12.7
            },
            {
                "teamPosition": "BN",
                "playerPosition": "WR",
                "playerName": "T. Hilton",
                "playerId": "2532865",
                "points": 6.4
            },
            {
                "teamPosition": "BN",
                "playerPosition": "QB",
                "playerName": "A. Luck",
                "playerId": "2533031",
                "points": 0.0
            },
            {
                "teamPosition": "BN",
                "playerPosition": "RB",
                "playerName": "C. West",
                "playerId": "2550268",
                "points": 6.1
            }
        ]
    }
}