{
    "1": {
        "id": "1",
        "moves": "30",
        "ownerName": "Lucas",
        "teamLogo": "https://static.www.nfl.com/league/apps/fantasy/logos/avatar/240x240/DEF.png",
        "teamName": "Australopithecus FC",
        "trades": "0"
    },
    "10": {
        "id": "10",
        "moves": "14",
        "ownerName": "Leo",
        "teamLogo": "https://static.www.nfl.com/league/apps/fantasy/logos/avatar/240x240/DEF.png",
        "teamName": "Gigantes Celestes do Beco",
        "trades": "0"
    },
    "2": {
        "id": "2",
        "moves": "24",
        "ownerName": "Victor",
        "teamLogo": "https://static.www.nfl.com/league/apps/fantasy/logos/avatar/240x240/NO_1.png",
        "teamName": "NOSaints Team",
        "trades": "0"
    },
    "3": {
        "id": "3",
        "moves": "31",
        "ownerName": "Casao",
        "teamLogo": "https://image.fantasy.nfl.com/image/6fca15421204af9bec3051326b0c1a86.jpg?x=40&y=40&sig=f7bfe89aa6a832eed50e97111e429702",
        "teamName": "Casao Piou De Fato",
        "trades": "1"
    },
    "4": {
        "id": "4",
        "moves": "13",
        "ownerName": "Joao Victor",
        "teamLogo": "https://static.www.nfl.com/league/apps/fantasy/logos/avatar/240x240/NYG_1.png",
        "teamName": "Giants",
        "trades": "1"
    },
    "5": {
        "id": "5",
        "moves": "39",
        "ownerName": "Ratapro",
        "teamLogo": "https://static.www.nfl.com/league/apps/fantasy/logos/avatar/240x240/DEF.png",
        "teamName": "BH Models",
        "trades": "1"
    },
    "6": {
        "id": "6",
        "moves": "3",
        "ownerName": "Gabriel",
        "teamLogo": "https://static.www.nfl.com/league/apps/fantasy/logos/avatar/240x240/DEF.png",
        "teamName": "Gang Green",
        "trades": "1"
    },
    "7": {
        "id": "7",
        "moves": "2",
        "ownerName": "Daniel",
        "teamLogo": "https://image.fantasy.nfl.com/image/d153b19aa909e6f05e8852d9aa462b21.jpg?x=40&y=40&sig=479bf6eb2ae6be86f7eba8d291dfe032",
        "teamName": "GOBulldogs FC",
        "trades": "0"
    },
    "8": {
        "id": "8",
        "moves": "15",
        "ownerName": "Pitico",
        "teamLogo": "https://image.fantasy.nfl.com/image/93021be58414a958c9d6d96227fdf679.jpg?x=40&y=40&sig=a4f9ebf1f9b590a0f9d346124bf82291",
        "teamName": "PITICO BOOMIN'",
        "trades": "0"
    },
    "9": {
        "id": "9",
        "moves": "30",
        "ownerName": "Gustavo",
        "teamLogo": "https://static.www.nfl.com/league/apps/fantasy/logos/avatar/240x240/DEF.png",
        "teamName": "WINTERFELL WOLFS",
        "trades": "0"
    }
}