[
    {
        "teamId": "3",
        "rank": "1",
        "record": "10-4-0",
        "pointsFor": 1483.74,
        "pointsAgainst": 1342.24
    },
    {
        "teamId": "6",
        "rank": "2",
        "record": "10-4-0",
        "pointsFor": 1615.2,
        "pointsAgainst": 1500.28
    },
    {
        "teamId": "9",
        "rank": "3",
        "record": "8-6-0",
        "pointsFor": 1380.14,
        "pointsAgainst": 1286.56
    },
    {
        "teamId": "10",
        "rank": "4",
        "record": "7-7-0",
        "pointsFor": 1310.38,
        "pointsAgainst": 1246.42
    },
    {
        "teamId": "1",
        "rank": "5",
        "record": "7-7-0",
        "pointsFor": 1352.48,
        "pointsAgainst": 1350.88
    },
    {
        "teamId": "5",
        "rank": "6",
        "record": "7-7-0",
        "pointsFor": 1313.26,
        "pointsAgainst": 1340.22
    },
    {
        "teamId": "4",
        "rank": "7",
        "record": "7-7-0",
        "pointsFor": 1409.8,
        "pointsAgainst": 1371.16
    },
    {
        "teamId": "8",
        "rank": "8",
        "record": "6-8-0",
        "pointsFor": 1235.2,
        "pointsAgainst": 1267.92
    },
    {
        "teamId": "2",
        "rank": "9",
        "record": "4-10-0",
        "pointsFor": 1280.74,
        "pointsAgainst": 1441.2
    },
    {
        "teamId": "7",
        "rank": "10",
        "record": "4-10-0",
        "pointsFor": 1014.4,
        "pointsAgainst": 1248.46
    }
]