{
    "week": 15,
    "teamWinner": {
        "teamId": "7",
        "points": 124.04,
        "standings": "7-7-0",
        "starters": [
            {
                "teamPosition": "QB",
                "playerPosition": "QB",
                "playerName": "M. Ryan",
                "playerId": "310",
                "points": 12.84
            },
            {
                "teamPosition": "RB",
                "playerPosition": "RB",
                "playerName": "A. Peterson",
                "playerId": "2507164",
                "points": 6.3
            },
            {
                "teamPosition": "RB",
                "playerPosition": "RB",
                "playerName": "T. Gurley",
                "playerId": "2552475",
                "points": 13.9
            },
            {
                "teamPosition": "WR",
                "playerPosition": "WR",
                "playerName": "D. Thomas",
                "playerId": "497328",
                "points": 18.1
            },
            {
                "teamPosition": "WR",
                "playerPosition": "WR",
                "playerName": "L. Fitzgerald",
                "playerId": "2506106",
                "points": 4.3
            },
            {
                "teamPosition": "TE",
                "playerPosition": "TE",
                "playerName": "G. Olsen",
                "playerId": "2495700",
                "points": 13.9
            },
            {
                "teamPosition": "W/R",
                "playerPosition": "WR",
                "playerName": "A. Robinson",
                "playerId": "2543509",
                "points": 11.7
            },
            {
                "teamPosition": "K",
                "playerPosition": "K",
                "playerName": "C. Santos",
                "playerId": "2550636",
                "points": 14.0
            },
            {
                "teamPosition": "DEF",
                "playerPosition": "DEF",
                "playerName": "Chiefs",
                "playerId": "100016",
                "points": 29.0
            }
        ],
        "bench": [
            {
                "teamPosition": "BN",
                "playerPosition": "WR",
                "playerName": "R. Matthews",
                "playerId": "2532903",
                "points": 0.0
            },
            {
                "teamPosition": "BN",
                "playerPosition": "WR",
                "playerName": "M. Evans",
                "playerId": "2543468",
                "points": 15.7
            },
            {
                "teamPosition": "BN",
                "playerPosition": "QB",
                "playerName": "B. Bortles",
                "playerId": "2543477",
                "points": 25.28
            },
            {
                "teamPosition": "BN",
                "playerPosition": "RB",
                "playerName": "D. Freeman",
                "playerId": "2543583",
                "points": 16.1
            },
            {
                "teamPosition": "BN",
                "playerPosition": "TE",
                "playerName": "R. Rodgers",
                "playerId": "2550313",
                "points": 0.7
            },
            {
                "teamPosition": "BN",
                "playerPosition": "QB",
                "playerName": "J. Winston",
                "playerId": "2552033",
                "points": 22.02
            }
        ]
    },
    "teamLoser": {
        "teamId": "6",
        "points": 57.36,
        "standings": "2-12-0",
        "starters": [
            {
                "teamPosition": "QB",
                "playerPosition": "QB",
                "playerName": "R. Wilson",
                "playerId": "2532975",
                "points": 32.56
            },
            {
                "teamPosition": "RB",
                "playerPosition": "RB",
                "playerName": "A. Morris",
                "playerId": "2533457",
                "points": 8.4
            },
            {
                "teamPosition": "RB",
                "playerPosition": null,
                "playerName": null,
                "playerId": null,
                "points": null
            },
            {
                "teamPosition": "WR",
                "playerPosition": "WR",
                "playerName": "T. Smith",
                "playerId": "2495459",
                "points": 3.3
            },
            {
                "teamPosition": "WR",
                "playerPosition": "WR",
                "playerName": "K. Allen",
                "playerId": "2540154",
                "points": 0.0
            },
            {
                "teamPosition": "TE",
                "playerPosition": "TE",
                "playerName": "J. Graham",
                "playerId": "497236",
                "points": 0.0
            },
            {
                "teamPosition": "W/R",
                "playerPosition": "RB",
                "playerName": "G. Bernard",
                "playerId": "2540156",
                "points": 5.1
            },
            {
                "teamPosition": "K",
                "playerPosition": "K",
                "playerName": "J. Tucker",
                "playerId": "2536340",
                "points": 2.0
            },
            {
                "teamPosition": "DEF",
                "playerPosition": "DEF",
                "playerName": "Ravens",
                "playerId": "100002",
                "points": 6.0
            }
        ],
        "bench": [
            {
                "teamPosition": "BN",
                "playerPosition": "RB",
                "playerName": "J. Stewart",
                "playerId": "949",
                "points": 0.0
            },
            {
                "teamPosition": "BN",
                "playerPosition": "WR",
                "playerName": "D. Jackson",
                "playerId": "1581",
                "points": 22.3
            },
            {
                "teamPosition": "BN",
                "playerPosition": "RB",
                "playerName": "A. Foster",
                "playerId": "79555",
                "points": 0.0
            },
            {
                "teamPosition": "BN",
                "playerPosition": "QB",
                "playerName": "B. Roethlisberger",
                "playerId": "2506109",
                "points": 26.9
            },
            {
                "teamPosition": "BN",
                "playerPosition": "TE",
                "playerName": "H. Miller",
                "playerId": "2506369",
                "points": 1.2
            },
            {
                "teamPosition": "BN",
                "playerPosition": "WR",
                "playerName": "D. Moncrief",
                "playerId": "2543614",
                "points": 11.1
            },
            {
                "teamPosition": "BN",
                "playerPosition": "DEF",
                "playerName": "49ers",
                "playerId": "100029",
                "points": 12.0
            }
        ]
    }
}