{
    "week": 6,
    "teamWinner": {
        "teamId": "14",
        "points": 125.42,
        "standings": "3-3-0",
        "starters": [
            {
                "teamPosition": "QB",
                "playerPosition": "QB",
                "playerName": "C. Wentz",
                "playerId": "2555259",
                "points": 20.12
            },
            {
                "teamPosition": "RB",
                "playerPosition": "RB",
                "playerName": "J. Williams",
                "playerId": "2566049",
                "points": 9.3
            },
            {
                "teamPosition": "RB",
                "playerPosition": "RB",
                "playerName": "K. Gainwell",
                "playerId": "2566397",
                "points": 0.6
            },
            {
                "teamPosition": "WR",
                "playerPosition": "WR",
                "playerName": "D. Hopkins",
                "playerId": "2540165",
                "points": 19.0
            },
            {
                "teamPosition": "WR",
                "playerPosition": "WR",
                "playerName": "T. McLaurin",
                "playerId": "2562489",
                "points": 4.8
            },
            {
                "teamPosition": "TE",
                "playerPosition": "TE",
                "playerName": "T. Kelce",
                "playerId": "2540258",
                "points": 13.9
            },
            {
                "teamPosition": "R/W/T",
                "playerPosition": "RB",
                "playerName": "K. Herbert",
                "playerId": "2565926",
                "points": 20.2
            },
            {
                "teamPosition": "K",
                "playerPosition": "K",
                "playerName": "G. Gano",
                "playerId": "71309",
                "points": 1.0
            },
            {
                "teamPosition": "DEF",
                "playerPosition": "DEF",
                "playerName": "Bengals",
                "playerId": "100006",
                "points": 11.0
            },
            {
                "teamPosition": "DL",
                "playerPosition": "DL",
                "playerName": "C. Wilkins",
                "playerId": "2562782",
                "points": 6.5
            },
            {
                "teamPosition": "LB",
                "playerPosition": "LB",
                "playerName": "D. Campbell",
                "playerId": "2555255",
                "points": 5.0
            },
            {
                "teamPosition": "DB",
                "playerPosition": "DB",
                "playerName": "T. Diggs",
                "playerId": "2563836",
                "points": 14.0
            }
        ],
        "bench": [
            {
                "teamPosition": "BN",
                "playerPosition": "QB",
                "playerName": "K. Cousins",
                "playerId": "2532820",
                "points": 33.02
            },
            {
                "teamPosition": "BN",
                "playerPosition": "RB",
                "playerName": "C. Patterson",
                "playerId": "2540145",
                "points": 0.0
            },
            {
                "teamPosition": "BN",
                "playerPosition": "WR",
                "playerName": "N. Agholor",
                "playerId": "2552600",
                "points": 3.3
            },
            {
                "teamPosition": "BN",
                "playerPosition": "RB",
                "playerName": "J. McKissic",
                "playerId": "2556440",
                "points": 15.0
            },
            {
                "teamPosition": "BN",
                "playerPosition": "WR",
                "playerName": "R. Anderson",
                "playerId": "2556462",
                "points": 8.6
            },
            {
                "teamPosition": "BN",
                "playerPosition": "WR",
                "playerName": "C. Davis",
                "playerId": "2557848",
                "points": 0.0
            },
            {
                "teamPosition": "BN",
                "playerPosition": "TE",
                "playerName": "D. Njoku",
                "playerId": "2557986",
                "points": 1.1
            },
            {
                "teamPosition": "RES",
                "playerPosition": "RB",
                "playerName": "J. Hasty",
                "playerId": "2565108",
                "points": 0.0
            }
        ]
    },
    "teamLoser": {
        "teamId": "13",
        "points": 101.44,
        "standings": "3-3-0",
        "starters": [
            {
                "teamPosition": "QB",
                "playerPosition": "QB",
                "playerName": "R. Tannehill",
                "playerId": "2532956",
                "points": 10.84
            },
            {
                "teamPosition": "RB",
                "playerPosition": "RB",
                "playerName": "L. Bell",
                "playerId": "2540175",
                "points": 7.8
            },
            {
                "teamPosition": "RB",
                "playerPosition": "RB",
                "playerName": "J. Taylor",
                "playerId": "2564148",
                "points": 28.3
            },
            {
                "teamPosition": "WR",
                "playerPosition": "WR",
                "playerName": "C. Beasley",
                "playerId": "2535698",
                "points": 18.3
            },
            {
                "teamPosition": "WR",
                "playerPosition": "WR",
                "playerName": "M. Williams",
                "playerId": "2558846",
                "points": 3.7
            },
            {
                "teamPosition": "TE",
                "playerPosition": "TE",
                "playerName": "D. Arnold",
                "playerId": "2559385",
                "points": 3.7
            },
            {
                "teamPosition": "R/W/T",
                "playerPosition": "WR",
                "playerName": "D. Metcalf",
                "playerId": "2562685",
                "points": 8.8
            },
            {
                "teamPosition": "K",
                "playerPosition": "K",
                "playerName": "R. Succop",
                "playerId": "89802",
                "points": 4.0
            },
            {
                "teamPosition": "DEF",
                "playerPosition": "DEF",
                "playerName": "Bills",
                "playerId": "100003",
                "points": 3.0
            },
            {
                "teamPosition": "DL",
                "playerPosition": "DL",
                "playerName": "G. Avery",
                "playerId": "2560964",
                "points": 3.0
            },
            {
                "teamPosition": "LB",
                "playerPosition": "LB",
                "playerName": "E. Kendricks",
                "playerId": "2552312",
                "points": 9.0
            },
            {
                "teamPosition": "DB",
                "playerPosition": "DB",
                "playerName": "D. Sorensen",
                "playerId": "2550257",
                "points": 1.0
            }
        ],
        "bench": [
            {
                "teamPosition": "BN",
                "playerPosition": "QB",
                "playerName": "M. Ryan",
                "playerId": "310",
                "points": 0.0
            },
            {
                "teamPosition": "BN",
                "playerPosition": "RB",
                "playerName": "C. Hyde",
                "playerId": "2543743",
                "points": 0.0
            },
            {
                "teamPosition": "BN",
                "playerPosition": "TE",
                "playerName": "G. Everett",
                "playerId": "2557889",
                "points": 5.0
            },
            {
                "teamPosition": "BN",
                "playerPosition": "WR",
                "playerName": "M. Gallup",
                "playerId": "2560735",
                "points": 0.0
            },
            {
                "teamPosition": "BN",
                "playerPosition": "WR",
                "playerName": "A. Lazard",
                "playerId": "2560787",
                "points": 11.2
            },
            {
                "teamPosition": "BN",
                "playerPosition": "RB",
                "playerName": "T. Williams",
                "playerId": "2565542",
                "points": 0.0
            },
            {
                "teamPosition": "BN",
                "playerPosition": "TE",
                "playerName": "K. Pitts",
                "playerId": "2565830",
                "points": 0.0
            },
            {
                "teamPosition": "RES",
                "playerPosition": "RB",
                "playerName": "D. Montgomery",
                "playerId": "2562502",
                "points": 0.0
            }
        ]
    }
}