{
    "week": 5,
    "teamWinner": {
        "teamId": "9",
        "points": 124.26,
        "standings": "4-1-0",
        "starters": [
            {
                "teamPosition": "QB",
                "playerPosition": "QB",
                "playerName": "P. Mahomes",
                "playerId": "2558125",
                "points": 20.54
            },
            {
                "teamPosition": "RB",
                "playerPosition": "RB",
                "playerName": "P. Barber",
                "playerId": "2556466",
                "points": 9.1
            },
            {
                "teamPosition": "RB",
                "playerPosition": "RB",
                "playerName": "A. Kamara",
                "playerId": "2558019",
                "points": 10.92
            },
            {
                "teamPosition": "WR",
                "playerPosition": "WR",
                "playerName": "A. Thielen",
                "playerId": "2541785",
                "points": 26.0
            },
            {
                "teamPosition": "WR",
                "playerPosition": "WR",
                "playerName": "C. Kupp",
                "playerId": "2557898",
                "points": 17.7
            },
            {
                "teamPosition": "TE",
                "playerPosition": "TE",
                "playerName": "M. Andrews",
                "playerId": "2560957",
                "points": 5.5
            },
            {
                "teamPosition": "R/W/T",
                "playerPosition": "WR",
                "playerName": "S. Watkins",
                "playerId": "2543457",
                "points": 0.0
            },
            {
                "teamPosition": "K",
                "playerPosition": "K",
                "playerName": "W. Lutz",
                "playerId": "2556601",
                "points": 5.0
            },
            {
                "teamPosition": "DEF",
                "playerPosition": "DEF",
                "playerName": "Bills",
                "playerId": "100003",
                "points": 15.0
            },
            {
                "teamPosition": "DL",
                "playerPosition": "DL",
                "playerName": "C. Dunlap",
                "playerId": "496780",
                "points": 3.0
            },
            {
                "teamPosition": "LB",
                "playerPosition": "LB",
                "playerName": "J. Collins",
                "playerId": "2539311",
                "points": 9.5
            },
            {
                "teamPosition": "DB",
                "playerPosition": "DB",
                "playerName": "K. Fuller",
                "playerId": "2543681",
                "points": 2.0
            }
        ],
        "bench": [
            {
                "teamPosition": "BN",
                "playerPosition": "RB",
                "playerName": "D. Sproles",
                "playerId": "2506467",
                "points": 0.4
            },
            {
                "teamPosition": "BN",
                "playerPosition": "TE",
                "playerName": "V. McDonald",
                "playerId": "2540215",
                "points": 3.4
            },
            {
                "teamPosition": "BN",
                "playerPosition": "WR",
                "playerName": "A. Wilson",
                "playerId": "2550272",
                "points": 0.0
            },
            {
                "teamPosition": "BN",
                "playerPosition": "QB",
                "playerName": "J. Winston",
                "playerId": "2552033",
                "points": 20.46
            },
            {
                "teamPosition": "BN",
                "playerPosition": "WR",
                "playerName": "P. Dorsett",
                "playerId": "2552424",
                "points": 0.0
            },
            {
                "teamPosition": "BN",
                "playerPosition": "RB",
                "playerName": "K. Drake",
                "playerId": "2555230",
                "points": 0.0
            },
            {
                "teamPosition": "BN",
                "playerPosition": "WR",
                "playerName": "C. Kirk",
                "playerId": "2560781",
                "points": 0.0
            },
            {
                "teamPosition": "BN",
                "playerPosition": "WR",
                "playerName": "D. Moore",
                "playerId": "2560813",
                "points": 9.1
            },
            {
                "teamPosition": "BN",
                "playerPosition": "DEF",
                "playerName": "Vikings",
                "playerId": "100020",
                "points": 20.0
            }
        ]
    },
    "teamLoser": {
        "teamId": "3",
        "points": 100.06,
        "standings": "3-2-0",
        "starters": [
            {
                "teamPosition": "QB",
                "playerPosition": "QB",
                "playerName": "C. Wentz",
                "playerId": "2555259",
                "points": 16.06
            },
            {
                "teamPosition": "RB",
                "playerPosition": "RB",
                "playerName": "J. Mixon",
                "playerId": "2557976",
                "points": 10.9
            },
            {
                "teamPosition": "RB",
                "playerPosition": "RB",
                "playerName": "N. Chubb",
                "playerId": "2561021",
                "points": 9.9
            },
            {
                "teamPosition": "WR",
                "playerPosition": "WR",
                "playerName": "T. Hilton",
                "playerId": "2532865",
                "points": 3.7
            },
            {
                "teamPosition": "WR",
                "playerPosition": "WR",
                "playerName": "C. Sutton",
                "playerId": "2560888",
                "points": 16.2
            },
            {
                "teamPosition": "TE",
                "playerPosition": "TE",
                "playerName": "D. Waller",
                "playerId": "2552408",
                "points": 3.9
            },
            {
                "teamPosition": "R/W/T",
                "playerPosition": "WR",
                "playerName": "J. Gordon",
                "playerId": "2537931",
                "points": 5.9
            },
            {
                "teamPosition": "K",
                "playerPosition": "K",
                "playerName": "J. Lambo",
                "playerId": "2553833",
                "points": 7.0
            },
            {
                "teamPosition": "DEF",
                "playerPosition": "DEF",
                "playerName": "Jaguars",
                "playerId": "100015",
                "points": 5.0
            },
            {
                "teamPosition": "DL",
                "playerPosition": "DL",
                "playerName": "J. Bosa",
                "playerId": "2555249",
                "points": 7.0
            },
            {
                "teamPosition": "LB",
                "playerPosition": "LB",
                "playerName": "S. Thompson",
                "playerId": "2552447",
                "points": 7.5
            },
            {
                "teamPosition": "DB",
                "playerPosition": "DB",
                "playerName": "L. Collins",
                "playerId": "2552454",
                "points": 7.0
            }
        ],
        "bench": [
            {
                "teamPosition": "BN",
                "playerPosition": "WR",
                "playerName": "G. Tate",
                "playerId": "497326",
                "points": 2.3
            },
            {
                "teamPosition": "BN",
                "playerPosition": "WR",
                "playerName": "M. Jones",
                "playerId": "2532884",
                "points": 0.0
            },
            {
                "teamPosition": "BN",
                "playerPosition": "RB",
                "playerName": "J. White",
                "playerId": "2543773",
                "points": 8.2
            },
            {
                "teamPosition": "BN",
                "playerPosition": "RB",
                "playerName": "D. Williams",
                "playerId": "2550512",
                "points": 3.8
            },
            {
                "teamPosition": "BN",
                "playerPosition": "WR",
                "playerName": "T. Gabriel",
                "playerId": "2550617",
                "points": 0.0
            },
            {
                "teamPosition": "BN",
                "playerPosition": "WR",
                "playerName": "A. Tate",
                "playerId": "2560890",
                "points": 8.6
            },
            {
                "teamPosition": "BN",
                "playerPosition": "RB",
                "playerName": "J. Jacobs",
                "playerId": "2562377",
                "points": 26.3
            },
            {
                "teamPosition": "BN",
                "playerPosition": "DEF",
                "playerName": "Seahawks",
                "playerId": "100030",
                "points": 7.0
            },
            {
                "teamPosition": "BN",
                "playerPosition": "DB",
                "playerName": "T. Walker",
                "playerId": "2560913",
                "points": 0.0
            }
        ]
    }
}