{
    "week": 5,
    "teamWinner": {
        "teamId": "7",
        "points": 128.64,
        "standings": "4-1-0",
        "starters": [
            {
                "teamPosition": "QB",
                "playerPosition": "QB",
                "playerName": "L. Jackson",
                "playerId": "2560757",
                "points": 11.44
            },
            {
                "teamPosition": "RB",
                "playerPosition": "RB",
                "playerName": "D. Johnson",
                "playerId": "2553435",
                "points": 15.6
            },
            {
                "teamPosition": "RB",
                "playerPosition": "RB",
                "playerName": "D. Cook",
                "playerId": "2557991",
                "points": 18.8
            },
            {
                "teamPosition": "WR",
                "playerPosition": "WR",
                "playerName": "M. Evans",
                "playerId": "2543468",
                "points": 0.0
            },
            {
                "teamPosition": "WR",
                "playerPosition": "WR",
                "playerName": "C. Godwin",
                "playerId": "2558105",
                "points": 24.5
            },
            {
                "teamPosition": "TE",
                "playerPosition": "TE",
                "playerName": "W. Dissly",
                "playerId": "2561046",
                "points": 8.8
            },
            {
                "teamPosition": "R/W/T",
                "playerPosition": "RB",
                "playerName": "C. Hyde",
                "playerId": "2543743",
                "points": 11.0
            },
            {
                "teamPosition": "K",
                "playerPosition": "K",
                "playerName": "J. Slye",
                "playerId": "2563132",
                "points": 4.0
            },
            {
                "teamPosition": "DEF",
                "playerPosition": "DEF",
                "playerName": "Titans",
                "playerId": "100012",
                "points": 13.0
            },
            {
                "teamPosition": "DL",
                "playerPosition": "DL",
                "playerName": "D. Buckner",
                "playerId": "2555275",
                "points": 9.0
            },
            {
                "teamPosition": "LB",
                "playerPosition": "LB",
                "playerName": "D. Bush",
                "playerId": "2562243",
                "points": 9.5
            },
            {
                "teamPosition": "DB",
                "playerPosition": "DB",
                "playerName": "B. Baker",
                "playerId": "2558009",
                "points": 3.0
            }
        ],
        "bench": [
            {
                "teamPosition": "BN",
                "playerPosition": "WR",
                "playerName": "D. Jackson",
                "playerId": "1581",
                "points": 0.0
            },
            {
                "teamPosition": "BN",
                "playerPosition": "RB",
                "playerName": "T. Coleman",
                "playerId": "2552453",
                "points": 17.7
            },
            {
                "teamPosition": "BN",
                "playerPosition": "TE",
                "playerName": "O. Howard",
                "playerId": "2557856",
                "points": 1.0
            },
            {
                "teamPosition": "BN",
                "playerPosition": "WR",
                "playerName": "K. Golladay",
                "playerId": "2558052",
                "points": 0.0
            },
            {
                "teamPosition": "BN",
                "playerPosition": "RB",
                "playerName": "R. Jones",
                "playerId": "2560770",
                "points": 5.6
            },
            {
                "teamPosition": "BN",
                "playerPosition": "RB",
                "playerName": "J. Samuels",
                "playerId": "2560862",
                "points": -1.54
            },
            {
                "teamPosition": "BN",
                "playerPosition": "QB",
                "playerName": "K. Murray",
                "playerId": "2562382",
                "points": 25.42
            },
            {
                "teamPosition": "BN",
                "playerPosition": "WR",
                "playerName": "T. McLaurin",
                "playerId": "2562489",
                "points": 5.1
            },
            {
                "teamPosition": "BN",
                "playerPosition": "DEF",
                "playerName": "Cowboys",
                "playerId": "100008",
                "points": 3.0
            }
        ]
    },
    "teamLoser": {
        "teamId": "5",
        "points": 80.02,
        "standings": "1-4-0",
        "starters": [
            {
                "teamPosition": "QB",
                "playerPosition": "QB",
                "playerName": "A. Rodgers",
                "playerId": "2506363",
                "points": 9.42
            },
            {
                "teamPosition": "RB",
                "playerPosition": "RB",
                "playerName": "W. Gallman",
                "playerId": "2557952",
                "points": 1.4
            },
            {
                "teamPosition": "RB",
                "playerPosition": "RB",
                "playerName": "J. Conner",
                "playerId": "2557978",
                "points": 11.5
            },
            {
                "teamPosition": "WR",
                "playerPosition": "WR",
                "playerName": "B. Cooks",
                "playerId": "2543498",
                "points": 5.6
            },
            {
                "teamPosition": "WR",
                "playerPosition": "WR",
                "playerName": "J. Brown",
                "playerId": "2543847",
                "points": 7.5
            },
            {
                "teamPosition": "TE",
                "playerPosition": "TE",
                "playerName": "Z. Ertz",
                "playerId": "2540158",
                "points": 11.7
            },
            {
                "teamPosition": "R/W/T",
                "playerPosition": "RB",
                "playerName": "F. Gore",
                "playerId": "2506404",
                "points": 6.9
            },
            {
                "teamPosition": "K",
                "playerPosition": "K",
                "playerName": "H. Butker",
                "playerId": "2558245",
                "points": 4.0
            },
            {
                "teamPosition": "DEF",
                "playerPosition": "DEF",
                "playerName": "Buccaneers",
                "playerId": "100031",
                "points": 3.0
            },
            {
                "teamPosition": "DL",
                "playerPosition": "DL",
                "playerName": "C. Jones",
                "playerId": "2533538",
                "points": 4.5
            },
            {
                "teamPosition": "LB",
                "playerPosition": "LB",
                "playerName": "J. Schobert",
                "playerId": "2555166",
                "points": 11.0
            },
            {
                "teamPosition": "DB",
                "playerPosition": "DB",
                "playerName": "V. Bell",
                "playerId": "2555530",
                "points": 3.5
            }
        ],
        "bench": [
            {
                "teamPosition": "BN",
                "playerPosition": "TE",
                "playerName": "J. Graham",
                "playerId": "497236",
                "points": 4.1
            },
            {
                "teamPosition": "BN",
                "playerPosition": "RB",
                "playerName": "C. Thompson",
                "playerId": "2540011",
                "points": 3.8
            },
            {
                "teamPosition": "BN",
                "playerPosition": "RB",
                "playerName": "R. Penny",
                "playerId": "2560835",
                "points": 4.9
            },
            {
                "teamPosition": "BN",
                "playerPosition": "WR",
                "playerName": "M. Brown",
                "playerId": "2562379",
                "points": 8.2
            },
            {
                "teamPosition": "BN",
                "playerPosition": "RB",
                "playerName": "M. Sanders",
                "playerId": "2562722",
                "points": 6.4
            },
            {
                "teamPosition": "BN",
                "playerPosition": "RB",
                "playerName": "D. Singletary",
                "playerId": "2562734",
                "points": 0.0
            },
            {
                "teamPosition": "BN",
                "playerPosition": "QB",
                "playerName": "G. Minshew",
                "playerId": "2562796",
                "points": 19.16
            },
            {
                "teamPosition": "BN",
                "playerPosition": "DEF",
                "playerName": "Packers",
                "playerId": "100011",
                "points": 18.0
            },
            {
                "teamPosition": "BN",
                "playerPosition": "DEF",
                "playerName": "Jets",
                "playerId": "100024",
                "points": 7.0
            }
        ]
    }
}