{
    "week": 5,
    "teamWinner": {
        "teamId": "11",
        "points": 172.42,
        "standings": "4-1-0",
        "starters": [
            {
                "teamPosition": "QB",
                "playerPosition": "QB",
                "playerName": "D. Prescott",
                "playerId": "2555260",
                "points": 25.22
            },
            {
                "teamPosition": "RB",
                "playerPosition": "RB",
                "playerName": "E. Elliott",
                "playerId": "2555224",
                "points": 16.1
            },
            {
                "teamPosition": "RB",
                "playerPosition": "RB",
                "playerName": "D. Henry",
                "playerId": "2556075",
                "points": 13.8
            },
            {
                "teamPosition": "WR",
                "playerPosition": "WR",
                "playerName": "M. Thomas",
                "playerId": "2556370",
                "points": 30.2
            },
            {
                "teamPosition": "WR",
                "playerPosition": "WR",
                "playerName": "M. Valdes-Scantling",
                "playerId": "2560907",
                "points": 1.8
            },
            {
                "teamPosition": "TE",
                "playerPosition": "TE",
                "playerName": "A. Hooper",
                "playerId": "2555415",
                "points": 7.6
            },
            {
                "teamPosition": "R/W/T",
                "playerPosition": "RB",
                "playerName": "A. Jones",
                "playerId": "2558116",
                "points": 42.2
            },
            {
                "teamPosition": "K",
                "playerPosition": "K",
                "playerName": "C. Santos",
                "playerId": "2550636",
                "points": 1.0
            },
            {
                "teamPosition": "DEF",
                "playerPosition": "DEF",
                "playerName": "Patriots",
                "playerId": "100021",
                "points": 25.0
            },
            {
                "teamPosition": "DL",
                "playerPosition": "DL",
                "playerName": "L. Joseph",
                "playerId": "496802",
                "points": 0.5
            },
            {
                "teamPosition": "LB",
                "playerPosition": "LB",
                "playerName": "B. Martinez",
                "playerId": "2555161",
                "points": 6.0
            },
            {
                "teamPosition": "DB",
                "playerPosition": "DB",
                "playerName": "D. King",
                "playerId": "2557927",
                "points": 3.0
            }
        ],
        "bench": [
            {
                "teamPosition": "BN",
                "playerPosition": "WR",
                "playerName": "T. Ginn",
                "playerId": "2507166",
                "points": 9.6
            },
            {
                "teamPosition": "BN",
                "playerPosition": "WR",
                "playerName": "A. Jeffery",
                "playerId": "2533039",
                "points": 5.2
            },
            {
                "teamPosition": "BN",
                "playerPosition": "TE",
                "playerName": "J. Reed",
                "playerId": "2540160",
                "points": 0.0
            },
            {
                "teamPosition": "BN",
                "playerPosition": "WR",
                "playerName": "D. Adams",
                "playerId": "2543495",
                "points": 0.0
            },
            {
                "teamPosition": "BN",
                "playerPosition": "WR",
                "playerName": "A. Robinson",
                "playerId": "2543509",
                "points": 21.7
            },
            {
                "teamPosition": "BN",
                "playerPosition": "QB",
                "playerName": "J. Goff",
                "playerId": "2555334",
                "points": 18.9
            },
            {
                "teamPosition": "BN",
                "playerPosition": "RB",
                "playerName": "K. Johnson",
                "playerId": "2560765",
                "points": 0.0
            },
            {
                "teamPosition": "BN",
                "playerPosition": "WR",
                "playerName": "D. Chark",
                "playerId": "2561018",
                "points": 28.4
            },
            {
                "teamPosition": "BN",
                "playerPosition": "RB",
                "playerName": "A. Mattison",
                "playerId": "2562682",
                "points": 5.2
            }
        ]
    },
    "teamLoser": {
        "teamId": "12",
        "points": 83.5,
        "standings": "2-3-0",
        "starters": [
            {
                "teamPosition": "QB",
                "playerPosition": "QB",
                "playerName": "B. Mayfield",
                "playerId": "2560800",
                "points": -7.0
            },
            {
                "teamPosition": "RB",
                "playerPosition": "RB",
                "playerName": "D. Johnson",
                "playerId": "2552461",
                "points": 6.7
            },
            {
                "teamPosition": "RB",
                "playerPosition": "RB",
                "playerName": "J. Howard",
                "playerId": "2555418",
                "points": 12.2
            },
            {
                "teamPosition": "WR",
                "playerPosition": "WR",
                "playerName": "K. Allen",
                "playerId": "2540154",
                "points": 1.8
            },
            {
                "teamPosition": "WR",
                "playerPosition": "WR",
                "playerName": "T. Lockett",
                "playerId": "2552430",
                "points": 10.3
            },
            {
                "teamPosition": "TE",
                "playerPosition": "TE",
                "playerName": "E. Engram",
                "playerId": "2557858",
                "points": 4.7
            },
            {
                "teamPosition": "R/W/T",
                "playerPosition": "WR",
                "playerName": "M. Sanu",
                "playerId": "2533040",
                "points": 10.3
            },
            {
                "teamPosition": "K",
                "playerPosition": "K",
                "playerName": "G. Zuerlein",
                "playerId": "2534797",
                "points": 9.0
            },
            {
                "teamPosition": "DEF",
                "playerPosition": "DEF",
                "playerName": "Saints",
                "playerId": "100022",
                "points": 12.0
            },
            {
                "teamPosition": "DL",
                "playerPosition": "DL",
                "playerName": "D. Hunter",
                "playerId": "2552603",
                "points": 10.5
            },
            {
                "teamPosition": "LB",
                "playerPosition": "LB",
                "playerName": "L. Kuechly",
                "playerId": "2533056",
                "points": 9.5
            },
            {
                "teamPosition": "DB",
                "playerPosition": "DB",
                "playerName": "J. Johnson",
                "playerId": "2558183",
                "points": 3.5
            }
        ],
        "bench": [
            {
                "teamPosition": "BN",
                "playerPosition": "QB",
                "playerName": "K. Cousins",
                "playerId": "2532820",
                "points": 25.54
            },
            {
                "teamPosition": "BN",
                "playerPosition": "TE",
                "playerName": "T. Eifert",
                "playerId": "2540148",
                "points": 1.4
            },
            {
                "teamPosition": "BN",
                "playerPosition": "WR",
                "playerName": "W. Fuller",
                "playerId": "2555346",
                "points": 38.7
            },
            {
                "teamPosition": "BN",
                "playerPosition": "RB",
                "playerName": "T. Cohen",
                "playerId": "2558250",
                "points": 4.9
            },
            {
                "teamPosition": "BN",
                "playerPosition": "WR",
                "playerName": "D. Pettis",
                "playerId": "2560836",
                "points": 1.1
            },
            {
                "teamPosition": "BN",
                "playerPosition": "RB",
                "playerName": "S. Barkley",
                "playerId": "2560968",
                "points": 0.0
            },
            {
                "teamPosition": "BN",
                "playerPosition": "DEF",
                "playerName": "Steelers",
                "playerId": "100027",
                "points": 22.0
            },
            {
                "teamPosition": "BN",
                "playerPosition": "LB",
                "playerName": "C. Littleton",
                "playerId": "2556593",
                "points": 5.0
            },
            {
                "teamPosition": "BN",
                "playerPosition": "LB",
                "playerName": "Z. Cunningham",
                "playerId": "2558094",
                "points": 3.5
            }
        ]
    }
}