{
    "week": 9,
    "teamWinner": {
        "teamId": "4",
        "points": 177.28,
        "standings": "4-5-0",
        "starters": [
            {
                "teamPosition": "QB",
                "playerPosition": "QB",
                "playerName": "J. Garoppolo",
                "playerId": "2543801",
                "points": 36.88
            },
            {
                "teamPosition": "RB",
                "playerPosition": "RB",
                "playerName": "C. Hyde",
                "playerId": "2543743",
                "points": 12.0
            },
            {
                "teamPosition": "RB",
                "playerPosition": "RB",
                "playerName": "A. Ekeler",
                "playerId": "2559169",
                "points": 9.3
            },
            {
                "teamPosition": "WR",
                "playerPosition": "WR",
                "playerName": "M. Evans",
                "playerId": "2543468",
                "points": 25.0
            },
            {
                "teamPosition": "WR",
                "playerPosition": "WR",
                "playerName": "T. Hill",
                "playerId": "2556214",
                "points": 20.5
            },
            {
                "teamPosition": "TE",
                "playerPosition": "TE",
                "playerName": "T. Hockenson",
                "playerId": "2562378",
                "points": 5.6
            },
            {
                "teamPosition": "R/W/T",
                "playerPosition": "WR",
                "playerName": "D. Metcalf",
                "playerId": "2562685",
                "points": 22.0
            },
            {
                "teamPosition": "K",
                "playerPosition": "K",
                "playerName": "J. Myers",
                "playerId": "2553112",
                "points": 6.0
            },
            {
                "teamPosition": "DEF",
                "playerPosition": "DEF",
                "playerName": "Texans",
                "playerId": "100013",
                "points": 33.0
            },
            {
                "teamPosition": "DL",
                "playerPosition": "DL",
                "playerName": "N. Bosa",
                "playerId": "2562629",
                "points": 1.0
            },
            {
                "teamPosition": "LB",
                "playerPosition": "LB",
                "playerName": "L. Vander Esch",
                "playerId": "2560908",
                "points": 0.0
            },
            {
                "teamPosition": "DB",
                "playerPosition": "DB",
                "playerName": "J. Adams",
                "playerId": "2557979",
                "points": 6.0
            }
        ],
        "bench": [
            {
                "teamPosition": "BN",
                "playerPosition": "TE",
                "playerName": "J. Cook",
                "playerId": "71265",
                "points": 0.0
            },
            {
                "teamPosition": "BN",
                "playerPosition": "WR",
                "playerName": "E. Sanders",
                "playerId": "497322",
                "points": 17.2
            },
            {
                "teamPosition": "BN",
                "playerPosition": "WR",
                "playerName": "A. Green",
                "playerId": "2495450",
                "points": 0.0
            },
            {
                "teamPosition": "BN",
                "playerPosition": "WR",
                "playerName": "L. Fitzgerald",
                "playerId": "2506106",
                "points": 3.8
            },
            {
                "teamPosition": "BN",
                "playerPosition": "QB",
                "playerName": "D. Carr",
                "playerId": "2543499",
                "points": 29.56
            },
            {
                "teamPosition": "BN",
                "playerPosition": "RB",
                "playerName": "M. Brown",
                "playerId": "2552382",
                "points": 0.0
            },
            {
                "teamPosition": "BN",
                "playerPosition": "WR",
                "playerName": "D. Robinson",
                "playerId": "2555478",
                "points": 0.5
            },
            {
                "teamPosition": "BN",
                "playerPosition": "RB",
                "playerName": "N. Hines",
                "playerId": "2560742",
                "points": 2.8
            },
            {
                "teamPosition": "BN",
                "playerPosition": "LB",
                "playerName": "D. Trevathan",
                "playerId": "2532961",
                "points": 4.5
            }
        ]
    },
    "teamLoser": {
        "teamId": "5",
        "points": 91.94,
        "standings": "3-6-0",
        "starters": [
            {
                "teamPosition": "QB",
                "playerPosition": "QB",
                "playerName": "A. Rodgers",
                "playerId": "2506363",
                "points": 14.94
            },
            {
                "teamPosition": "RB",
                "playerPosition": "RB",
                "playerName": "F. Gore",
                "playerId": "2506404",
                "points": 1.5
            },
            {
                "teamPosition": "RB",
                "playerPosition": "RB",
                "playerName": "J. Samuels",
                "playerId": "2560862",
                "points": 4.3
            },
            {
                "teamPosition": "WR",
                "playerPosition": "WR",
                "playerName": "J. Brown",
                "playerId": "2543847",
                "points": 7.6
            },
            {
                "teamPosition": "WR",
                "playerPosition": "WR",
                "playerName": "C. Conley",
                "playerId": "2552652",
                "points": 4.2
            },
            {
                "teamPosition": "TE",
                "playerPosition": "TE",
                "playerName": "Z. Ertz",
                "playerId": "2540158",
                "points": 16.3
            },
            {
                "teamPosition": "R/W/T",
                "playerPosition": "RB",
                "playerName": "T. Johnson",
                "playerId": "2562293",
                "points": 3.6
            },
            {
                "teamPosition": "K",
                "playerPosition": "K",
                "playerName": "H. Butker",
                "playerId": "2558245",
                "points": 13.0
            },
            {
                "teamPosition": "DEF",
                "playerPosition": "DEF",
                "playerName": "Jets",
                "playerId": "100024",
                "points": 11.0
            },
            {
                "teamPosition": "DL",
                "playerPosition": "DL",
                "playerName": "C. Jones",
                "playerId": "2533538",
                "points": 3.0
            },
            {
                "teamPosition": "LB",
                "playerPosition": "LB",
                "playerName": "E. Kendricks",
                "playerId": "2552312",
                "points": 5.0
            },
            {
                "teamPosition": "DB",
                "playerPosition": "DB",
                "playerName": "L. Ryan",
                "playerId": "2540162",
                "points": 7.5
            }
        ],
        "bench": [
            {
                "teamPosition": "BN",
                "playerPosition": "TE",
                "playerName": "J. Graham",
                "playerId": "497236",
                "points": 1.7
            },
            {
                "teamPosition": "BN",
                "playerPosition": "WR",
                "playerName": "K. Stills",
                "playerId": "2540202",
                "points": 5.2
            },
            {
                "teamPosition": "BN",
                "playerPosition": "RB",
                "playerName": "L. Murray",
                "playerId": "2541161",
                "points": 0.0
            },
            {
                "teamPosition": "BN",
                "playerPosition": "WR",
                "playerName": "B. Cooks",
                "playerId": "2543498",
                "points": 0.0
            },
            {
                "teamPosition": "BN",
                "playerPosition": "RB",
                "playerName": "J. Conner",
                "playerId": "2557978",
                "points": 0.0
            },
            {
                "teamPosition": "BN",
                "playerPosition": "WR",
                "playerName": "M. Brown",
                "playerId": "2562379",
                "points": 4.8
            },
            {
                "teamPosition": "BN",
                "playerPosition": "RB",
                "playerName": "M. Sanders",
                "playerId": "2562722",
                "points": 7.3
            },
            {
                "teamPosition": "BN",
                "playerPosition": "RB",
                "playerName": "D. Singletary",
                "playerId": "2562734",
                "points": 20.0
            },
            {
                "teamPosition": "BN",
                "playerPosition": "QB",
                "playerName": "G. Minshew",
                "playerId": "2562796",
                "points": 1.76
            }
        ]
    }
}