{
    "week": 15,
    "teamWinner": {
        "teamId": "14",
        "points": 109.38,
        "standings": "7-8-0",
        "starters": [
            {
                "teamPosition": "QB",
                "playerPosition": "QB",
                "playerName": "K. Cousins",
                "playerId": "2532820",
                "points": 11.28
            },
            {
                "teamPosition": "RB",
                "playerPosition": "RB",
                "playerName": "C. Patterson",
                "playerId": "2540145",
                "points": 3.3
            },
            {
                "teamPosition": "RB",
                "playerPosition": "RB",
                "playerName": "J. Williams",
                "playerId": "2566049",
                "points": 10.1
            },
            {
                "teamPosition": "WR",
                "playerPosition": "WR",
                "playerName": "A. Green",
                "playerId": "2495450",
                "points": 8.4
            },
            {
                "teamPosition": "WR",
                "playerPosition": "WR",
                "playerName": "B. Berrios",
                "playerId": "2560975",
                "points": 10.1
            },
            {
                "teamPosition": "TE",
                "playerPosition": "TE",
                "playerName": "P. Freiermuth",
                "playerId": "2566442",
                "points": 5.7
            },
            {
                "teamPosition": "R/W/T",
                "playerPosition": "RB",
                "playerName": "A. Dillon",
                "playerId": "2563986",
                "points": 10.0
            },
            {
                "teamPosition": "K",
                "playerPosition": "K",
                "playerName": "E. McPherson",
                "playerId": "2565953",
                "points": 9.0
            },
            {
                "teamPosition": "DEF",
                "playerPosition": "DEF",
                "playerName": "Dolphins",
                "playerId": "100019",
                "points": 17.0
            },
            {
                "teamPosition": "DL",
                "playerPosition": "DL",
                "playerName": "B. Burns",
                "playerId": "2562242",
                "points": 3.5
            },
            {
                "teamPosition": "LB",
                "playerPosition": "LB",
                "playerName": "L. David",
                "playerId": "2532828",
                "points": 13.5
            },
            {
                "teamPosition": "DB",
                "playerPosition": "DB",
                "playerName": "T. Diggs",
                "playerId": "2563836",
                "points": 7.5
            }
        ],
        "bench": [
            {
                "teamPosition": "BN",
                "playerPosition": "WR",
                "playerName": "D. Hopkins",
                "playerId": "2540165",
                "points": 0.0
            },
            {
                "teamPosition": "BN",
                "playerPosition": "RB",
                "playerName": "T. Coleman",
                "playerId": "2552453",
                "points": 5.0
            },
            {
                "teamPosition": "BN",
                "playerPosition": "QB",
                "playerName": "C. Wentz",
                "playerId": "2555259",
                "points": 6.28
            },
            {
                "teamPosition": "BN",
                "playerPosition": "RB",
                "playerName": "J. McKissic",
                "playerId": "2556440",
                "points": 0.0
            },
            {
                "teamPosition": "BN",
                "playerPosition": "RB",
                "playerName": "P. Lindsay",
                "playerId": "2559947",
                "points": 0.0
            },
            {
                "teamPosition": "BN",
                "playerPosition": "WR",
                "playerName": "G. Davis",
                "playerId": "2563602",
                "points": 23.0
            },
            {
                "teamPosition": "BN",
                "playerPosition": "WR",
                "playerName": "A. St. Brown",
                "playerId": "2566073",
                "points": 19.5
            },
            {
                "teamPosition": "RES",
                "playerPosition": "WR",
                "playerName": "E. Moore",
                "playerId": "2566385",
                "points": 0.0
            }
        ]
    },
    "teamLoser": {
        "teamId": "5",
        "points": 108.64,
        "standings": "5-10-0",
        "starters": [
            {
                "teamPosition": "QB",
                "playerPosition": "QB",
                "playerName": "R. Wilson",
                "playerId": "2532975",
                "points": 1.84
            },
            {
                "teamPosition": "RB",
                "playerPosition": "RB",
                "playerName": "J. Mixon",
                "playerId": "2557976",
                "points": 6.5
            },
            {
                "teamPosition": "RB",
                "playerPosition": "RB",
                "playerName": "C. Reynolds",
                "playerId": "2562834",
                "points": 12.2
            },
            {
                "teamPosition": "WR",
                "playerPosition": "WR",
                "playerName": "A. Cooper",
                "playerId": "2552487",
                "points": 1.8
            },
            {
                "teamPosition": "WR",
                "playerPosition": "WR",
                "playerName": "T. Hill",
                "playerId": "2556214",
                "points": 26.8
            },
            {
                "teamPosition": "TE",
                "playerPosition": "TE",
                "playerName": "E. Engram",
                "playerId": "2557858",
                "points": 5.3
            },
            {
                "teamPosition": "R/W/T",
                "playerPosition": "WR",
                "playerName": "B. Cooks",
                "playerId": "2543498",
                "points": 25.7
            },
            {
                "teamPosition": "K",
                "playerPosition": "K",
                "playerName": "M. Gay",
                "playerId": "2562271",
                "points": 8.0
            },
            {
                "teamPosition": "DEF",
                "playerPosition": "DEF",
                "playerName": "Cardinals",
                "playerId": "100026",
                "points": 7.0
            },
            {
                "teamPosition": "DL",
                "playerPosition": "DL",
                "playerName": "Z. Allen",
                "playerId": "2562219",
                "points": 3.0
            },
            {
                "teamPosition": "LB",
                "playerPosition": "LB",
                "playerName": "A. Singleton",
                "playerId": "2553739",
                "points": 8.0
            },
            {
                "teamPosition": "DB",
                "playerPosition": "DB",
                "playerName": "D. James",
                "playerId": "2560760",
                "points": 2.5
            }
        ],
        "bench": [
            {
                "teamPosition": "BN",
                "playerPosition": "QB",
                "playerName": "T. Bridgewater",
                "playerId": "2543465",
                "points": 3.92
            },
            {
                "teamPosition": "BN",
                "playerPosition": "WR",
                "playerName": "J. Crowder",
                "playerId": "2552415",
                "points": 6.5
            },
            {
                "teamPosition": "BN",
                "playerPosition": "RB",
                "playerName": "D. Booker",
                "playerId": "2555223",
                "points": 10.2
            },
            {
                "teamPosition": "BN",
                "playerPosition": "RB",
                "playerName": "D. Johnson",
                "playerId": "2563327",
                "points": 3.5
            },
            {
                "teamPosition": "BN",
                "playerPosition": "RB",
                "playerName": "D. Swift",
                "playerId": "2563965",
                "points": 0.0
            },
            {
                "teamPosition": "BN",
                "playerPosition": "DEF",
                "playerName": "Buccaneers",
                "playerId": "100031",
                "points": 9.0
            },
            {
                "teamPosition": "BN",
                "playerPosition": "LB",
                "playerName": "R. Smith",
                "playerId": "2560877",
                "points": 6.5
            },
            {
                "teamPosition": "RES",
                "playerPosition": "TE",
                "playerName": "T. Hockenson",
                "playerId": "2562378",
                "points": 0.0
            }
        ]
    }
}