{
    "week": 15,
    "teamWinner": {
        "teamId": "3",
        "points": 143.3,
        "standings": "9-6-0",
        "starters": [
            {
                "teamPosition": "QB",
                "playerPosition": "QB",
                "playerName": "P. Mahomes",
                "playerId": "2558125",
                "points": 33.0
            },
            {
                "teamPosition": "RB",
                "playerPosition": "RB",
                "playerName": "D. Cook",
                "playerId": "2557991",
                "points": 10.1
            },
            {
                "teamPosition": "RB",
                "playerPosition": "RB",
                "playerName": "A. Ekeler",
                "playerId": "2559169",
                "points": 16.2
            },
            {
                "teamPosition": "WR",
                "playerPosition": "WR",
                "playerName": "T. McLaurin",
                "playerId": "2562489",
                "points": 6.1
            },
            {
                "teamPosition": "WR",
                "playerPosition": "WR",
                "playerName": "J. Meyers",
                "playerId": "2562492",
                "points": 8.3
            },
            {
                "teamPosition": "TE",
                "playerPosition": "TE",
                "playerName": "T. Kelce",
                "playerId": "2540258",
                "points": 36.1
            },
            {
                "teamPosition": "R/W/T",
                "playerPosition": "RB",
                "playerName": "M. Carter",
                "playerId": "2566382",
                "points": 2.5
            },
            {
                "teamPosition": "K",
                "playerPosition": "K",
                "playerName": "G. Joseph",
                "playerId": "2561534",
                "points": 4.0
            },
            {
                "teamPosition": "DEF",
                "playerPosition": "DEF",
                "playerName": "Eagles",
                "playerId": "100025",
                "points": 5.0
            },
            {
                "teamPosition": "DL",
                "playerPosition": "DL",
                "playerName": "C. Harris",
                "playerId": "2558001",
                "points": 12.5
            },
            {
                "teamPosition": "LB",
                "playerPosition": "LB",
                "playerName": "J. Hicks",
                "playerId": "2552315",
                "points": 5.0
            },
            {
                "teamPosition": "DB",
                "playerPosition": "DB",
                "playerName": "J. Poyer",
                "playerId": "2539290",
                "points": 4.5
            }
        ],
        "bench": [
            {
                "teamPosition": "BN",
                "playerPosition": "RB",
                "playerName": "M. Davis",
                "playerId": "2553439",
                "points": 2.1
            },
            {
                "teamPosition": "BN",
                "playerPosition": "WR",
                "playerName": "R. Anderson",
                "playerId": "2556462",
                "points": 7.7
            },
            {
                "teamPosition": "BN",
                "playerPosition": "QB",
                "playerName": "T. Hill",
                "playerId": "2558954",
                "points": 8.06
            },
            {
                "teamPosition": "BN",
                "playerPosition": "WR",
                "playerName": "M. Valdes-Scantling",
                "playerId": "2560907",
                "points": 18.3
            },
            {
                "teamPosition": "BN",
                "playerPosition": "WR",
                "playerName": "J. Guyton",
                "playerId": "2562844",
                "points": 8.0
            },
            {
                "teamPosition": "BN",
                "playerPosition": "WR",
                "playerName": "N. Westbrook-Ikhine",
                "playerId": "2565477",
                "points": 5.2
            },
            {
                "teamPosition": "BN",
                "playerPosition": "LB",
                "playerName": "D. Perryman",
                "playerId": "2552310",
                "points": 0.0
            },
            {
                "teamPosition": "RES",
                "playerPosition": "WR",
                "playerName": "A. Brown",
                "playerId": "2562238",
                "points": 0.0
            }
        ]
    },
    "teamLoser": {
        "teamId": "1",
        "points": 106.68,
        "standings": "6-9-0",
        "starters": [
            {
                "teamPosition": "QB",
                "playerPosition": "QB",
                "playerName": "J. Burrow",
                "playerId": "2563722",
                "points": 14.08
            },
            {
                "teamPosition": "RB",
                "playerPosition": "RB",
                "playerName": "D. Freeman",
                "playerId": "2543583",
                "points": 2.9
            },
            {
                "teamPosition": "RB",
                "playerPosition": "RB",
                "playerName": "D. Foreman",
                "playerId": "2557994",
                "points": 14.5
            },
            {
                "teamPosition": "WR",
                "playerPosition": "WR",
                "playerName": "D. Adams",
                "playerId": "2543495",
                "points": 13.4
            },
            {
                "teamPosition": "WR",
                "playerPosition": "WR",
                "playerName": "T. Higgins",
                "playerId": "2563731",
                "points": 3.3
            },
            {
                "teamPosition": "TE",
                "playerPosition": "TE",
                "playerName": "D. Schultz",
                "playerId": "2560866",
                "points": 16.7
            },
            {
                "teamPosition": "R/W/T",
                "playerPosition": "RB",
                "playerName": "J. Robinson",
                "playerId": "2564223",
                "points": 16.3
            },
            {
                "teamPosition": "K",
                "playerPosition": "K",
                "playerName": "M. Prater",
                "playerId": "2506677",
                "points": 2.0
            },
            {
                "teamPosition": "DEF",
                "playerPosition": "DEF",
                "playerName": "Packers",
                "playerId": "100011",
                "points": 1.0
            },
            {
                "teamPosition": "DL",
                "playerPosition": "DL",
                "playerName": "N. Bosa",
                "playerId": "2562629",
                "points": 5.0
            },
            {
                "teamPosition": "LB",
                "playerPosition": "LB",
                "playerName": "D. Leonard",
                "playerId": "2560789",
                "points": 14.0
            },
            {
                "teamPosition": "DB",
                "playerPosition": "DB",
                "playerName": "K. Dugger",
                "playerId": "2564601",
                "points": 3.5
            }
        ],
        "bench": [
            {
                "teamPosition": "BN",
                "playerPosition": "WR",
                "playerName": "T. Lockett",
                "playerId": "2552430",
                "points": 0.0
            },
            {
                "teamPosition": "BN",
                "playerPosition": "RB",
                "playerName": "M. Breida",
                "playerId": "2558918",
                "points": 0.1
            },
            {
                "teamPosition": "BN",
                "playerPosition": "RB",
                "playerName": "N. Hines",
                "playerId": "2560742",
                "points": 7.3
            },
            {
                "teamPosition": "BN",
                "playerPosition": "WR",
                "playerName": "M. Pittman",
                "playerId": "2564136",
                "points": 1.2
            },
            {
                "teamPosition": "BN",
                "playerPosition": "DEF",
                "playerName": "Cowboys",
                "playerId": "100008",
                "points": 27.0
            },
            {
                "teamPosition": "BN",
                "playerPosition": "DB",
                "playerName": "H. Smith",
                "playerId": "2532948",
                "points": 7.5
            },
            {
                "teamPosition": "BN",
                "playerPosition": "LB",
                "playerName": "D. Campbell",
                "playerId": "2555255",
                "points": 9.5
            },
            {
                "teamPosition": "RES",
                "playerPosition": "RB",
                "playerName": "C. Edmonds",
                "playerId": "2560711",
                "points": 5.3
            }
        ]
    }
}