{
    "1": {
        "1": {
            "pickOverall": 1,
            "pickRound": 1,
            "playerId": "2557997",
            "playerName": "Christian McCaffrey",
            "playerPosition": "RB",
            "round": 1,
            "teamId": "4"
        },
        "2": {
            "pickOverall": 2,
            "pickRound": 2,
            "playerId": "2560968",
            "playerName": "Saquon Barkley",
            "playerPosition": "RB",
            "round": 1,
            "teamId": "12"
        },
        "3": {
            "pickOverall": 3,
            "pickRound": 3,
            "playerId": "2555224",
            "playerName": "Ezekiel Elliott",
            "playerPosition": "RB",
            "round": 1,
            "teamId": "7"
        },
        "4": {
            "pickOverall": 4,
            "pickRound": 4,
            "playerId": "2558019",
            "playerName": "Alvin Kamara",
            "playerPosition": "RB",
            "round": 1,
            "teamId": "10"
        },
        "5": {
            "pickOverall": 5,
            "pickRound": 5,
            "playerId": "2557991",
            "playerName": "Dalvin Cook",
            "playerPosition": "RB",
            "round": 1,
            "teamId": "5"
        },
        "6": {
            "pickOverall": 6,
            "pickRound": 6,
            "playerId": "2556075",
            "playerName": "Derrick Henry",
            "playerPosition": "RB",
            "round": 1,
            "teamId": "3"
        },
        "7": {
            "pickOverall": 7,
            "pickRound": 7,
            "playerId": "2556370",
            "playerName": "Michael Thomas",
            "playerPosition": "WR",
            "round": 1,
            "teamId": "1"
        },
        "8": {
            "pickOverall": 8,
            "pickRound": 8,
            "playerId": "2556214",
            "playerName": "Tyreek Hill",
            "playerPosition": "WR",
            "round": 1,
            "teamId": "9"
        },
        "9": {
            "pickOverall": 9,
            "pickRound": 9,
            "playerId": "2543495",
            "playerName": "Davante Adams",
            "playerPosition": "WR",
            "round": 1,
            "teamId": "8"
        },
        "10": {
            "pickOverall": 10,
            "pickRound": 10,
            "playerId": "2561021",
            "playerName": "Nick Chubb",
            "playerPosition": "RB",
            "round": 1,
            "teamId": "6"
        },
        "11": {
            "pickOverall": 11,
            "pickRound": 11,
            "playerId": "2564271",
            "playerName": "Clyde Edwards-Helaire",
            "playerPosition": "RB",
            "round": 1,
            "teamId": "11"
        },
        "12": {
            "pickOverall": 12,
            "pickRound": 12,
            "playerId": "2559169",
            "playerName": "Austin Ekeler",
            "playerPosition": "RB",
            "round": 1,
            "teamId": "2"
        }
    },
    "2": {
        "1": {
            "pickOverall": 13,
            "pickRound": 1,
            "playerId": "2557978",
            "playerName": "James Conner",
            "playerPosition": "RB",
            "round": 2,
            "teamId": "2"
        },
        "2": {
            "pickOverall": 14,
            "pickRound": 2,
            "playerId": "2557976",
            "playerName": "Joe Mixon",
            "playerPosition": "RB",
            "round": 2,
            "teamId": "11"
        },
        "3": {
            "pickOverall": 15,
            "pickRound": 3,
            "playerId": "2495454",
            "playerName": "Julio Jones",
            "playerPosition": "WR",
            "round": 2,
            "teamId": "6"
        },
        "4": {
            "pickOverall": 16,
            "pickRound": 4,
            "playerId": "2558125",
            "playerName": "Patrick Mahomes",
            "playerPosition": "QB",
            "round": 2,
            "teamId": "8"
        },
        "5": {
            "pickOverall": 17,
            "pickRound": 5,
            "playerId": "2558266",
            "playerName": "George Kittle",
            "playerPosition": "TE",
            "round": 2,
            "teamId": "9"
        },
        "6": {
            "pickOverall": 18,
            "pickRound": 6,
            "playerId": "2558865",
            "playerName": "Chris Carson",
            "playerPosition": "RB",
            "round": 2,
            "teamId": "1"
        },
        "7": {
            "pickOverall": 19,
            "pickRound": 7,
            "playerId": "2562377",
            "playerName": "Josh Jacobs",
            "playerPosition": "RB",
            "round": 2,
            "teamId": "3"
        },
        "8": {
            "pickOverall": 20,
            "pickRound": 8,
            "playerId": "2558116",
            "playerName": "Aaron Jones",
            "playerPosition": "RB",
            "round": 2,
            "teamId": "5"
        },
        "9": {
            "pickOverall": 21,
            "pickRound": 9,
            "playerId": "2552475",
            "playerName": "Todd Gurley",
            "playerPosition": "RB",
            "round": 2,
            "teamId": "10"
        },
        "10": {
            "pickOverall": 22,
            "pickRound": 10,
            "playerId": "2555230",
            "playerName": "Kenyan Drake",
            "playerPosition": "RB",
            "round": 2,
            "teamId": "7"
        },
        "11": {
            "pickOverall": 23,
            "pickRound": 11,
            "playerId": "2540165",
            "playerName": "DeAndre Hopkins",
            "playerPosition": "WR",
            "round": 2,
            "teamId": "12"
        },
        "12": {
            "pickOverall": 24,
            "pickRound": 12,
            "playerId": "2540258",
            "playerName": "Travis Kelce",
            "playerPosition": "TE",
            "round": 2,
            "teamId": "4"
        }
    },
    "3": {
        "1": {
            "pickOverall": 25,
            "pickRound": 1,
            "playerId": "2560757",
            "playerName": "Lamar Jackson",
            "playerPosition": "QB",
            "round": 3,
            "teamId": "4"
        },
        "2": {
            "pickOverall": 26,
            "pickRound": 2,
            "playerId": "2495466",
            "playerName": "Mark Ingram",
            "playerPosition": "RB",
            "round": 3,
            "teamId": "12"
        },
        "3": {
            "pickOverall": 27,
            "pickRound": 3,
            "playerId": "2562722",
            "playerName": "Miles Sanders",
            "playerPosition": "RB",
            "round": 3,
            "teamId": "7"
        },
        "4": {
            "pickOverall": 28,
            "pickRound": 4,
            "playerId": "2557973",
            "playerName": "Leonard Fournette",
            "playerPosition": "RB",
            "round": 3,
            "teamId": "10"
        },
        "5": {
            "pickOverall": 29,
            "pickRound": 5,
            "playerId": "2558105",
            "playerName": "Chris Godwin",
            "playerPosition": "WR",
            "round": 3,
            "teamId": "5"
        },
        "6": {
            "pickOverall": 30,
            "pickRound": 6,
            "playerId": "2558052",
            "playerName": "Kenny Golladay",
            "playerPosition": "WR",
            "round": 3,
            "teamId": "3"
        },
        "7": {
            "pickOverall": 31,
            "pickRound": 7,
            "playerId": "2558123",
            "playerName": "Marlon Mack",
            "playerPosition": "RB",
            "round": 3,
            "teamId": "1"
        },
        "8": {
            "pickOverall": 32,
            "pickRound": 8,
            "playerId": "2540175",
            "playerName": "Le'Veon Bell",
            "playerPosition": "RB",
            "round": 3,
            "teamId": "9"
        },
        "9": {
            "pickOverall": 33,
            "pickRound": 9,
            "playerId": "2543468",
            "playerName": "Mike Evans",
            "playerPosition": "WR",
            "round": 3,
            "teamId": "8"
        },
        "10": {
            "pickOverall": 34,
            "pickRound": 10,
            "playerId": "2532975",
            "playerName": "Russell Wilson",
            "playerPosition": "QB",
            "round": 3,
            "teamId": "6"
        },
        "11": {
            "pickOverall": 35,
            "pickRound": 11,
            "playerId": "2560813",
            "playerName": "D.J. Moore",
            "playerPosition": "WR",
            "round": 3,
            "teamId": "11"
        },
        "12": {
            "pickOverall": 36,
            "pickRound": 12,
            "playerId": "2558149",
            "playerName": "JuJu Smith-Schuster",
            "playerPosition": "WR",
            "round": 3,
            "teamId": "2"
        }
    },
    "4": {
        "1": {
            "pickOverall": 37,
            "pickRound": 1,
            "playerId": "2541785",
            "playerName": "Adam Thielen",
            "playerPosition": "WR",
            "round": 4,
            "teamId": "2"
        },
        "2": {
            "pickOverall": 38,
            "pickRound": 2,
            "playerId": "2557898",
            "playerName": "Cooper Kupp",
            "playerPosition": "WR",
            "round": 4,
            "teamId": "11"
        },
        "3": {
            "pickOverall": 39,
            "pickRound": 3,
            "playerId": "2552487",
            "playerName": "Amari Cooper",
            "playerPosition": "WR",
            "round": 4,
            "teamId": "6"
        },
        "4": {
            "pickOverall": 40,
            "pickRound": 4,
            "playerId": "2564148",
            "playerName": "Jonathan Taylor",
            "playerPosition": "RB",
            "round": 4,
            "teamId": "8"
        },
        "5": {
            "pickOverall": 41,
            "pickRound": 5,
            "playerId": "2543509",
            "playerName": "Allen Robinson",
            "playerPosition": "WR",
            "round": 4,
            "teamId": "9"
        },
        "6": {
            "pickOverall": 42,
            "pickRound": 6,
            "playerId": "2560854",
            "playerName": "Calvin Ridley",
            "playerPosition": "WR",
            "round": 4,
            "teamId": "1"
        },
        "7": {
            "pickOverall": 43,
            "pickRound": 7,
            "playerId": "2555260",
            "playerName": "Dak Prescott",
            "playerPosition": "QB",
            "round": 4,
            "teamId": "3"
        },
        "8": {
            "pickOverall": 44,
            "pickRound": 8,
            "playerId": "2562685",
            "playerName": "DK Metcalf",
            "playerPosition": "WR",
            "round": 4,
            "teamId": "5"
        },
        "9": {
            "pickOverall": 45,
            "pickRound": 9,
            "playerId": "2543496",
            "playerName": "Odell Beckham Jr.",
            "playerPosition": "WR",
            "round": 4,
            "teamId": "10"
        },
        "10": {
            "pickOverall": 46,
            "pickRound": 10,
            "playerId": "2552430",
            "playerName": "Tyler Lockett",
            "playerPosition": "WR",
            "round": 4,
            "teamId": "7"
        },
        "11": {
            "pickOverall": 47,
            "pickRound": 11,
            "playerId": "2540154",
            "playerName": "Keenan Allen",
            "playerPosition": "WR",
            "round": 4,
            "teamId": "12"
        },
        "12": {
            "pickOverall": 48,
            "pickRound": 12,
            "playerId": "2557917",
            "playerName": "Kareem Hunt",
            "playerPosition": "RB",
            "round": 4,
            "teamId": "4"
        }
    },
    "5": {
        "1": {
            "pickOverall": 49,
            "pickRound": 1,
            "playerId": "2562238",
            "playerName": "A.J. Brown",
            "playerPosition": "WR",
            "round": 5,
            "teamId": "4"
        },
        "2": {
            "pickOverall": 50,
            "pickRound": 2,
            "playerId": "2540169",
            "playerName": "Robert Woods",
            "playerPosition": "WR",
            "round": 5,
            "teamId": "12"
        },
        "3": {
            "pickOverall": 51,
            "pickRound": 3,
            "playerId": "2553435",
            "playerName": "David Johnson",
            "playerPosition": "RB",
            "round": 5,
            "teamId": "7"
        },
        "4": {
            "pickOverall": 52,
            "pickRound": 4,
            "playerId": "2555466",
            "playerName": "Tyler Boyd",
            "playerPosition": "WR",
            "round": 5,
            "teamId": "10"
        },
        "5": {
            "pickOverall": 53,
            "pickRound": 5,
            "playerId": "2540158",
            "playerName": "Zach Ertz",
            "playerPosition": "TE",
            "round": 5,
            "teamId": "5"
        },
        "6": {
            "pickOverall": 54,
            "pickRound": 6,
            "playerId": "2532865",
            "playerName": "T.Y. Hilton",
            "playerPosition": "WR",
            "round": 5,
            "teamId": "3"
        },
        "7": {
            "pickOverall": 55,
            "pickRound": 7,
            "playerId": "2504775",
            "playerName": "Drew Brees",
            "playerPosition": "QB",
            "round": 5,
            "teamId": "1"
        },
        "8": {
            "pickOverall": 56,
            "pickRound": 8,
            "playerId": "2562734",
            "playerName": "Devin Singletary",
            "playerPosition": "RB",
            "round": 5,
            "teamId": "9"
        },
        "9": {
            "pickOverall": 57,
            "pickRound": 9,
            "playerId": "2564319",
            "playerName": "Cam Akers",
            "playerPosition": "RB",
            "round": 5,
            "teamId": "8"
        },
        "10": {
            "pickOverall": 58,
            "pickRound": 10,
            "playerId": "2552469",
            "playerName": "Melvin Gordon",
            "playerPosition": "RB",
            "round": 5,
            "teamId": "6"
        },
        "11": {
            "pickOverall": 59,
            "pickRound": 11,
            "playerId": "2560957",
            "playerName": "Mark Andrews",
            "playerPosition": "TE",
            "round": 5,
            "teamId": "11"
        },
        "12": {
            "pickOverall": 60,
            "pickRound": 12,
            "playerId": "2506363",
            "playerName": "Aaron Rodgers",
            "playerPosition": "QB",
            "round": 5,
            "teamId": "2"
        }
    },
    "6": {
        "1": {
            "pickOverall": 61,
            "pickRound": 1,
            "playerId": "497240",
            "playerName": "Rob Gronkowski",
            "playerPosition": "TE",
            "round": 6,
            "teamId": "2"
        },
        "2": {
            "pickOverall": 62,
            "pickRound": 2,
            "playerId": "2562502",
            "playerName": "David Montgomery",
            "playerPosition": "RB",
            "round": 6,
            "teamId": "11"
        },
        "3": {
            "pickOverall": 63,
            "pickRound": 3,
            "playerId": "2552408",
            "playerName": "Darren Waller",
            "playerPosition": "TE",
            "round": 6,
            "teamId": "6"
        },
        "4": {
            "pickOverall": 64,
            "pickRound": 4,
            "playerId": "2553728",
            "playerName": "Raheem Mostert",
            "playerPosition": "RB",
            "round": 6,
            "teamId": "8"
        },
        "5": {
            "pickOverall": 65,
            "pickRound": 5,
            "playerId": "2504211",
            "playerName": "Tom Brady",
            "playerPosition": "QB",
            "round": 6,
            "teamId": "9"
        },
        "6": {
            "pickOverall": 66,
            "pickRound": 6,
            "playerId": "2555418",
            "playerName": "Jordan Howard",
            "playerPosition": "RB",
            "round": 6,
            "teamId": "1"
        },
        "7": {
            "pickOverall": 67,
            "pickRound": 7,
            "playerId": "2557858",
            "playerName": "Evan Engram",
            "playerPosition": "TE",
            "round": 6,
            "teamId": "3"
        },
        "8": {
            "pickOverall": 68,
            "pickRound": 8,
            "playerId": "2558063",
            "playerName": "Deshaun Watson",
            "playerPosition": "QB",
            "round": 6,
            "teamId": "5"
        },
        "9": {
            "pickOverall": 69,
            "pickRound": 9,
            "playerId": "2555341",
            "playerName": "Hunter Henry",
            "playerPosition": "TE",
            "round": 6,
            "teamId": "10"
        },
        "10": {
            "pickOverall": 70,
            "pickRound": 10,
            "playerId": "2561018",
            "playerName": "D.J. Chark",
            "playerPosition": "WR",
            "round": 6,
            "teamId": "7"
        },
        "11": {
            "pickOverall": 71,
            "pickRound": 11,
            "playerId": "2562382",
            "playerName": "Kyler Murray",
            "playerPosition": "QB",
            "round": 6,
            "teamId": "12"
        },
        "12": {
            "pickOverall": 72,
            "pickRound": 12,
            "playerId": "2560770",
            "playerName": "Ronald Jones",
            "playerPosition": "RB",
            "round": 6,
            "teamId": "4"
        }
    },
    "7": {
        "1": {
            "pickOverall": 73,
            "pickRound": 1,
            "playerId": "2563848",
            "playerName": "CeeDee Lamb",
            "playerPosition": "WR",
            "round": 7,
            "teamId": "4"
        },
        "2": {
            "pickOverall": 74,
            "pickRound": 2,
            "playerId": "2555364",
            "playerName": "Tyler Higbee",
            "playerPosition": "TE",
            "round": 7,
            "teamId": "12"
        },
        "3": {
            "pickOverall": 75,
            "pickRound": 3,
            "playerId": "2560888",
            "playerName": "Courtland Sutton",
            "playerPosition": "WR",
            "round": 7,
            "teamId": "7"
        },
        "4": {
            "pickOverall": 76,
            "pickRound": 4,
            "playerId": "2543773",
            "playerName": "James White",
            "playerPosition": "RB",
            "round": 7,
            "teamId": "10"
        },
        "5": {
            "pickOverall": 77,
            "pickRound": 5,
            "playerId": "2562489",
            "playerName": "Terry McLaurin",
            "playerPosition": "WR",
            "round": 7,
            "teamId": "5"
        },
        "6": {
            "pickOverall": 78,
            "pickRound": 6,
            "playerId": "2560735",
            "playerName": "Michael Gallup",
            "playerPosition": "WR",
            "round": 7,
            "teamId": "3"
        },
        "7": {
            "pickOverall": 79,
            "pickRound": 7,
            "playerId": "2559947",
            "playerName": "Phillip Lindsay",
            "playerPosition": "RB",
            "round": 7,
            "teamId": "1"
        },
        "8": {
            "pickOverall": 80,
            "pickRound": 8,
            "playerId": "2565276",
            "playerName": "Antonio Gibson",
            "playerPosition": "RB",
            "round": 7,
            "teamId": "9"
        },
        "9": {
            "pickOverall": 81,
            "pickRound": 9,
            "playerId": "2563896",
            "playerName": "Jerry Jeudy",
            "playerPosition": "WR",
            "round": 7,
            "teamId": "8"
        },
        "10": {
            "pickOverall": 82,
            "pickRound": 10,
            "playerId": "2552608",
            "playerName": "Stefon Diggs",
            "playerPosition": "WR",
            "round": 7,
            "teamId": "6"
        },
        "11": {
            "pickOverall": 83,
            "pickRound": 11,
            "playerId": "2562379",
            "playerName": "Marquise Brown",
            "playerPosition": "WR",
            "round": 7,
            "teamId": "11"
        },
        "12": {
            "pickOverall": 84,
            "pickRound": 12,
            "playerId": "2555346",
            "playerName": "Will Fuller",
            "playerPosition": "WR",
            "round": 7,
            "teamId": "2"
        }
    },
    "8": {
        "1": {
            "pickOverall": 85,
            "pickRound": 1,
            "playerId": "2558250",
            "playerName": "Tarik Cohen",
            "playerPosition": "RB",
            "round": 8,
            "teamId": "2"
        },
        "2": {
            "pickOverall": 86,
            "pickRound": 2,
            "playerId": "2495455",
            "playerName": "Cam Newton",
            "playerPosition": "QB",
            "round": 8,
            "teamId": "11"
        },
        "3": {
            "pickOverall": 87,
            "pickRound": 3,
            "playerId": "2552409",
            "playerName": "DeVante Parker",
            "playerPosition": "WR",
            "round": 8,
            "teamId": "6"
        },
        "4": {
            "pickOverall": 88,
            "pickRound": 4,
            "playerId": "2562736",
            "playerName": "Darius Slayton",
            "playerPosition": "WR",
            "round": 8,
            "teamId": "8"
        },
        "5": {
            "pickOverall": 89,
            "pickRound": 5,
            "playerId": "2543488",
            "playerName": "Jarvis Landry",
            "playerPosition": "WR",
            "round": 8,
            "teamId": "9"
        },
        "6": {
            "pickOverall": 90,
            "pickRound": 6,
            "playerId": "2495450",
            "playerName": "A.J. Green",
            "playerPosition": "WR",
            "round": 8,
            "teamId": "1"
        },
        "7": {
            "pickOverall": 91,
            "pickRound": 7,
            "playerId": "238498",
            "playerName": "Julian Edelman",
            "playerPosition": "WR",
            "round": 8,
            "teamId": "3"
        },
        "8": {
            "pickOverall": 92,
            "pickRound": 8,
            "playerId": "2563965",
            "playerName": "D'Andre Swift",
            "playerPosition": "RB",
            "round": 8,
            "teamId": "5"
        },
        "9": {
            "pickOverall": 93,
            "pickRound": 9,
            "playerId": "497322",
            "playerName": "Emmanuel Sanders",
            "playerPosition": "WR",
            "round": 8,
            "teamId": "10"
        },
        "10": {
            "pickOverall": 94,
            "pickRound": 10,
            "playerId": "2563617",
            "playerName": "Zack Moss",
            "playerPosition": "RB",
            "round": 8,
            "teamId": "7"
        },
        "11": {
            "pickOverall": 95,
            "pickRound": 11,
            "playerId": "2560809",
            "playerName": "Sony Michel",
            "playerPosition": "RB",
            "round": 8,
            "teamId": "12"
        },
        "12": {
            "pickOverall": 96,
            "pickRound": 12,
            "playerId": "2532884",
            "playerName": "Marvin Jones",
            "playerPosition": "WR",
            "round": 8,
            "teamId": "4"
        }
    },
    "9": {
        "1": {
            "pickOverall": 97,
            "pickRound": 1,
            "playerId": "2541161",
            "playerName": "Latavius Murray",
            "playerPosition": "RB",
            "round": 9,
            "teamId": "4"
        },
        "2": {
            "pickOverall": 98,
            "pickRound": 2,
            "playerId": "100029",
            "playerName": "San Francisco 49ers",
            "playerPosition": "DEF",
            "round": 9,
            "teamId": "12"
        },
        "3": {
            "pickOverall": 99,
            "pickRound": 3,
            "playerId": "310",
            "playerName": "Matt Ryan",
            "playerPosition": "QB",
            "round": 9,
            "teamId": "7"
        },
        "4": {
            "pickOverall": 100,
            "pickRound": 4,
            "playerId": "2563722",
            "playerName": "Joe Burrow",
            "playerPosition": "QB",
            "round": 9,
            "teamId": "10"
        },
        "5": {
            "pickOverall": 101,
            "pickRound": 5,
            "playerId": "2543498",
            "playerName": "Brandin Cooks",
            "playerPosition": "WR",
            "round": 9,
            "teamId": "5"
        },
        "6": {
            "pickOverall": 102,
            "pickRound": 6,
            "playerId": "2563548",
            "playerName": "J.K. Dobbins",
            "playerPosition": "RB",
            "round": 9,
            "teamId": "3"
        },
        "7": {
            "pickOverall": 103,
            "pickRound": 7,
            "playerId": "100027",
            "playerName": "Pittsburgh Steelers",
            "playerPosition": "DEF",
            "round": 9,
            "teamId": "1"
        },
        "8": {
            "pickOverall": 104,
            "pickRound": 8,
            "playerId": "2555295",
            "playerName": "Sterling Shepard",
            "playerPosition": "WR",
            "round": 9,
            "teamId": "9"
        },
        "9": {
            "pickOverall": 105,
            "pickRound": 9,
            "playerId": "2558918",
            "playerName": "Matt Breida",
            "playerPosition": "RB",
            "round": 9,
            "teamId": "8"
        },
        "10": {
            "pickOverall": 106,
            "pickRound": 10,
            "playerId": "2560765",
            "playerName": "Kerryon Johnson",
            "playerPosition": "RB",
            "round": 9,
            "teamId": "6"
        },
        "11": {
            "pickOverall": 107,
            "pickRound": 11,
            "playerId": "2562574",
            "playerName": "Darrell Henderson",
            "playerPosition": "RB",
            "round": 9,
            "teamId": "11"
        },
        "12": {
            "pickOverall": 108,
            "pickRound": 12,
            "playerId": "2543801",
            "playerName": "Jimmy Garoppolo",
            "playerPosition": "QB",
            "round": 9,
            "teamId": "2"
        }
    },
    "10": {
        "1": {
            "pickOverall": 109,
            "pickRound": 1,
            "playerId": "100002",
            "playerName": "Baltimore Ravens",
            "playerPosition": "DEF",
            "round": 10,
            "teamId": "2"
        },
        "2": {
            "pickOverall": 110,
            "pickRound": 2,
            "playerId": "2543457",
            "playerName": "Sammy Watkins",
            "playerPosition": "WR",
            "round": 10,
            "teamId": "11"
        },
        "3": {
            "pickOverall": 111,
            "pickRound": 3,
            "playerId": "2558245",
            "playerName": "Harrison Butker",
            "playerPosition": "K",
            "round": 10,
            "teamId": "6"
        },
        "4": {
            "pickOverall": 112,
            "pickRound": 4,
            "playerId": "100003",
            "playerName": "Buffalo Bills",
            "playerPosition": "DEF",
            "round": 10,
            "teamId": "8"
        },
        "5": {
            "pickOverall": 113,
            "pickRound": 5,
            "playerId": "2536340",
            "playerName": "Justin Tucker",
            "playerPosition": "K",
            "round": 10,
            "teamId": "9"
        },
        "6": {
            "pickOverall": 114,
            "pickRound": 6,
            "playerId": "2552453",
            "playerName": "Tevin Coleman",
            "playerPosition": "RB",
            "round": 10,
            "teamId": "1"
        },
        "7": {
            "pickOverall": 115,
            "pickRound": 7,
            "playerId": "2552603",
            "playerName": "Danielle Hunter",
            "playerPosition": "DL",
            "round": 10,
            "teamId": "3"
        },
        "8": {
            "pickOverall": 116,
            "pickRound": 8,
            "playerId": "2552415",
            "playerName": "Jamison Crowder",
            "playerPosition": "WR",
            "round": 10,
            "teamId": "5"
        },
        "9": {
            "pickOverall": 117,
            "pickRound": 9,
            "playerId": "2556601",
            "playerName": "Wil Lutz",
            "playerPosition": "K",
            "round": 10,
            "teamId": "10"
        },
        "10": {
            "pickOverall": 118,
            "pickRound": 10,
            "playerId": "2564433",
            "playerName": "Henry Ruggs III",
            "playerPosition": "WR",
            "round": 10,
            "teamId": "7"
        },
        "11": {
            "pickOverall": 119,
            "pickRound": 11,
            "playerId": "2543847",
            "playerName": "John Brown",
            "playerPosition": "WR",
            "round": 10,
            "teamId": "12"
        },
        "12": {
            "pickOverall": 120,
            "pickRound": 12,
            "playerId": "2562805",
            "playerName": "Preston Williams",
            "playerPosition": "WR",
            "round": 10,
            "teamId": "4"
        }
    },
    "11": {
        "1": {
            "pickOverall": 121,
            "pickRound": 1,
            "playerId": "2555415",
            "playerName": "Austin Hooper",
            "playerPosition": "TE",
            "round": 11,
            "teamId": "4"
        },
        "2": {
            "pickOverall": 122,
            "pickRound": 2,
            "playerId": "71265",
            "playerName": "Jared Cook",
            "playerPosition": "TE",
            "round": 11,
            "teamId": "12"
        },
        "3": {
            "pickOverall": 123,
            "pickRound": 3,
            "playerId": "2562674",
            "playerName": "Diontae Johnson",
            "playerPosition": "WR",
            "round": 11,
            "teamId": "7"
        },
        "4": {
            "pickOverall": 124,
            "pickRound": 4,
            "playerId": "2560781",
            "playerName": "Christian Kirk",
            "playerPosition": "WR",
            "round": 11,
            "teamId": "10"
        },
        "5": {
            "pickOverall": 125,
            "pickRound": 5,
            "playerId": "2560747",
            "playerName": "Hayden Hurst",
            "playerPosition": "TE",
            "round": 11,
            "teamId": "5"
        },
        "6": {
            "pickOverall": 126,
            "pickRound": 6,
            "playerId": "2560789",
            "playerName": "Darius Leonard",
            "playerPosition": "LB",
            "round": 11,
            "teamId": "3"
        },
        "7": {
            "pickOverall": 127,
            "pickRound": 7,
            "playerId": "2532966",
            "playerName": "Bobby Wagner",
            "playerPosition": "LB",
            "round": 11,
            "teamId": "1"
        },
        "8": {
            "pickOverall": 128,
            "pickRound": 8,
            "playerId": "2560994",
            "playerName": "Mike Gesicki",
            "playerPosition": "TE",
            "round": 11,
            "teamId": "9"
        },
        "9": {
            "pickOverall": 129,
            "pickRound": 9,
            "playerId": "2562383",
            "playerName": "Noah Fant",
            "playerPosition": "TE",
            "round": 11,
            "teamId": "8"
        },
        "10": {
            "pickOverall": 130,
            "pickRound": 10,
            "playerId": "1581",
            "playerName": "DeSean Jackson",
            "playerPosition": "WR",
            "round": 11,
            "teamId": "6"
        },
        "11": {
            "pickOverall": 131,
            "pickRound": 11,
            "playerId": "2540011",
            "playerName": "Chris Thompson",
            "playerPosition": "RB",
            "round": 11,
            "teamId": "11"
        },
        "12": {
            "pickOverall": 132,
            "pickRound": 12,
            "playerId": "2562580",
            "playerName": "Mecole Hardman",
            "playerPosition": "WR",
            "round": 11,
            "teamId": "2"
        }
    },
    "12": {
        "1": {
            "pickOverall": 133,
            "pickRound": 1,
            "playerId": "2552315",
            "playerName": "Jordan Hicks",
            "playerPosition": "LB",
            "round": 12,
            "teamId": "2"
        },
        "2": {
            "pickOverall": 134,
            "pickRound": 2,
            "playerId": "2562721",
            "playerName": "Deebo Samuel",
            "playerPosition": "WR",
            "round": 12,
            "teamId": "11"
        },
        "3": {
            "pickOverall": 135,
            "pickRound": 3,
            "playerId": "100021",
            "playerName": "New England Patriots",
            "playerPosition": "DEF",
            "round": 12,
            "teamId": "6"
        },
        "4": {
            "pickOverall": 136,
            "pickRound": 4,
            "playerId": "2555161",
            "playerName": "Blake Martinez",
            "playerPosition": "LB",
            "round": 12,
            "teamId": "8"
        },
        "5": {
            "pickOverall": 137,
            "pickRound": 5,
            "playerId": "2555310",
            "playerName": "Jaylon Smith",
            "playerPosition": "LB",
            "round": 12,
            "teamId": "9"
        },
        "6": {
            "pickOverall": 138,
            "pickRound": 6,
            "playerId": "2555249",
            "playerName": "Joey Bosa",
            "playerPosition": "DL",
            "round": 12,
            "teamId": "1"
        },
        "7": {
            "pickOverall": 139,
            "pickRound": 7,
            "playerId": "100022",
            "playerName": "New Orleans Saints",
            "playerPosition": "DEF",
            "round": 12,
            "teamId": "3"
        },
        "8": {
            "pickOverall": 140,
            "pickRound": 8,
            "playerId": "2507164",
            "playerName": "Adrian Peterson",
            "playerPosition": "RB",
            "round": 12,
            "teamId": "5"
        },
        "9": {
            "pickOverall": 141,
            "pickRound": 9,
            "playerId": "100030",
            "playerName": "Seattle Seahawks",
            "playerPosition": "DEF",
            "round": 12,
            "teamId": "10"
        },
        "10": {
            "pickOverall": 142,
            "pickRound": 10,
            "playerId": "2564850",
            "playerName": "Jalen Reagor",
            "playerPosition": "WR",
            "round": 12,
            "teamId": "7"
        },
        "11": {
            "pickOverall": 143,
            "pickRound": 11,
            "playerId": "2558094",
            "playerName": "Zach Cunningham",
            "playerPosition": "LB",
            "round": 12,
            "teamId": "12"
        },
        "12": {
            "pickOverall": 144,
            "pickRound": 12,
            "playerId": "2558851",
            "playerName": "Anthony Walker",
            "playerPosition": "LB",
            "round": 12,
            "teamId": "4"
        }
    },
    "13": {
        "1": {
            "pickOverall": 145,
            "pickRound": 1,
            "playerId": "100016",
            "playerName": "Kansas City Chiefs",
            "playerPosition": "DEF",
            "round": 13,
            "teamId": "4"
        },
        "2": {
            "pickOverall": 146,
            "pickRound": 2,
            "playerId": "2506264",
            "playerName": "Robbie Gould",
            "playerPosition": "K",
            "round": 13,
            "teamId": "12"
        },
        "3": {
            "pickOverall": 147,
            "pickRound": 3,
            "playerId": "2561146",
            "playerName": "Boston Scott",
            "playerPosition": "RB",
            "round": 13,
            "teamId": "7"
        },
        "4": {
            "pickOverall": 148,
            "pickRound": 4,
            "playerId": "2558010",
            "playerName": "John Ross",
            "playerPosition": "WR",
            "round": 13,
            "teamId": "10"
        },
        "5": {
            "pickOverall": 149,
            "pickRound": 5,
            "playerId": "100020",
            "playerName": "Minnesota Vikings",
            "playerPosition": "DEF",
            "round": 13,
            "teamId": "5"
        },
        "6": {
            "pickOverall": 150,
            "pickRound": 6,
            "playerId": "2564418",
            "playerName": "Bryan Edwards",
            "playerPosition": "WR",
            "round": 13,
            "teamId": "3"
        },
        "7": {
            "pickOverall": 151,
            "pickRound": 7,
            "playerId": "2552461",
            "playerName": "Duke Johnson",
            "playerPosition": "RB",
            "round": 13,
            "teamId": "1"
        },
        "8": {
            "pickOverall": 152,
            "pickRound": 8,
            "playerId": "2555259",
            "playerName": "Carson Wentz",
            "playerPosition": "QB",
            "round": 13,
            "teamId": "9"
        },
        "9": {
            "pickOverall": 153,
            "pickRound": 9,
            "playerId": "2562299",
            "playerName": "Daniel Jones",
            "playerPosition": "QB",
            "round": 13,
            "teamId": "8"
        },
        "10": {
            "pickOverall": 154,
            "pickRound": 10,
            "playerId": "2562378",
            "playerName": "T.J. Hockenson",
            "playerPosition": "TE",
            "round": 13,
            "teamId": "6"
        },
        "11": {
            "pickOverall": 155,
            "pickRound": 11,
            "playerId": "2543466",
            "playerName": "Eric Ebron",
            "playerPosition": "TE",
            "round": 13,
            "teamId": "11"
        },
        "12": {
            "pickOverall": 156,
            "pickRound": 12,
            "playerId": "2560810",
            "playerName": "Anthony Miller",
            "playerPosition": "WR",
            "round": 13,
            "teamId": "2"
        }
    },
    "14": {
        "1": {
            "pickOverall": 157,
            "pickRound": 1,
            "playerId": "2555275",
            "playerName": "DeForest Buckner",
            "playerPosition": "DL",
            "round": 14,
            "teamId": "2"
        },
        "2": {
            "pickOverall": 158,
            "pickRound": 2,
            "playerId": "100011",
            "playerName": "Green Bay Packers",
            "playerPosition": "DEF",
            "round": 14,
            "teamId": "11"
        },
        "3": {
            "pickOverall": 159,
            "pickRound": 3,
            "playerId": "2495184",
            "playerName": "Cameron Jordan",
            "playerPosition": "DL",
            "round": 14,
            "teamId": "6"
        },
        "4": {
            "pickOverall": 160,
            "pickRound": 4,
            "playerId": "2560725",
            "playerName": "Minkah Fitzpatrick",
            "playerPosition": "DB",
            "round": 14,
            "teamId": "8"
        },
        "5": {
            "pickOverall": 161,
            "pickRound": 5,
            "playerId": "100031",
            "playerName": "Tampa Bay Buccaneers",
            "playerPosition": "DEF",
            "round": 14,
            "teamId": "9"
        },
        "6": {
            "pickOverall": 162,
            "pickRound": 6,
            "playerId": "2540232",
            "playerName": "Jack Doyle",
            "playerPosition": "TE",
            "round": 14,
            "teamId": "1"
        },
        "7": {
            "pickOverall": 163,
            "pickRound": 7,
            "playerId": "2534797",
            "playerName": "Greg Zuerlein",
            "playerPosition": "K",
            "round": 14,
            "teamId": "3"
        },
        "8": {
            "pickOverall": 164,
            "pickRound": 8,
            "playerId": "2560955",
            "playerName": "Josh Allen",
            "playerPosition": "QB",
            "round": 14,
            "teamId": "5"
        },
        "9": {
            "pickOverall": 165,
            "pickRound": 9,
            "playerId": "79860",
            "playerName": "Matthew Stafford",
            "playerPosition": "QB",
            "round": 14,
            "teamId": "10"
        },
        "10": {
            "pickOverall": 166,
            "pickRound": 10,
            "playerId": "2558207",
            "playerName": "Jonnu Smith",
            "playerPosition": "TE",
            "round": 14,
            "teamId": "7"
        },
        "11": {
            "pickOverall": 167,
            "pickRound": 11,
            "playerId": "2539290",
            "playerName": "Jordan Poyer",
            "playerPosition": "DB",
            "round": 14,
            "teamId": "12"
        },
        "12": {
            "pickOverall": 168,
            "pickRound": 12,
            "playerId": "2508109",
            "playerName": "Cameron Heyward",
            "playerPosition": "DL",
            "round": 14,
            "teamId": "4"
        }
    },
    "15": {
        "1": {
            "pickOverall": 169,
            "pickRound": 1,
            "playerId": "497326",
            "playerName": "Golden Tate",
            "playerPosition": "WR",
            "round": 15,
            "teamId": "4"
        },
        "2": {
            "pickOverall": 170,
            "pickRound": 2,
            "playerId": "2540162",
            "playerName": "Logan Ryan",
            "playerPosition": "DB",
            "round": 15,
            "teamId": "12"
        },
        "3": {
            "pickOverall": 171,
            "pickRound": 3,
            "playerId": "2560800",
            "playerName": "Baker Mayfield",
            "playerPosition": "QB",
            "round": 15,
            "teamId": "7"
        },
        "4": {
            "pickOverall": 172,
            "pickRound": 4,
            "playerId": "2495807",
            "playerName": "Antoine Bethea",
            "playerPosition": "DB",
            "round": 15,
            "teamId": "10"
        },
        "5": {
            "pickOverall": 173,
            "pickRound": 5,
            "playerId": "2556593",
            "playerName": "Cory Littleton",
            "playerPosition": "LB",
            "round": 15,
            "teamId": "5"
        },
        "6": {
            "pickOverall": 174,
            "pickRound": 6,
            "playerId": "2558009",
            "playerName": "Budda Baker",
            "playerPosition": "DB",
            "round": 15,
            "teamId": "3"
        },
        "7": {
            "pickOverall": 175,
            "pickRound": 7,
            "playerId": "2560995",
            "playerName": "Dallas Goedert",
            "playerPosition": "TE",
            "round": 15,
            "teamId": "1"
        },
        "8": {
            "pickOverall": 176,
            "pickRound": 8,
            "playerId": "2532948",
            "playerName": "Harrison Smith",
            "playerPosition": "DB",
            "round": 15,
            "teamId": "9"
        },
        "9": {
            "pickOverall": 177,
            "pickRound": 9,
            "playerId": "71309",
            "playerName": "Graham Gano",
            "playerPosition": "K",
            "round": 15,
            "teamId": "8"
        },
        "10": {
            "pickOverall": 178,
            "pickRound": 10,
            "playerId": "2555550",
            "playerName": "Justin Simmons",
            "playerPosition": "DB",
            "round": 15,
            "teamId": "6"
        },
        "11": {
            "pickOverall": 179,
            "pickRound": 11,
            "playerId": "2556462",
            "playerName": "Robby Anderson",
            "playerPosition": "WR",
            "round": 15,
            "teamId": "11"
        },
        "12": {
            "pickOverall": 180,
            "pickRound": 12,
            "playerId": "100008",
            "playerName": "Dallas Cowboys",
            "playerPosition": "DEF",
            "round": 15,
            "teamId": "2"
        }
    },
    "16": {
        "1": {
            "pickOverall": 181,
            "pickRound": 1,
            "playerId": "2506677",
            "playerName": "Matt Prater",
            "playerPosition": "K",
            "round": 16,
            "teamId": "2"
        },
        "2": {
            "pickOverall": 182,
            "pickRound": 2,
            "playerId": "2506121",
            "playerName": "Philip Rivers",
            "playerPosition": "QB",
            "round": 16,
            "teamId": "11"
        },
        "3": {
            "pickOverall": 183,
            "pickRound": 3,
            "playerId": "2558064",
            "playerName": "T.J. Watt",
            "playerPosition": "LB",
            "round": 16,
            "teamId": "6"
        },
        "4": {
            "pickOverall": 184,
            "pickRound": 4,
            "playerId": "2562629",
            "playerName": "Nick Bosa",
            "playerPosition": "DL",
            "round": 16,
            "teamId": "8"
        },
        "5": {
            "pickOverall": 185,
            "pickRound": 5,
            "playerId": "2543485",
            "playerName": "Aaron Donald",
            "playerPosition": "DL",
            "round": 16,
            "teamId": "9"
        },
        "6": {
            "pickOverall": 186,
            "pickRound": 6,
            "playerId": "100014",
            "playerName": "Indianapolis Colts",
            "playerPosition": "DEF",
            "round": 16,
            "teamId": "1"
        },
        "7": {
            "pickOverall": 187,
            "pickRound": 7,
            "playerId": "2565054",
            "playerName": "Joshua Kelley",
            "playerPosition": "RB",
            "round": 16,
            "teamId": "3"
        },
        "8": {
            "pickOverall": 188,
            "pickRound": 8,
            "playerId": "2533062",
            "playerName": "Stephon Gilmore",
            "playerPosition": "DB",
            "round": 16,
            "teamId": "5"
        },
        "9": {
            "pickOverall": 189,
            "pickRound": 9,
            "playerId": "2562682",
            "playerName": "Alexander Mattison",
            "playerPosition": "RB",
            "round": 16,
            "teamId": "10"
        },
        "10": {
            "pickOverall": 190,
            "pickRound": 10,
            "playerId": "2562699",
            "playerName": "Tony Pollard",
            "playerPosition": "RB",
            "round": 16,
            "teamId": "7"
        },
        "11": {
            "pickOverall": 191,
            "pickRound": 11,
            "playerId": "2553431",
            "playerName": "Dante Fowler Jr.",
            "playerPosition": "DL",
            "round": 16,
            "teamId": "12"
        },
        "12": {
            "pickOverall": 192,
            "pickRound": 12,
            "playerId": "2543715",
            "playerName": "Jerick McKinnon",
            "playerPosition": "RB",
            "round": 16,
            "teamId": "4"
        }
    },
    "17": {
        "1": {
            "pickOverall": 193,
            "pickRound": 1,
            "playerId": "2564970",
            "playerName": "Chase Claypool",
            "playerPosition": "WR",
            "round": 17,
            "teamId": "4"
        },
        "2": {
            "pickOverall": 194,
            "pickRound": 2,
            "playerId": "2564556",
            "playerName": "Justin Jefferson",
            "playerPosition": "WR",
            "round": 17,
            "teamId": "12"
        },
        "3": {
            "pickOverall": 195,
            "pickRound": 3,
            "playerId": "100005",
            "playerName": "Chicago Bears",
            "playerPosition": "DEF",
            "round": 17,
            "teamId": "7"
        },
        "4": {
            "pickOverall": 196,
            "pickRound": 4,
            "playerId": "2555166",
            "playerName": "Joe Schobert",
            "playerPosition": "LB",
            "round": 17,
            "teamId": "10"
        },
        "5": {
            "pickOverall": 197,
            "pickRound": 5,
            "playerId": "2560745",
            "playerName": "Sam Hubbard",
            "playerPosition": "DL",
            "round": 17,
            "teamId": "5"
        },
        "6": {
            "pickOverall": 198,
            "pickRound": 6,
            "playerId": "2559193",
            "playerName": "Blake Jarwin",
            "playerPosition": "TE",
            "round": 17,
            "teamId": "3"
        },
        "7": {
            "pickOverall": 199,
            "pickRound": 7,
            "playerId": "2557979",
            "playerName": "Jamal Adams",
            "playerPosition": "DB",
            "round": 17,
            "teamId": "1"
        },
        "8": {
            "pickOverall": 200,
            "pickRound": 8,
            "playerId": "2562281",
            "playerName": "Damien Harris",
            "playerPosition": "RB",
            "round": 17,
            "teamId": "9"
        },
        "9": {
            "pickOverall": 201,
            "pickRound": 9,
            "playerId": "2495448",
            "playerName": "Randall Cobb",
            "playerPosition": "WR",
            "round": 17,
            "teamId": "8"
        },
        "10": {
            "pickOverall": 202,
            "pickRound": 10,
            "playerId": "2564136",
            "playerName": "Michael Pittman",
            "playerPosition": "WR",
            "round": 17,
            "teamId": "6"
        },
        "11": {
            "pickOverall": 203,
            "pickRound": 11,
            "playerId": "2559205",
            "playerName": "Younghoe Koo",
            "playerPosition": "K",
            "round": 17,
            "teamId": "11"
        },
        "12": {
            "pickOverall": 204,
            "pickRound": 12,
            "playerId": "2560970",
            "playerName": "Jessie Bates",
            "playerPosition": "DB",
            "round": 17,
            "teamId": "2"
        }
    },
    "18": {
        "1": {
            "pickOverall": 205,
            "pickRound": 1,
            "playerId": "2562622",
            "playerName": "Ryquell Armstead",
            "playerPosition": "RB",
            "round": 18,
            "teamId": "2"
        },
        "2": {
            "pickOverall": 206,
            "pickRound": 2,
            "playerId": "2540156",
            "playerName": "Giovani Bernard",
            "playerPosition": "RB",
            "round": 18,
            "teamId": "11"
        },
        "3": {
            "pickOverall": 207,
            "pickRound": 3,
            "playerId": "2562659",
            "playerName": "N'Keal Harry",
            "playerPosition": "WR",
            "round": 18,
            "teamId": "6"
        },
        "4": {
            "pickOverall": 208,
            "pickRound": 4,
            "playerId": "2560711",
            "playerName": "Chase Edmonds",
            "playerPosition": "RB",
            "round": 18,
            "teamId": "8"
        },
        "5": {
            "pickOverall": 209,
            "pickRound": 5,
            "playerId": "2565258",
            "playerName": "Ke'Shawn Vaughn",
            "playerPosition": "RB",
            "round": 18,
            "teamId": "9"
        },
        "6": {
            "pickOverall": 210,
            "pickRound": 6,
            "playerId": "2558178",
            "playerName": "Zane Gonzalez",
            "playerPosition": "K",
            "round": 18,
            "teamId": "1"
        },
        "7": {
            "pickOverall": 211,
            "pickRound": 7,
            "playerId": "2506106",
            "playerName": "Larry Fitzgerald",
            "playerPosition": "WR",
            "round": 18,
            "teamId": "3"
        },
        "8": {
            "pickOverall": 212,
            "pickRound": 8,
            "playerId": "2506109",
            "playerName": "Ben Roethlisberger",
            "playerPosition": "QB",
            "round": 18,
            "teamId": "5"
        },
        "9": {
            "pickOverall": 213,
            "pickRound": 9,
            "playerId": "2555421",
            "playerName": "Yannick Ngakoue",
            "playerPosition": "DL",
            "round": 18,
            "teamId": "10"
        },
        "10": {
            "pickOverall": 214,
            "pickRound": 10,
            "playerId": "2550541",
            "playerName": "Shaquil Barrett",
            "playerPosition": "LB",
            "round": 18,
            "teamId": "7"
        },
        "11": {
            "pickOverall": 215,
            "pickRound": 11,
            "playerId": "2555334",
            "playerName": "Jared Goff",
            "playerPosition": "QB",
            "round": 18,
            "teamId": "12"
        },
        "12": {
            "pickOverall": 216,
            "pickRound": 12,
            "playerId": "2556885",
            "playerName": "Jalen Richard",
            "playerPosition": "RB",
            "round": 18,
            "teamId": "4"
        }
    },
    "19": {
        "1": {
            "pickOverall": 217,
            "pickRound": 1,
            "playerId": "2564499",
            "playerName": "Tua Tagovailoa",
            "playerPosition": "QB",
            "round": 19,
            "teamId": "4"
        },
        "2": {
            "pickOverall": 218,
            "pickRound": 2,
            "playerId": "2562406",
            "playerName": "Bryce Love",
            "playerPosition": "RB",
            "round": 19,
            "teamId": "12"
        },
        "3": {
            "pickOverall": 219,
            "pickRound": 3,
            "playerId": "2507232",
            "playerName": "Mason Crosby",
            "playerPosition": "K",
            "round": 19,
            "teamId": "7"
        },
        "4": {
            "pickOverall": 220,
            "pickRound": 4,
            "playerId": "2556521",
            "playerName": "Ka'imi Fairbairn",
            "playerPosition": "K",
            "round": 19,
            "teamId": "10"
        },
        "5": {
            "pickOverall": 221,
            "pickRound": 5,
            "playerId": "2558172",
            "playerName": "Jake Elliott",
            "playerPosition": "K",
            "round": 19,
            "teamId": "5"
        },
        "6": {
            "pickOverall": 222,
            "pickRound": 6,
            "playerId": "2532956",
            "playerName": "Ryan Tannehill",
            "playerPosition": "QB",
            "round": 19,
            "teamId": "3"
        },
        "7": {
            "pickOverall": 223,
            "pickRound": 7,
            "playerId": "2564223",
            "playerName": "James Robinson",
            "playerPosition": "RB",
            "round": 19,
            "teamId": "1"
        },
        "8": {
            "pickOverall": 224,
            "pickRound": 8,
            "playerId": "2558846",
            "playerName": "Mike Williams",
            "playerPosition": "WR",
            "round": 19,
            "teamId": "9"
        },
        "9": {
            "pickOverall": 225,
            "pickRound": 9,
            "playerId": "2563731",
            "playerName": "Tee Higgins",
            "playerPosition": "WR",
            "round": 19,
            "teamId": "8"
        },
        "10": {
            "pickOverall": 226,
            "pickRound": 10,
            "playerId": "2562305",
            "playerName": "Drew Lock",
            "playerPosition": "QB",
            "round": 19,
            "teamId": "6"
        },
        "11": {
            "pickOverall": 227,
            "pickRound": 11,
            "playerId": "2533538",
            "playerName": "Chandler Jones",
            "playerPosition": "LB",
            "round": 19,
            "teamId": "11"
        },
        "12": {
            "pickOverall": 228,
            "pickRound": 12,
            "playerId": "2560738",
            "playerName": "Chris Herndon",
            "playerPosition": "TE",
            "round": 19,
            "teamId": "2"
        }
    },
    "20": {
        "1": {
            "pickOverall": 229,
            "pickRound": 1,
            "playerId": "2558066",
            "playerName": "Curtis Samuel",
            "playerPosition": "WR",
            "round": 20,
            "teamId": "2"
        },
        "2": {
            "pickOverall": 230,
            "pickRound": 2,
            "playerId": "2495493",
            "playerName": "Justin Houston",
            "playerPosition": "DL",
            "round": 20,
            "teamId": "11"
        },
        "3": {
            "pickOverall": 231,
            "pickRound": 3,
            "playerId": "2560935",
            "playerName": "Darrel Williams",
            "playerPosition": "RB",
            "round": 20,
            "teamId": "6"
        },
        "4": {
            "pickOverall": 232,
            "pickRound": 4,
            "playerId": "2543743",
            "playerName": "Carlos Hyde",
            "playerPosition": "RB",
            "round": 20,
            "teamId": "8"
        },
        "5": {
            "pickOverall": 233,
            "pickRound": 5,
            "playerId": "100028",
            "playerName": "Los Angeles Chargers",
            "playerPosition": "DEF",
            "round": 20,
            "teamId": "9"
        },
        "6": {
            "pickOverall": 234,
            "pickRound": 6,
            "playerId": "2495438",
            "playerName": "Kyle Rudolph",
            "playerPosition": "TE",
            "round": 20,
            "teamId": "1"
        },
        "7": {
            "pickOverall": 235,
            "pickRound": 7,
            "playerId": "2565273",
            "playerName": "Antonio Gandy-Golden",
            "playerPosition": "WR",
            "round": 20,
            "teamId": "3"
        },
        "8": {
            "pickOverall": 236,
            "pickRound": 8,
            "playerId": "2560787",
            "playerName": "Allen Lazard",
            "playerPosition": "WR",
            "round": 20,
            "teamId": "5"
        },
        "9": {
            "pickOverall": 237,
            "pickRound": 9,
            "playerId": "2543465",
            "playerName": "Teddy Bridgewater",
            "playerPosition": "QB",
            "round": 20,
            "teamId": "10"
        },
        "10": {
            "pickOverall": 238,
            "pickRound": 10,
            "playerId": "2560913",
            "playerName": "Tracy Walker",
            "playerPosition": "DB",
            "round": 20,
            "teamId": "7"
        },
        "11": {
            "pickOverall": 239,
            "pickRound": 11,
            "playerId": "2535698",
            "playerName": "Cole Beasley",
            "playerPosition": "WR",
            "round": 20,
            "teamId": "12"
        },
        "12": {
            "pickOverall": 240,
            "pickRound": 12,
            "playerId": "2562707",
            "playerName": "Taylor Rapp",
            "playerPosition": "DB",
            "round": 20,
            "teamId": "4"
        }
    },
    "21": {
        "1": {
            "pickOverall": 241,
            "pickRound": 1,
            "playerId": "2564106",
            "playerName": "Rodrigo Blankenship",
            "playerPosition": "K",
            "round": 21,
            "teamId": "4"
        },
        "2": {
            "pickOverall": 242,
            "pickRound": 2,
            "playerId": "2560742",
            "playerName": "Nyheim Hines",
            "playerPosition": "RB",
            "round": 21,
            "teamId": "12"
        },
        "3": {
            "pickOverall": 243,
            "pickRound": 3,
            "playerId": "744",
            "playerName": "Calais Campbell",
            "playerPosition": "DL",
            "round": 21,
            "teamId": "7"
        },
        "4": {
            "pickOverall": 244,
            "pickRound": 4,
            "playerId": "2649",
            "playerName": "Danny Amendola",
            "playerPosition": "WR",
            "round": 21,
            "teamId": "10"
        },
        "5": {
            "pickOverall": 245,
            "pickRound": 5,
            "playerId": "2560756",
            "playerName": "Justin Jackson",
            "playerPosition": "RB",
            "round": 21,
            "teamId": "5"
        },
        "6": {
            "pickOverall": 246,
            "pickRound": 6,
            "playerId": "2552033",
            "playerName": "Jameis Winston",
            "playerPosition": "QB",
            "round": 21,
            "teamId": "3"
        },
        "7": {
            "pickOverall": 247,
            "pickRound": 7,
            "playerId": "2558976",
            "playerName": "Kenny Moore II",
            "playerPosition": "DB",
            "round": 21,
            "teamId": "1"
        },
        "8": {
            "pickOverall": 248,
            "pickRound": 8,
            "playerId": "2562271",
            "playerName": "Matt Gay",
            "playerPosition": "K",
            "round": 21,
            "teamId": "9"
        },
        "9": {
            "pickOverall": 249,
            "pickRound": 9,
            "playerId": "2562712",
            "playerName": "Hunter Renfrow",
            "playerPosition": "WR",
            "round": 21,
            "teamId": "8"
        },
        "10": {
            "pickOverall": 250,
            "pickRound": 10,
            "playerId": "497278",
            "playerName": "Dez Bryant",
            "playerPosition": "WR",
            "round": 21,
            "teamId": "6"
        },
        "11": {
            "pickOverall": 251,
            "pickRound": 11,
            "playerId": "2562602",
            "playerName": "Khari Willis",
            "playerPosition": "DB",
            "round": 21,
            "teamId": "11"
        },
        "12": {
            "pickOverall": 252,
            "pickRound": 12,
            "playerId": "2563986",
            "playerName": "A.J. Dillon",
            "playerPosition": "RB",
            "round": 21,
            "teamId": "2"
        }
    }
}