[
    {
        "teamId": "5",
        "rank": "1"
    },
    {
        "teamId": "4",
        "rank": "2"
    },
    {
        "teamId": "6",
        "rank": "3"
    },
    {
        "teamId": "1",
        "rank": "4"
    },
    {
        "teamId": "8",
        "rank": "5"
    },
    {
        "teamId": "12",
        "rank": "6"
    },
    {
        "teamId": "2",
        "rank": "7"
    },
    {
        "teamId": "9",
        "rank": "8"
    },
    {
        "teamId": "11",
        "rank": "9"
    },
    {
        "teamId": "3",
        "rank": "10"
    },
    {
        "teamId": "10",
        "rank": "11"
    },
    {
        "teamId": "7",
        "rank": "12"
    }
]