[
    {
        "teamId": "5",
        "rank": "1",
        "record": "14-0-0",
        "pointsFor": 1770.52,
        "pointsAgainst": 1439.5
    },
    {
        "teamId": "4",
        "rank": "2",
        "record": "9-5-0",
        "pointsFor": 1607.94,
        "pointsAgainst": 1485.14
    },
    {
        "teamId": "1",
        "rank": "3",
        "record": "8-6-0",
        "pointsFor": 1555.84,
        "pointsAgainst": 1616.82
    },
    {
        "teamId": "6",
        "rank": "4",
        "record": "8-6-0",
        "pointsFor": 1631.52,
        "pointsAgainst": 1591.38
    },
    {
        "teamId": "8",
        "rank": "5",
        "record": "8-6-0",
        "pointsFor": 1641.08,
        "pointsAgainst": 1528.16
    },
    {
        "teamId": "12",
        "rank": "6",
        "record": "7-7-0",
        "pointsFor": 1558.92,
        "pointsAgainst": 1540.64
    },
    {
        "teamId": "2",
        "rank": "7",
        "record": "7-7-0",
        "pointsFor": 1607.96,
        "pointsAgainst": 1608.26
    },
    {
        "teamId": "9",
        "rank": "8",
        "record": "6-8-0",
        "pointsFor": 1575.68,
        "pointsAgainst": 1434.5
    },
    {
        "teamId": "11",
        "rank": "9",
        "record": "5-9-0",
        "pointsFor": 1437.66,
        "pointsAgainst": 1567.38
    },
    {
        "teamId": "3",
        "rank": "10",
        "record": "5-9-0",
        "pointsFor": 1438.06,
        "pointsAgainst": 1575.86
    },
    {
        "teamId": "10",
        "rank": "11",
        "record": "4-10-0",
        "pointsFor": 1438.86,
        "pointsAgainst": 1734.5
    },
    {
        "teamId": "7",
        "rank": "12",
        "record": "3-11-0",
        "pointsFor": 1452.28,
        "pointsAgainst": 1594.18
    }
]