{
    "week": 13,
    "teamWinner": {
        "teamId": "4",
        "points": 142.1,
        "standings": "8-5-0",
        "starters": [
            {
                "teamPosition": "QB",
                "playerPosition": "QB",
                "playerName": "A. Dalton",
                "playerId": "2495143",
                "points": 27.9
            },
            {
                "teamPosition": "RB",
                "playerPosition": "RB",
                "playerName": "D. McFadden",
                "playerId": "284",
                "points": 7.9
            },
            {
                "teamPosition": "RB",
                "playerPosition": "RB",
                "playerName": "E. Lacy",
                "playerId": "2540168",
                "points": 0.1
            },
            {
                "teamPosition": "WR",
                "playerPosition": "WR",
                "playerName": "B. Marshall",
                "playerId": "2495893",
                "points": 19.1
            },
            {
                "teamPosition": "WR",
                "playerPosition": "WR",
                "playerName": "O. Beckham",
                "playerId": "2543496",
                "points": 21.9
            },
            {
                "teamPosition": "TE",
                "playerPosition": "TE",
                "playerName": "G. Barnidge",
                "playerId": "1060",
                "points": 5.9
            },
            {
                "teamPosition": "W/R",
                "playerPosition": "RB",
                "playerName": "M. Forte",
                "playerId": "234",
                "points": 18.3
            },
            {
                "teamPosition": "K",
                "playerPosition": "K",
                "playerName": "S. Hauschka",
                "playerId": "2507374",
                "points": 8.0
            },
            {
                "teamPosition": "DEF",
                "playerPosition": "DEF",
                "playerName": "Broncos",
                "playerId": "100009",
                "points": 33.0
            }
        ],
        "bench": [
            {
                "teamPosition": "BN",
                "playerPosition": "WR",
                "playerName": "M. Crabtree",
                "playerId": "71269",
                "points": 10.5
            },
            {
                "teamPosition": "BN",
                "playerPosition": "TE",
                "playerName": "R. Gronkowski",
                "playerId": "497240",
                "points": 0.0
            },
            {
                "teamPosition": "BN",
                "playerPosition": "QB",
                "playerName": "C. Palmer",
                "playerId": "2505245",
                "points": 26.24
            },
            {
                "teamPosition": "BN",
                "playerPosition": "WR",
                "playerName": "T. Benjamin",
                "playerId": "2532790",
                "points": 0.0
            },
            {
                "teamPosition": "BN",
                "playerPosition": "RB",
                "playerName": "L. Miller",
                "playerId": "2533034",
                "points": 9.8
            },
            {
                "teamPosition": "BN",
                "playerPosition": "RB",
                "playerName": "C. Hyde",
                "playerId": "2543743",
                "points": 0.0
            }
        ]
    },
    "teamLoser": {
        "teamId": "3",
        "points": 110.14,
        "standings": "3-10-0",
        "starters": [
            {
                "teamPosition": "QB",
                "playerPosition": "QB",
                "playerName": "T. Taylor",
                "playerId": "2495240",
                "points": 35.24
            },
            {
                "teamPosition": "RB",
                "playerPosition": "RB",
                "playerName": "L. Blount",
                "playerId": "497149",
                "points": 5.4
            },
            {
                "teamPosition": "RB",
                "playerPosition": "RB",
                "playerName": "D. Murray",
                "playerId": "2495207",
                "points": 2.4
            },
            {
                "teamPosition": "WR",
                "playerPosition": "WR",
                "playerName": "J. Landry",
                "playerId": "2543488",
                "points": 0.5
            },
            {
                "teamPosition": "WR",
                "playerPosition": "WR",
                "playerName": "B. Cooks",
                "playerId": "2543498",
                "points": 17.4
            },
            {
                "teamPosition": "TE",
                "playerPosition": "TE",
                "playerName": "J. Reed",
                "playerId": "2540160",
                "points": 3.3
            },
            {
                "teamPosition": "W/R",
                "playerPosition": "RB",
                "playerName": "M. Ingram",
                "playerId": "2495466",
                "points": 15.9
            },
            {
                "teamPosition": "K",
                "playerPosition": "K",
                "playerName": "J. Brown",
                "playerId": "2505459",
                "points": 9.0
            },
            {
                "teamPosition": "DEF",
                "playerPosition": "DEF",
                "playerName": "Bengals",
                "playerId": "100006",
                "points": 21.0
            }
        ],
        "bench": [
            {
                "teamPosition": "BN",
                "playerPosition": "QB",
                "playerName": "B. Hoyer",
                "playerId": "81294",
                "points": 28.22
            },
            {
                "teamPosition": "BN",
                "playerPosition": "WR",
                "playerName": "E. Decker",
                "playerId": "497284",
                "points": 10.1
            },
            {
                "teamPosition": "BN",
                "playerPosition": "WR",
                "playerName": "E. Sanders",
                "playerId": "497322",
                "points": 2.4
            },
            {
                "teamPosition": "BN",
                "playerPosition": "WR",
                "playerName": "T. Hilton",
                "playerId": "2532865",
                "points": 3.6
            },
            {
                "teamPosition": "BN",
                "playerPosition": "QB",
                "playerName": "A. Luck",
                "playerId": "2533031",
                "points": 0.0
            },
            {
                "teamPosition": "BN",
                "playerPosition": "RB",
                "playerName": "C. West",
                "playerId": "2550268",
                "points": 4.4
            }
        ]
    }
}