{
    "week": 12,
    "teamWinner": {
        "teamId": "1",
        "points": 129.18,
        "standings": "7-5-0",
        "starters": [
            {
                "teamPosition": "QB",
                "playerPosition": "QB",
                "playerName": "M. Ryan",
                "playerId": "310",
                "points": 18.78
            },
            {
                "teamPosition": "RB",
                "playerPosition": "RB",
                "playerName": "L. Fournette",
                "playerId": "2557973",
                "points": 4.2
            },
            {
                "teamPosition": "RB",
                "playerPosition": "RB",
                "playerName": "S. Perine",
                "playerId": "2558138",
                "points": 13.0
            },
            {
                "teamPosition": "WR",
                "playerPosition": "WR",
                "playerName": "K. Stills",
                "playerId": "2540202",
                "points": 5.7
            },
            {
                "teamPosition": "WR",
                "playerPosition": "WR",
                "playerName": "D. Adams",
                "playerId": "2543495",
                "points": 15.2
            },
            {
                "teamPosition": "TE",
                "playerPosition": "TE",
                "playerName": "E. Engram",
                "playerId": "2557858",
                "points": 1.8
            },
            {
                "teamPosition": "R/W/T",
                "playerPosition": "RB",
                "playerName": "J. Mixon",
                "playerId": "2557976",
                "points": 22.5
            },
            {
                "teamPosition": "K",
                "playerPosition": "K",
                "playerName": "G. Zuerlein",
                "playerId": "2534797",
                "points": 17.0
            },
            {
                "teamPosition": "DEF",
                "playerPosition": "DEF",
                "playerName": "Eagles",
                "playerId": "100025",
                "points": 19.0
            },
            {
                "teamPosition": "LB",
                "playerPosition": "LB",
                "playerName": "L. Kuechly",
                "playerId": "2533056",
                "points": 12.0
            }
        ],
        "bench": [
            {
                "teamPosition": "BN",
                "playerPosition": "WR",
                "playerName": "D. Jackson",
                "playerId": "1581",
                "points": 6.0
            },
            {
                "teamPosition": "BN",
                "playerPosition": "RB",
                "playerName": "L. Blount",
                "playerId": "497149",
                "points": 5.7
            },
            {
                "teamPosition": "BN",
                "playerPosition": "QB",
                "playerName": "A. Smith",
                "playerId": "2506340",
                "points": 14.46
            },
            {
                "teamPosition": "BN",
                "playerPosition": "WR",
                "playerName": "M. Goodwin",
                "playerId": "2539964",
                "points": 7.8
            },
            {
                "teamPosition": "BN",
                "playerPosition": "RB",
                "playerName": "D. Freeman",
                "playerId": "2543583",
                "points": 0.0
            },
            {
                "teamPosition": "BN",
                "playerPosition": "RB",
                "playerName": "K. Drake",
                "playerId": "2555230",
                "points": 6.7
            },
            {
                "teamPosition": "BN",
                "playerPosition": "DEF",
                "playerName": "Chiefs",
                "playerId": "100016",
                "points": 3.0
            }
        ]
    },
    "teamLoser": {
        "teamId": "4",
        "points": 80.44,
        "standings": "6-6-0",
        "starters": [
            {
                "teamPosition": "QB",
                "playerPosition": "QB",
                "playerName": "D. Brees",
                "playerId": "2504775",
                "points": 15.34
            },
            {
                "teamPosition": "RB",
                "playerPosition": "RB",
                "playerName": "C. Anderson",
                "playerId": "2540269",
                "points": 1.2
            },
            {
                "teamPosition": "RB",
                "playerPosition": "RB",
                "playerName": "J. Howard",
                "playerId": "2555418",
                "points": 3.9
            },
            {
                "teamPosition": "WR",
                "playerPosition": "WR",
                "playerName": "T. Hill",
                "playerId": "2556214",
                "points": 6.4
            },
            {
                "teamPosition": "WR",
                "playerPosition": "WR",
                "playerName": "M. Thomas",
                "playerId": "2556370",
                "points": 6.2
            },
            {
                "teamPosition": "TE",
                "playerPosition": "TE",
                "playerName": "T. Kelce",
                "playerId": "2540258",
                "points": 3.9
            },
            {
                "teamPosition": "R/W/T",
                "playerPosition": "RB",
                "playerName": "I. Crowell",
                "playerId": "2550189",
                "points": 10.5
            },
            {
                "teamPosition": "K",
                "playerPosition": "K",
                "playerName": "J. Lambo",
                "playerId": "2553833",
                "points": 7.0
            },
            {
                "teamPosition": "DEF",
                "playerPosition": "DEF",
                "playerName": "Ravens",
                "playerId": "100002",
                "points": 15.0
            },
            {
                "teamPosition": "LB",
                "playerPosition": "LB",
                "playerName": "B. Wagner",
                "playerId": "2532966",
                "points": 11.0
            }
        ],
        "bench": [
            {
                "teamPosition": "BN",
                "playerPosition": "RB",
                "playerName": "J. Stewart",
                "playerId": "949",
                "points": 10.6
            },
            {
                "teamPosition": "BN",
                "playerPosition": "QB",
                "playerName": "E. Manning",
                "playerId": "2505996",
                "points": 0.42
            },
            {
                "teamPosition": "BN",
                "playerPosition": "RB",
                "playerName": "F. Gore",
                "playerId": "2506404",
                "points": 13.9
            },
            {
                "teamPosition": "BN",
                "playerPosition": "TE",
                "playerName": "J. Doyle",
                "playerId": "2540232",
                "points": 9.4
            },
            {
                "teamPosition": "BN",
                "playerPosition": "WR",
                "playerName": "D. Funchess",
                "playerId": "2552458",
                "points": 10.8
            },
            {
                "teamPosition": "BN",
                "playerPosition": "WR",
                "playerName": "J. Smith-Schuster",
                "playerId": "2558149",
                "points": 0.0
            },
            {
                "teamPosition": "BN",
                "playerPosition": "DEF",
                "playerName": "Broncos",
                "playerId": "100009",
                "points": 6.0
            }
        ]
    }
}