{
    "week": 3,
    "teamWinner": {
        "teamId": "9",
        "points": 144.56,
        "standings": "3-0-0",
        "starters": [
            {
                "teamPosition": "QB",
                "playerPosition": "QB",
                "playerName": "P. Mahomes",
                "playerId": "2558125",
                "points": 34.86
            },
            {
                "teamPosition": "RB",
                "playerPosition": "RB",
                "playerName": "P. Barber",
                "playerId": "2556466",
                "points": 5.5
            },
            {
                "teamPosition": "RB",
                "playerPosition": "RB",
                "playerName": "A. Kamara",
                "playerId": "2558019",
                "points": 28.1
            },
            {
                "teamPosition": "WR",
                "playerPosition": "WR",
                "playerName": "A. Thielen",
                "playerId": "2541785",
                "points": 17.6
            },
            {
                "teamPosition": "WR",
                "playerPosition": "WR",
                "playerName": "C. Kupp",
                "playerId": "2557898",
                "points": 23.1
            },
            {
                "teamPosition": "TE",
                "playerPosition": "TE",
                "playerName": "M. Andrews",
                "playerId": "2560957",
                "points": 1.5
            },
            {
                "teamPosition": "R/W/T",
                "playerPosition": "WR",
                "playerName": "S. Watkins",
                "playerId": "2543457",
                "points": 5.4
            },
            {
                "teamPosition": "K",
                "playerPosition": "K",
                "playerName": "W. Lutz",
                "playerId": "2556601",
                "points": 3.0
            },
            {
                "teamPosition": "DEF",
                "playerPosition": "DEF",
                "playerName": "Bills",
                "playerId": "100003",
                "points": 21.0
            },
            {
                "teamPosition": "DL",
                "playerPosition": "DL",
                "playerName": "C. Dunlap",
                "playerId": "496780",
                "points": 2.0
            },
            {
                "teamPosition": "LB",
                "playerPosition": "LB",
                "playerName": "A. Barr",
                "playerId": "2543459",
                "points": 0.0
            },
            {
                "teamPosition": "DB",
                "playerPosition": "DB",
                "playerName": "L. Ryan",
                "playerId": "2540162",
                "points": 2.5
            }
        ],
        "bench": [
            {
                "teamPosition": "BN",
                "playerPosition": "RB",
                "playerName": "D. Sproles",
                "playerId": "2506467",
                "points": 0.4
            },
            {
                "teamPosition": "BN",
                "playerPosition": "TE",
                "playerName": "V. McDonald",
                "playerId": "2540215",
                "points": 1.0
            },
            {
                "teamPosition": "BN",
                "playerPosition": "WR",
                "playerName": "A. Wilson",
                "playerId": "2550272",
                "points": 0.0
            },
            {
                "teamPosition": "BN",
                "playerPosition": "QB",
                "playerName": "J. Winston",
                "playerId": "2552033",
                "points": 30.5
            },
            {
                "teamPosition": "BN",
                "playerPosition": "WR",
                "playerName": "P. Dorsett",
                "playerId": "2552424",
                "points": 12.5
            },
            {
                "teamPosition": "BN",
                "playerPosition": "RB",
                "playerName": "K. Drake",
                "playerId": "2555230",
                "points": 3.2
            },
            {
                "teamPosition": "BN",
                "playerPosition": "WR",
                "playerName": "C. Kirk",
                "playerId": "2560781",
                "points": 5.9
            },
            {
                "teamPosition": "BN",
                "playerPosition": "RB",
                "playerName": "D. Harris",
                "playerId": "2562281",
                "points": 0.0
            },
            {
                "teamPosition": "BN",
                "playerPosition": "DEF",
                "playerName": "Vikings",
                "playerId": "100020",
                "points": 13.0
            }
        ]
    },
    "teamLoser": {
        "teamId": "10",
        "points": 80.44,
        "standings": "2-1-0",
        "starters": [
            {
                "teamPosition": "QB",
                "playerPosition": "QB",
                "playerName": "T. Brady",
                "playerId": "2504211",
                "points": 24.14
            },
            {
                "teamPosition": "RB",
                "playerPosition": "RB",
                "playerName": "L. Fournette",
                "playerId": "2557973",
                "points": 9.2
            },
            {
                "teamPosition": "RB",
                "playerPosition": "RB",
                "playerName": "S. Michel",
                "playerId": "2560809",
                "points": 7.1
            },
            {
                "teamPosition": "WR",
                "playerPosition": "WR",
                "playerName": "T. Boyd",
                "playerId": "2555466",
                "points": 7.8
            },
            {
                "teamPosition": "WR",
                "playerPosition": "WR",
                "playerName": "J. Ross",
                "playerId": "2558010",
                "points": -1.8
            },
            {
                "teamPosition": "TE",
                "playerPosition": "TE",
                "playerName": "J. Witten",
                "playerId": "2505629",
                "points": 5.4
            },
            {
                "teamPosition": "R/W/T",
                "playerPosition": "WR",
                "playerName": "O. Beckham",
                "playerId": "2543496",
                "points": 5.6
            },
            {
                "teamPosition": "K",
                "playerPosition": "K",
                "playerName": "R. Gould",
                "playerId": "2506264",
                "points": 4.0
            },
            {
                "teamPosition": "DEF",
                "playerPosition": "DEF",
                "playerName": "Ravens",
                "playerId": "100002",
                "points": 1.0
            },
            {
                "teamPosition": "DL",
                "playerPosition": "DL",
                "playerName": "M. Ingram",
                "playerId": "2532870",
                "points": 4.0
            },
            {
                "teamPosition": "LB",
                "playerPosition": "LB",
                "playerName": "T. Watt",
                "playerId": "2558064",
                "points": 8.0
            },
            {
                "teamPosition": "DB",
                "playerPosition": "DB",
                "playerName": "R. Darby",
                "playerId": "2552689",
                "points": 6.0
            }
        ],
        "bench": [
            {
                "teamPosition": "BN",
                "playerPosition": "WR",
                "playerName": "D. Amendola",
                "playerId": "2649",
                "points": 3.7
            },
            {
                "teamPosition": "BN",
                "playerPosition": "WR",
                "playerName": "A. Brown",
                "playerId": "2508061",
                "points": 0.0
            },
            {
                "teamPosition": "BN",
                "playerPosition": "RB",
                "playerName": "R. Burkhead",
                "playerId": "2539265",
                "points": 12.9
            },
            {
                "teamPosition": "BN",
                "playerPosition": "WR",
                "playerName": "D. Parker",
                "playerId": "2552409",
                "points": 5.6
            },
            {
                "teamPosition": "BN",
                "playerPosition": "TE",
                "playerName": "C. Uzomah",
                "playerId": "2552559",
                "points": 0.0
            },
            {
                "teamPosition": "BN",
                "playerPosition": "RB",
                "playerName": "K. Hunt",
                "playerId": "2557917",
                "points": 0.0
            },
            {
                "teamPosition": "BN",
                "playerPosition": "RB",
                "playerName": "R. Freeman",
                "playerId": "2560733",
                "points": 7.3
            },
            {
                "teamPosition": "BN",
                "playerPosition": "RB",
                "playerName": "D. Henderson",
                "playerId": "2562574",
                "points": 0.0
            },
            {
                "teamPosition": "BN",
                "playerPosition": "DB",
                "playerName": "J. Jenkins",
                "playerId": "2532875",
                "points": 6.0
            }
        ]
    }
}