{
    "week": 3,
    "teamWinner": {
        "teamId": "1",
        "points": 119.02,
        "standings": "2-1-0",
        "starters": [
            {
                "teamPosition": "QB",
                "playerPosition": "QB",
                "playerName": "J. Allen",
                "playerId": "2560955",
                "points": 19.32
            },
            {
                "teamPosition": "RB",
                "playerPosition": "RB",
                "playerName": "T. Gurley",
                "playerId": "2552475",
                "points": 5.3
            },
            {
                "teamPosition": "RB",
                "playerPosition": "RB",
                "playerName": "M. Breida",
                "playerId": "2558918",
                "points": 8.8
            },
            {
                "teamPosition": "WR",
                "playerPosition": "WR",
                "playerName": "N. Agholor",
                "playerId": "2552600",
                "points": 13.0
            },
            {
                "teamPosition": "WR",
                "playerPosition": "WR",
                "playerName": "J. Smith-Schuster",
                "playerId": "2558149",
                "points": 16.1
            },
            {
                "teamPosition": "TE",
                "playerPosition": "TE",
                "playerName": "E. Ebron",
                "playerId": "2543466",
                "points": 4.7
            },
            {
                "teamPosition": "R/W/T",
                "playerPosition": "RB",
                "playerName": "M. Mack",
                "playerId": "2558123",
                "points": 14.8
            },
            {
                "teamPosition": "K",
                "playerPosition": "K",
                "playerName": "S. Gostkowski",
                "playerId": "2506922",
                "points": 5.0
            },
            {
                "teamPosition": "DEF",
                "playerPosition": "DEF",
                "playerName": "Colts",
                "playerId": "100014",
                "points": 4.0
            },
            {
                "teamPosition": "DL",
                "playerPosition": "DL",
                "playerName": "J. Watt",
                "playerId": "2495488",
                "points": 8.0
            },
            {
                "teamPosition": "LB",
                "playerPosition": "LB",
                "playerName": "J. Hicks",
                "playerId": "2552315",
                "points": 8.0
            },
            {
                "teamPosition": "DB",
                "playerPosition": "DB",
                "playerName": "J. Adams",
                "playerId": "2557979",
                "points": 12.0
            }
        ],
        "bench": [
            {
                "teamPosition": "BN",
                "playerPosition": "QB",
                "playerName": "D. Brees",
                "playerId": "2504775",
                "points": 0.0
            },
            {
                "teamPosition": "BN",
                "playerPosition": "RB",
                "playerName": "A. Peterson",
                "playerId": "2507164",
                "points": 3.4
            },
            {
                "teamPosition": "BN",
                "playerPosition": "WR",
                "playerName": "R. Woods",
                "playerId": "2540169",
                "points": 5.8
            },
            {
                "teamPosition": "BN",
                "playerPosition": "RB",
                "playerName": "C. Hyde",
                "playerId": "2543743",
                "points": 7.9
            },
            {
                "teamPosition": "BN",
                "playerPosition": "WR",
                "playerName": "C. Ridley",
                "playerId": "2560854",
                "points": 0.6
            },
            {
                "teamPosition": "BN",
                "playerPosition": "QB",
                "playerName": "M. Rudolph",
                "playerId": "2560860",
                "points": 16.46
            },
            {
                "teamPosition": "BN",
                "playerPosition": "QB",
                "playerName": "K. Murray",
                "playerId": "2562382",
                "points": 20.82
            },
            {
                "teamPosition": "BN",
                "playerPosition": "DEF",
                "playerName": "Rams",
                "playerId": "100017",
                "points": 15.0
            },
            {
                "teamPosition": "BN",
                "playerPosition": "LB",
                "playerName": "D. Leonard",
                "playerId": "2560789",
                "points": 0.0
            }
        ]
    },
    "teamLoser": {
        "teamId": "4",
        "points": 99.38,
        "standings": "1-2-0",
        "starters": [
            {
                "teamPosition": "QB",
                "playerPosition": "QB",
                "playerName": "J. Garoppolo",
                "playerId": "2543801",
                "points": 6.38
            },
            {
                "teamPosition": "RB",
                "playerPosition": "RB",
                "playerName": "M. Brown",
                "playerId": "2552382",
                "points": 0.7
            },
            {
                "teamPosition": "RB",
                "playerPosition": "RB",
                "playerName": "K. Johnson",
                "playerId": "2560765",
                "points": 10.3
            },
            {
                "teamPosition": "WR",
                "playerPosition": "WR",
                "playerName": "A. Cooper",
                "playerId": "2552487",
                "points": 20.8
            },
            {
                "teamPosition": "WR",
                "playerPosition": "WR",
                "playerName": "M. Thomas",
                "playerId": "2556370",
                "points": 11.4
            },
            {
                "teamPosition": "TE",
                "playerPosition": "TE",
                "playerName": "T. Hockenson",
                "playerId": "2562378",
                "points": 0.1
            },
            {
                "teamPosition": "R/W/T",
                "playerPosition": "WR",
                "playerName": "D. Metcalf",
                "playerId": "2562685",
                "points": 6.7
            },
            {
                "teamPosition": "K",
                "playerPosition": "K",
                "playerName": "D. Hopkins",
                "playerId": "2539227",
                "points": 2.0
            },
            {
                "teamPosition": "DEF",
                "playerPosition": "DEF",
                "playerName": "Lions",
                "playerId": "100010",
                "points": 20.0
            },
            {
                "teamPosition": "DL",
                "playerPosition": "DL",
                "playerName": "S. Hubbard",
                "playerId": "2560745",
                "points": 8.0
            },
            {
                "teamPosition": "LB",
                "playerPosition": "LB",
                "playerName": "L. Vander Esch",
                "playerId": "2560908",
                "points": 5.0
            },
            {
                "teamPosition": "DB",
                "playerPosition": "DB",
                "playerName": "A. Bethea",
                "playerId": "2495807",
                "points": 8.0
            }
        ],
        "bench": [
            {
                "teamPosition": "BN",
                "playerPosition": "WR",
                "playerName": "A. Green",
                "playerId": "2495450",
                "points": 0.0
            },
            {
                "teamPosition": "BN",
                "playerPosition": "QB",
                "playerName": "C. Newton",
                "playerId": "2495455",
                "points": 0.0
            },
            {
                "teamPosition": "BN",
                "playerPosition": "WR",
                "playerName": "L. Fitzgerald",
                "playerId": "2506106",
                "points": 9.6
            },
            {
                "teamPosition": "BN",
                "playerPosition": "RB",
                "playerName": "D. Williams",
                "playerId": "2550512",
                "points": 0.0
            },
            {
                "teamPosition": "BN",
                "playerPosition": "TE",
                "playerName": "A. Hooper",
                "playerId": "2555415",
                "points": 18.6
            },
            {
                "teamPosition": "BN",
                "playerPosition": "WR",
                "playerName": "D. Robinson",
                "playerId": "2555478",
                "points": 10.3
            },
            {
                "teamPosition": "BN",
                "playerPosition": "WR",
                "playerName": "T. Hill",
                "playerId": "2556214",
                "points": 0.0
            },
            {
                "teamPosition": "BN",
                "playerPosition": "WR",
                "playerName": "D. Westbrook",
                "playerId": "2557895",
                "points": 5.0
            },
            {
                "teamPosition": "BN",
                "playerPosition": "RB",
                "playerName": "I. Smith",
                "playerId": "2559924",
                "points": 0.0
            }
        ]
    }
}