{
    "week": 2,
    "teamWinner": {
        "teamId": "14",
        "points": 151.36,
        "standings": "1-1-0",
        "starters": [
            {
                "teamPosition": "QB",
                "playerPosition": "QB",
                "playerName": "K. Cousins",
                "playerId": "2532820",
                "points": 31.26
            },
            {
                "teamPosition": "RB",
                "playerPosition": "RB",
                "playerName": "R. Jones",
                "playerId": "2560770",
                "points": 4.1
            },
            {
                "teamPosition": "RB",
                "playerPosition": "RB",
                "playerName": "D. Harris",
                "playerId": "2562281",
                "points": 12.9
            },
            {
                "teamPosition": "WR",
                "playerPosition": "WR",
                "playerName": "D. Hopkins",
                "playerId": "2540165",
                "points": 13.4
            },
            {
                "teamPosition": "WR",
                "playerPosition": "WR",
                "playerName": "N. Agholor",
                "playerId": "2552600",
                "points": 3.6
            },
            {
                "teamPosition": "TE",
                "playerPosition": "TE",
                "playerName": "T. Kelce",
                "playerId": "2540258",
                "points": 21.4
            },
            {
                "teamPosition": "R/W/T",
                "playerPosition": "WR",
                "playerName": "T. McLaurin",
                "playerId": "2562489",
                "points": 23.2
            },
            {
                "teamPosition": "K",
                "playerPosition": "K",
                "playerName": "G. Gano",
                "playerId": "71309",
                "points": 16.0
            },
            {
                "teamPosition": "DEF",
                "playerPosition": "DEF",
                "playerName": "Browns",
                "playerId": "100007",
                "points": 10.0
            },
            {
                "teamPosition": "DL",
                "playerPosition": "DL",
                "playerName": "D. Buckner",
                "playerId": "2555275",
                "points": 5.0
            },
            {
                "teamPosition": "LB",
                "playerPosition": "LB",
                "playerName": "J. Baker",
                "playerId": "2560966",
                "points": 5.5
            },
            {
                "teamPosition": "DB",
                "playerPosition": "DB",
                "playerName": "J. Ramsey",
                "playerId": "2555280",
                "points": 5.0
            }
        ],
        "bench": [
            {
                "teamPosition": "BN",
                "playerPosition": "RB",
                "playerName": "C. Patterson",
                "playerId": "2540145",
                "points": 22.4
            },
            {
                "teamPosition": "BN",
                "playerPosition": "RB",
                "playerName": "J. McKissic",
                "playerId": "2556440",
                "points": 17.8
            },
            {
                "teamPosition": "BN",
                "playerPosition": "WR",
                "playerName": "C. Davis",
                "playerId": "2557848",
                "points": 1.8
            },
            {
                "teamPosition": "BN",
                "playerPosition": "RB",
                "playerName": "M. Gaskin",
                "playerId": "2562270",
                "points": 6.6
            },
            {
                "teamPosition": "BN",
                "playerPosition": "RB",
                "playerName": "J. Hasty",
                "playerId": "2565108",
                "points": 7.9
            },
            {
                "teamPosition": "BN",
                "playerPosition": "QB",
                "playerName": "J. Fields",
                "playerId": "2565920",
                "points": 2.8
            },
            {
                "teamPosition": "BN",
                "playerPosition": "RB",
                "playerName": "K. Gainwell",
                "playerId": "2566397",
                "points": 6.2
            },
            {
                "teamPosition": "RES",
                "playerPosition": "WR",
                "playerName": "T. Smith",
                "playerId": "2560878",
                "points": 0.0
            }
        ]
    },
    "teamLoser": {
        "teamId": "5",
        "points": 144.02,
        "standings": "1-1-0",
        "starters": [
            {
                "teamPosition": "QB",
                "playerPosition": "QB",
                "playerName": "R. Wilson",
                "playerId": "2532975",
                "points": 26.42
            },
            {
                "teamPosition": "RB",
                "playerPosition": "RB",
                "playerName": "J. Mixon",
                "playerId": "2557976",
                "points": 8.1
            },
            {
                "teamPosition": "RB",
                "playerPosition": "RB",
                "playerName": "D. Swift",
                "playerId": "2563965",
                "points": 9.8
            },
            {
                "teamPosition": "WR",
                "playerPosition": "WR",
                "playerName": "A. Cooper",
                "playerId": "2552487",
                "points": 3.9
            },
            {
                "teamPosition": "WR",
                "playerPosition": "WR",
                "playerName": "T. Hill",
                "playerId": "2556214",
                "points": 4.4
            },
            {
                "teamPosition": "TE",
                "playerPosition": "TE",
                "playerName": "T. Hockenson",
                "playerId": "2562378",
                "points": 16.6
            },
            {
                "teamPosition": "R/W/T",
                "playerPosition": "WR",
                "playerName": "B. Cooks",
                "playerId": "2543498",
                "points": 18.3
            },
            {
                "teamPosition": "K",
                "playerPosition": "K",
                "playerName": "Y. Koo",
                "playerId": "2559205",
                "points": 4.0
            },
            {
                "teamPosition": "DEF",
                "playerPosition": "DEF",
                "playerName": "Buccaneers",
                "playerId": "100031",
                "points": 26.0
            },
            {
                "teamPosition": "DL",
                "playerPosition": "DL",
                "playerName": "J. Bosa",
                "playerId": "2555249",
                "points": 2.5
            },
            {
                "teamPosition": "LB",
                "playerPosition": "LB",
                "playerName": "R. Smith",
                "playerId": "2560877",
                "points": 18.0
            },
            {
                "teamPosition": "DB",
                "playerPosition": "DB",
                "playerName": "L. Ryan",
                "playerId": "2540162",
                "points": 6.0
            }
        ],
        "bench": [
            {
                "teamPosition": "BN",
                "playerPosition": "WR",
                "playerName": "R. Cobb",
                "playerId": "2495448",
                "points": 4.1
            },
            {
                "teamPosition": "BN",
                "playerPosition": "WR",
                "playerName": "J. Crowder",
                "playerId": "2552415",
                "points": 0.0
            },
            {
                "teamPosition": "BN",
                "playerPosition": "TE",
                "playerName": "E. Engram",
                "playerId": "2557858",
                "points": 0.0
            },
            {
                "teamPosition": "BN",
                "playerPosition": "RB",
                "playerName": "N. Hines",
                "playerId": "2560742",
                "points": 2.7
            },
            {
                "teamPosition": "BN",
                "playerPosition": "RB",
                "playerName": "A. Dillon",
                "playerId": "2563986",
                "points": 3.1
            },
            {
                "teamPosition": "BN",
                "playerPosition": "QB",
                "playerName": "Z. Wilson",
                "playerId": "2566391",
                "points": -2.1
            },
            {
                "teamPosition": "BN",
                "playerPosition": "DEF",
                "playerName": "Cardinals",
                "playerId": "100026",
                "points": 2.0
            }
        ]
    }
}