{
    "week": 7,
    "teamWinner": {
        "teamId": "8",
        "points": 165.24,
        "standings": "5-2-0",
        "starters": [
            {
                "teamPosition": "QB",
                "playerPosition": "QB",
                "playerName": "A. Luck",
                "playerId": "2533031",
                "points": 29.74
            },
            {
                "teamPosition": "RB",
                "playerPosition": "RB",
                "playerName": "M. Gordon",
                "playerId": "2552469",
                "points": 0.0
            },
            {
                "teamPosition": "RB",
                "playerPosition": "RB",
                "playerName": "T. Yeldon",
                "playerId": "2552471",
                "points": 14.8
            },
            {
                "teamPosition": "WR",
                "playerPosition": "WR",
                "playerName": "A. Jeffery",
                "playerId": "2533039",
                "points": 14.8
            },
            {
                "teamPosition": "WR",
                "playerPosition": "WR",
                "playerName": "A. Thielen",
                "playerId": "2541785",
                "points": 17.0
            },
            {
                "teamPosition": "TE",
                "playerPosition": "TE",
                "playerName": "B. Watson",
                "playerId": "2506122",
                "points": 10.3
            },
            {
                "teamPosition": "R/W/T",
                "playerPosition": "RB",
                "playerName": "P. Lindsay",
                "playerId": "2559947",
                "points": 15.6
            },
            {
                "teamPosition": "K",
                "playerPosition": "K",
                "playerName": "D. Bailey",
                "playerId": "2495259",
                "points": 9.0
            },
            {
                "teamPosition": "DEF",
                "playerPosition": "DEF",
                "playerName": "Texans",
                "playerId": "100013",
                "points": 25.0
            },
            {
                "teamPosition": "DL",
                "playerPosition": "DL",
                "playerName": "M. Garrett",
                "playerId": "2557965",
                "points": 12.0
            },
            {
                "teamPosition": "LB",
                "playerPosition": "LB",
                "playerName": "C. Kirksey",
                "playerId": "2543720",
                "points": 13.0
            },
            {
                "teamPosition": "DB",
                "playerPosition": "DB",
                "playerName": "D. Ward",
                "playerId": "2560916",
                "points": 4.0
            }
        ],
        "bench": [
            {
                "teamPosition": "BN",
                "playerPosition": "TE",
                "playerName": "R. Gronkowski",
                "playerId": "497240",
                "points": 0.0
            },
            {
                "teamPosition": "BN",
                "playerPosition": "WR",
                "playerName": "J. Gordon",
                "playerId": "2537931",
                "points": 10.0
            },
            {
                "teamPosition": "BN",
                "playerPosition": "WR",
                "playerName": "S. Watkins",
                "playerId": "2543457",
                "points": 8.4
            },
            {
                "teamPosition": "BN",
                "playerPosition": "WR",
                "playerName": "A. Cooper",
                "playerId": "2552487",
                "points": 0.0
            },
            {
                "teamPosition": "BN",
                "playerPosition": "QB",
                "playerName": "M. Trubisky",
                "playerId": "2558008",
                "points": 33.42
            },
            {
                "teamPosition": "BN",
                "playerPosition": "RB",
                "playerName": "N. Chubb",
                "playerId": "2561021",
                "points": 14.0
            },
            {
                "teamPosition": "BN",
                "playerPosition": "DEF",
                "playerName": "Bears",
                "playerId": "100005",
                "points": 10.0
            },
            {
                "teamPosition": "BN",
                "playerPosition": "LB",
                "playerName": "K. Mack",
                "playerId": "2543463",
                "points": 1.0
            },
            {
                "teamPosition": "BN",
                "playerPosition": "DB",
                "playerName": "D. James",
                "playerId": "2560760",
                "points": 5.0
            }
        ]
    },
    "teamLoser": {
        "teamId": "1",
        "points": 89.96,
        "standings": "3-4-0",
        "starters": [
            {
                "teamPosition": "QB",
                "playerPosition": "QB",
                "playerName": "M. Ryan",
                "playerId": "310",
                "points": 21.26
            },
            {
                "teamPosition": "RB",
                "playerPosition": "RB",
                "playerName": "T. Coleman",
                "playerId": "2552453",
                "points": 14.2
            },
            {
                "teamPosition": "RB",
                "playerPosition": "RB",
                "playerName": "M. Breida",
                "playerId": "2558918",
                "points": -2.5
            },
            {
                "teamPosition": "WR",
                "playerPosition": "WR",
                "playerName": "M. Thomas",
                "playerId": "2556370",
                "points": 12.9
            },
            {
                "teamPosition": "WR",
                "playerPosition": "WR",
                "playerName": "C. Ridley",
                "playerId": "2560854",
                "points": 4.3
            },
            {
                "teamPosition": "TE",
                "playerPosition": "TE",
                "playerName": "E. Ebron",
                "playerId": "2543466",
                "points": 3.1
            },
            {
                "teamPosition": "R/W/T",
                "playerPosition": "WR",
                "playerName": "K. Golladay",
                "playerId": "2558052",
                "points": 3.7
            },
            {
                "teamPosition": "K",
                "playerPosition": "K",
                "playerName": "A. Vinatieri",
                "playerId": "2503471",
                "points": 4.0
            },
            {
                "teamPosition": "DEF",
                "playerPosition": "DEF",
                "playerName": "Jaguars",
                "playerId": "100015",
                "points": 3.0
            },
            {
                "teamPosition": "DL",
                "playerPosition": "DL",
                "playerName": "J. Pierre-Paul",
                "playerId": "496843",
                "points": 6.0
            },
            {
                "teamPosition": "LB",
                "playerPosition": "LB",
                "playerName": "D. Leonard",
                "playerId": "2560789",
                "points": 14.0
            },
            {
                "teamPosition": "DB",
                "playerPosition": "DB",
                "playerName": "J. Johnson",
                "playerId": "2558183",
                "points": 6.0
            }
        ],
        "bench": [
            {
                "teamPosition": "BN",
                "playerPosition": "WR",
                "playerName": "J. Nelson",
                "playerId": "1032",
                "points": 0.0
            },
            {
                "teamPosition": "BN",
                "playerPosition": "RB",
                "playerName": "C. Thompson",
                "playerId": "2540011",
                "points": 0.0
            },
            {
                "teamPosition": "BN",
                "playerPosition": "WR",
                "playerName": "K. Allen",
                "playerId": "2540154",
                "points": 7.2
            },
            {
                "teamPosition": "BN",
                "playerPosition": "RB",
                "playerName": "L. Bell",
                "playerId": "2540175",
                "points": 0.0
            },
            {
                "teamPosition": "BN",
                "playerPosition": "TE",
                "playerName": "C. Brate",
                "playerId": "2550656",
                "points": -1.7
            },
            {
                "teamPosition": "BN",
                "playerPosition": "WR",
                "playerName": "R. Anderson",
                "playerId": "2556462",
                "points": 4.4
            },
            {
                "teamPosition": "BN",
                "playerPosition": "RB",
                "playerName": "J. Richard",
                "playerId": "2556885",
                "points": 0.0
            },
            {
                "teamPosition": "BN",
                "playerPosition": "RB",
                "playerName": "M. Mack",
                "playerId": "2558123",
                "points": 29.9
            },
            {
                "teamPosition": "BN",
                "playerPosition": "DEF",
                "playerName": "Seahawks",
                "playerId": "100030",
                "points": 0.0
            }
        ]
    }
}