{
    "week": 11,
    "teamWinner": {
        "teamId": "1",
        "points": 104.52,
        "standings": "7-4-0",
        "starters": [
            {
                "teamPosition": "QB",
                "playerPosition": "QB",
                "playerName": "P. Rivers",
                "playerId": "2506121",
                "points": 4.92
            },
            {
                "teamPosition": "RB",
                "playerPosition": "RB",
                "playerName": "L. McCoy",
                "playerId": "79607",
                "points": 18.3
            },
            {
                "teamPosition": "RB",
                "playerPosition": "RB",
                "playerName": "L. Miller",
                "playerId": "2533034",
                "points": 5.5
            },
            {
                "teamPosition": "WR",
                "playerPosition": "WR",
                "playerName": "D. Bryant",
                "playerId": "497278",
                "points": 10.5
            },
            {
                "teamPosition": "WR",
                "playerPosition": "WR",
                "playerName": "D. Hopkins",
                "playerId": "2540165",
                "points": 24.8
            },
            {
                "teamPosition": "TE",
                "playerPosition": "TE",
                "playerName": "A. Gates",
                "playerId": "2505299",
                "points": 0.6
            },
            {
                "teamPosition": "W/R",
                "playerPosition": "WR",
                "playerName": "A. Hurns",
                "playerId": "2550353",
                "points": 1.9
            },
            {
                "teamPosition": "K",
                "playerPosition": "K",
                "playerName": "M. Crosby",
                "playerId": "2507232",
                "points": 27.0
            },
            {
                "teamPosition": "DEF",
                "playerPosition": "DEF",
                "playerName": "Rams",
                "playerId": "100017",
                "points": 11.0
            }
        ],
        "bench": [
            {
                "teamPosition": "BN",
                "playerPosition": "TE",
                "playerName": "D. Walker",
                "playerId": "2495966",
                "points": 10.9
            },
            {
                "teamPosition": "BN",
                "playerPosition": "RB",
                "playerName": "D. Williams",
                "playerId": "2495979",
                "points": 0.0
            },
            {
                "teamPosition": "BN",
                "playerPosition": "WR",
                "playerName": "J. Jones",
                "playerId": "2507183",
                "points": 18.9
            },
            {
                "teamPosition": "BN",
                "playerPosition": "WR",
                "playerName": "M. Floyd",
                "playerId": "2532841",
                "points": 0.0
            },
            {
                "teamPosition": "BN",
                "playerPosition": "QB",
                "playerName": "D. Carr",
                "playerId": "2543499",
                "points": 7.56
            },
            {
                "teamPosition": "BN",
                "playerPosition": "DEF",
                "playerName": "Packers",
                "playerId": "100011",
                "points": 20.0
            }
        ]
    },
    "teamLoser": {
        "teamId": "5",
        "points": 87.78,
        "standings": "8-3-0",
        "starters": [
            {
                "teamPosition": "QB",
                "playerPosition": "QB",
                "playerName": "A. Rodgers",
                "playerId": "2506363",
                "points": 23.08
            },
            {
                "teamPosition": "RB",
                "playerPosition": "RB",
                "playerName": "D. Martin",
                "playerId": "2532899",
                "points": 23.5
            },
            {
                "teamPosition": "RB",
                "playerPosition": "RB",
                "playerName": "K. Williams",
                "playerId": "2552380",
                "points": 1.1
            },
            {
                "teamPosition": "WR",
                "playerPosition": "WR",
                "playerName": "J. Maclin",
                "playerId": "80429",
                "points": 2.9
            },
            {
                "teamPosition": "WR",
                "playerPosition": "WR",
                "playerName": "C. Johnson",
                "playerId": "2495647",
                "points": 8.8
            },
            {
                "teamPosition": "TE",
                "playerPosition": "TE",
                "playerName": "T. Eifert",
                "playerId": "2540148",
                "points": 14.2
            },
            {
                "teamPosition": "W/R",
                "playerPosition": "RB",
                "playerName": "C. Anderson",
                "playerId": "2540269",
                "points": 7.2
            },
            {
                "teamPosition": "K",
                "playerPosition": "K",
                "playerName": "B. McManus",
                "playerId": "2541556",
                "points": 5.0
            },
            {
                "teamPosition": "DEF",
                "playerPosition": "DEF",
                "playerName": "Eagles",
                "playerId": "100025",
                "points": 2.0
            }
        ],
        "bench": [
            {
                "teamPosition": "BN",
                "playerPosition": "QB",
                "playerName": "M. Stafford",
                "playerId": "79860",
                "points": 20.38
            },
            {
                "teamPosition": "BN",
                "playerPosition": "TE",
                "playerName": "L. Green",
                "playerId": "2532853",
                "points": 0.9
            },
            {
                "teamPosition": "BN",
                "playerPosition": "WR",
                "playerName": "A. Jeffery",
                "playerId": "2533039",
                "points": 0.0
            },
            {
                "teamPosition": "BN",
                "playerPosition": "WR",
                "playerName": "M. Bryant",
                "playerId": "2543572",
                "points": 0.0
            },
            {
                "teamPosition": "BN",
                "playerPosition": "RB",
                "playerName": "J. Hill",
                "playerId": "2543603",
                "points": 16.5
            },
            {
                "teamPosition": "BN",
                "playerPosition": "DEF",
                "playerName": "Cardinals",
                "playerId": "100026",
                "points": 11.0
            }
        ]
    }
}