{
    "week": 12,
    "teamWinner": {
        "teamId": "4",
        "points": 115.84,
        "standings": "7-5-0",
        "starters": [
            {
                "teamPosition": "QB",
                "playerPosition": "QB",
                "playerName": "C. Palmer",
                "playerId": "2505245",
                "points": 17.44
            },
            {
                "teamPosition": "RB",
                "playerPosition": "RB",
                "playerName": "C. Johnson",
                "playerId": "262",
                "points": 1.7
            },
            {
                "teamPosition": "RB",
                "playerPosition": "RB",
                "playerName": "D. McFadden",
                "playerId": "284",
                "points": 7.6
            },
            {
                "teamPosition": "WR",
                "playerPosition": "WR",
                "playerName": "B. Marshall",
                "playerId": "2495893",
                "points": 25.1
            },
            {
                "teamPosition": "WR",
                "playerPosition": "WR",
                "playerName": "O. Beckham",
                "playerId": "2543496",
                "points": 20.2
            },
            {
                "teamPosition": "TE",
                "playerPosition": "TE",
                "playerName": "R. Gronkowski",
                "playerId": "497240",
                "points": 14.8
            },
            {
                "teamPosition": "W/R",
                "playerPosition": "WR",
                "playerName": "T. Benjamin",
                "playerId": "2532790",
                "points": 16.0
            },
            {
                "teamPosition": "K",
                "playerPosition": "K",
                "playerName": "S. Hauschka",
                "playerId": "2507374",
                "points": 3.0
            },
            {
                "teamPosition": "DEF",
                "playerPosition": "DEF",
                "playerName": "Broncos",
                "playerId": "100009",
                "points": 10.0
            }
        ],
        "bench": [
            {
                "teamPosition": "BN",
                "playerPosition": "RB",
                "playerName": "M. Forte",
                "playerId": "234",
                "points": 5.3
            },
            {
                "teamPosition": "BN",
                "playerPosition": "RB",
                "playerName": "D. Woodhead",
                "playerId": "4327",
                "points": 4.7
            },
            {
                "teamPosition": "BN",
                "playerPosition": "WR",
                "playerName": "M. Crabtree",
                "playerId": "71269",
                "points": 7.9
            },
            {
                "teamPosition": "BN",
                "playerPosition": "QB",
                "playerName": "A. Dalton",
                "playerId": "2495143",
                "points": 24.72
            },
            {
                "teamPosition": "BN",
                "playerPosition": "RB",
                "playerName": "E. Lacy",
                "playerId": "2540168",
                "points": 17.9
            },
            {
                "teamPosition": "BN",
                "playerPosition": "RB",
                "playerName": "C. Hyde",
                "playerId": "2543743",
                "points": 0.0
            }
        ]
    },
    "teamLoser": {
        "teamId": "8",
        "points": 95.94,
        "standings": "4-8-0",
        "starters": [
            {
                "teamPosition": "QB",
                "playerPosition": "QB",
                "playerName": "E. Manning",
                "playerId": "2505996",
                "points": 15.84
            },
            {
                "teamPosition": "RB",
                "playerPosition": "RB",
                "playerName": "J. Starks",
                "playerId": "497206",
                "points": 8.0
            },
            {
                "teamPosition": "RB",
                "playerPosition": "RB",
                "playerName": "F. Gore",
                "playerId": "2506404",
                "points": 3.7
            },
            {
                "teamPosition": "WR",
                "playerPosition": "WR",
                "playerName": "A. Green",
                "playerId": "2495450",
                "points": 18.1
            },
            {
                "teamPosition": "WR",
                "playerPosition": "WR",
                "playerName": "A. Brown",
                "playerId": "2508061",
                "points": 5.1
            },
            {
                "teamPosition": "TE",
                "playerPosition": "TE",
                "playerName": "J. Witten",
                "playerId": "2505629",
                "points": 3.6
            },
            {
                "teamPosition": "W/R",
                "playerPosition": "WR",
                "playerName": "R. Randle",
                "playerId": "2533533",
                "points": 9.6
            },
            {
                "teamPosition": "K",
                "playerPosition": "K",
                "playerName": "A. Vinatieri",
                "playerId": "2503471",
                "points": 17.0
            },
            {
                "teamPosition": "DEF",
                "playerPosition": "DEF",
                "playerName": "Texans",
                "playerId": "100013",
                "points": 15.0
            }
        ],
        "bench": [
            {
                "teamPosition": "BN",
                "playerPosition": "WR",
                "playerName": "D. Amendola",
                "playerId": "2649",
                "points": 0.0
            },
            {
                "teamPosition": "BN",
                "playerPosition": "RB",
                "playerName": "R. Jennings",
                "playerId": "71345",
                "points": 2.8
            },
            {
                "teamPosition": "BN",
                "playerPosition": "WR",
                "playerName": "J. Edelman",
                "playerId": "238498",
                "points": 0.0
            },
            {
                "teamPosition": "BN",
                "playerPosition": "RB",
                "playerName": "S. Vereen",
                "playerId": "2495473",
                "points": 3.6
            },
            {
                "teamPosition": "BN",
                "playerPosition": "QB",
                "playerName": "T. Brady",
                "playerId": "2504211",
                "points": 29.2
            },
            {
                "teamPosition": "BN",
                "playerPosition": "DEF",
                "playerName": "Seahawks",
                "playerId": "100030",
                "points": 19.0
            }
        ]
    }
}