{
    "week": 12,
    "teamWinner": {
        "teamId": "6",
        "points": 101.5,
        "standings": "2-10-0",
        "starters": [
            {
                "teamPosition": "QB",
                "playerPosition": "QB",
                "playerName": "R. Wilson",
                "playerId": "2532975",
                "points": 45.2
            },
            {
                "teamPosition": "RB",
                "playerPosition": "RB",
                "playerName": "A. Morris",
                "playerId": "2533457",
                "points": 9.0
            },
            {
                "teamPosition": "RB",
                "playerPosition": null,
                "playerName": null,
                "playerId": null,
                "points": null
            },
            {
                "teamPosition": "WR",
                "playerPosition": "WR",
                "playerName": "T. Smith",
                "playerId": "2495459",
                "points": 5.1
            },
            {
                "teamPosition": "WR",
                "playerPosition": "WR",
                "playerName": "K. Allen",
                "playerId": "2540154",
                "points": 0.0
            },
            {
                "teamPosition": "TE",
                "playerPosition": "TE",
                "playerName": "J. Graham",
                "playerId": "497236",
                "points": 7.5
            },
            {
                "teamPosition": "W/R",
                "playerPosition": "RB",
                "playerName": "G. Bernard",
                "playerId": "2540156",
                "points": 6.7
            },
            {
                "teamPosition": "K",
                "playerPosition": "K",
                "playerName": "J. Tucker",
                "playerId": "2536340",
                "points": 12.0
            },
            {
                "teamPosition": "DEF",
                "playerPosition": "DEF",
                "playerName": "Ravens",
                "playerId": "100002",
                "points": 16.0
            }
        ],
        "bench": [
            {
                "teamPosition": "BN",
                "playerPosition": "RB",
                "playerName": "J. Stewart",
                "playerId": "949",
                "points": 7.7
            },
            {
                "teamPosition": "BN",
                "playerPosition": "WR",
                "playerName": "D. Jackson",
                "playerId": "1581",
                "points": 13.6
            },
            {
                "teamPosition": "BN",
                "playerPosition": "RB",
                "playerName": "A. Foster",
                "playerId": "79555",
                "points": 0.0
            },
            {
                "teamPosition": "BN",
                "playerPosition": "QB",
                "playerName": "B. Roethlisberger",
                "playerId": "2506109",
                "points": 23.04
            },
            {
                "teamPosition": "BN",
                "playerPosition": "TE",
                "playerName": "H. Miller",
                "playerId": "2506369",
                "points": 4.5
            },
            {
                "teamPosition": "BN",
                "playerPosition": "WR",
                "playerName": "D. Moncrief",
                "playerId": "2543614",
                "points": 11.4
            },
            {
                "teamPosition": "BN",
                "playerPosition": "DEF",
                "playerName": "49ers",
                "playerId": "100029",
                "points": 3.0
            }
        ]
    },
    "teamLoser": {
        "teamId": "1",
        "points": 88.8,
        "standings": "7-5-0",
        "starters": [
            {
                "teamPosition": "QB",
                "playerPosition": "QB",
                "playerName": "P. Rivers",
                "playerId": "2506121",
                "points": 36.9
            },
            {
                "teamPosition": "RB",
                "playerPosition": "RB",
                "playerName": "L. McCoy",
                "playerId": "79607",
                "points": 14.1
            },
            {
                "teamPosition": "RB",
                "playerPosition": "RB",
                "playerName": "L. Miller",
                "playerId": "2533034",
                "points": 1.3
            },
            {
                "teamPosition": "WR",
                "playerPosition": "WR",
                "playerName": "D. Bryant",
                "playerId": "497278",
                "points": 2.6
            },
            {
                "teamPosition": "WR",
                "playerPosition": "WR",
                "playerName": "D. Hopkins",
                "playerId": "2540165",
                "points": 3.6
            },
            {
                "teamPosition": "TE",
                "playerPosition": "TE",
                "playerName": "A. Gates",
                "playerId": "2505299",
                "points": 17.3
            },
            {
                "teamPosition": "W/R",
                "playerPosition": "WR",
                "playerName": "J. Jones",
                "playerId": "2507183",
                "points": 0.0
            },
            {
                "teamPosition": "K",
                "playerPosition": "K",
                "playerName": "M. Crosby",
                "playerId": "2507232",
                "points": 10.0
            },
            {
                "teamPosition": "DEF",
                "playerPosition": "DEF",
                "playerName": "Packers",
                "playerId": "100011",
                "points": 3.0
            }
        ],
        "bench": [
            {
                "teamPosition": "BN",
                "playerPosition": "TE",
                "playerName": "D. Walker",
                "playerId": "2495966",
                "points": 9.1
            },
            {
                "teamPosition": "BN",
                "playerPosition": "RB",
                "playerName": "D. Williams",
                "playerId": "2495979",
                "points": 17.7
            },
            {
                "teamPosition": "BN",
                "playerPosition": "WR",
                "playerName": "M. Floyd",
                "playerId": "2532841",
                "points": 1.4
            },
            {
                "teamPosition": "BN",
                "playerPosition": "QB",
                "playerName": "D. Carr",
                "playerId": "2543499",
                "points": 29.7
            },
            {
                "teamPosition": "BN",
                "playerPosition": "RB",
                "playerName": "J. Allen",
                "playerId": "2552631",
                "points": 14.4
            },
            {
                "teamPosition": "BN",
                "playerPosition": "DEF",
                "playerName": "Rams",
                "playerId": "100017",
                "points": 4.0
            }
        ]
    }
}