{
    "1": {
        "1": {
            "pickOverall": 1,
            "pickRound": 1,
            "playerId": "2508061",
            "playerName": "Antonio Brown",
            "playerPosition": "WR",
            "round": 1,
            "teamId": "8"
        },
        "2": {
            "pickOverall": 2,
            "pickRound": 2,
            "playerId": "2552475",
            "playerName": "Todd Gurley",
            "playerPosition": "RB",
            "round": 1,
            "teamId": "10"
        },
        "3": {
            "pickOverall": 3,
            "pickRound": 3,
            "playerId": "2543496",
            "playerName": "Odell Beckham",
            "playerPosition": "WR",
            "round": 1,
            "teamId": "3"
        },
        "4": {
            "pickOverall": 4,
            "pickRound": 4,
            "playerId": "2507164",
            "playerName": "Adrian Peterson",
            "playerPosition": "RB",
            "round": 1,
            "teamId": "5"
        },
        "5": {
            "pickOverall": 5,
            "pickRound": 5,
            "playerId": "2495454",
            "playerName": "Julio Jones",
            "playerPosition": "WR",
            "round": 1,
            "teamId": "7"
        },
        "6": {
            "pickOverall": 6,
            "pickRound": 6,
            "playerId": "2553435",
            "playerName": "David Johnson",
            "playerPosition": "RB",
            "round": 1,
            "teamId": "6"
        },
        "7": {
            "pickOverall": 7,
            "pickRound": 7,
            "playerId": "497240",
            "playerName": "Rob Gronkowski",
            "playerPosition": "TE",
            "round": 1,
            "teamId": "4"
        },
        "8": {
            "pickOverall": 8,
            "pickRound": 8,
            "playerId": "2495450",
            "playerName": "A.J. Green",
            "playerPosition": "WR",
            "round": 1,
            "teamId": "9"
        },
        "9": {
            "pickOverall": 9,
            "pickRound": 9,
            "playerId": "2555224",
            "playerName": "Ezekiel Elliott",
            "playerPosition": "RB",
            "round": 1,
            "teamId": "1"
        },
        "10": {
            "pickOverall": 10,
            "pickRound": 10,
            "playerId": "2495455",
            "playerName": "Cam Newton",
            "playerPosition": "QB",
            "round": 1,
            "teamId": "2"
        }
    },
    "2": {
        "1": {
            "pickOverall": 11,
            "pickRound": 1,
            "playerId": "2540168",
            "playerName": "Eddie Lacy",
            "playerPosition": "RB",
            "round": 2,
            "teamId": "2"
        },
        "2": {
            "pickOverall": 12,
            "pickRound": 2,
            "playerId": "2540165",
            "playerName": "DeAndre Hopkins",
            "playerPosition": "WR",
            "round": 2,
            "teamId": "1"
        },
        "3": {
            "pickOverall": 13,
            "pickRound": 3,
            "playerId": "497278",
            "playerName": "Dez Bryant",
            "playerPosition": "WR",
            "round": 2,
            "teamId": "9"
        },
        "4": {
            "pickOverall": 14,
            "pickRound": 4,
            "playerId": "2543583",
            "playerName": "Devonta Freeman",
            "playerPosition": "RB",
            "round": 2,
            "teamId": "4"
        },
        "5": {
            "pickOverall": 15,
            "pickRound": 5,
            "playerId": "2543509",
            "playerName": "Allen Robinson",
            "playerPosition": "WR",
            "round": 2,
            "teamId": "6"
        },
        "6": {
            "pickOverall": 16,
            "pickRound": 6,
            "playerId": "2533034",
            "playerName": "Lamar Miller",
            "playerPosition": "RB",
            "round": 2,
            "teamId": "7"
        },
        "7": {
            "pickOverall": 17,
            "pickRound": 7,
            "playerId": "1032",
            "playerName": "Jordy Nelson",
            "playerPosition": "WR",
            "round": 2,
            "teamId": "5"
        },
        "8": {
            "pickOverall": 18,
            "pickRound": 8,
            "playerId": "2506363",
            "playerName": "Aaron Rodgers",
            "playerPosition": "QB",
            "round": 2,
            "teamId": "3"
        },
        "9": {
            "pickOverall": 19,
            "pickRound": 9,
            "playerId": "79607",
            "playerName": "LeSean McCoy",
            "playerPosition": "RB",
            "round": 2,
            "teamId": "10"
        },
        "10": {
            "pickOverall": 20,
            "pickRound": 10,
            "playerId": "2532899",
            "playerName": "Doug Martin",
            "playerPosition": "RB",
            "round": 2,
            "teamId": "8"
        }
    },
    "3": {
        "1": {
            "pickOverall": 21,
            "pickRound": 1,
            "playerId": "2543477",
            "playerName": "Blake Bortles",
            "playerPosition": "QB",
            "round": 3,
            "teamId": "8"
        },
        "2": {
            "pickOverall": 22,
            "pickRound": 2,
            "playerId": "2495893",
            "playerName": "Brandon Marshall",
            "playerPosition": "WR",
            "round": 3,
            "teamId": "10"
        },
        "3": {
            "pickOverall": 23,
            "pickRound": 3,
            "playerId": "2495700",
            "playerName": "Greg Olsen",
            "playerPosition": "TE",
            "round": 3,
            "teamId": "3"
        },
        "4": {
            "pickOverall": 24,
            "pickRound": 4,
            "playerId": "925",
            "playerName": "Jamaal Charles",
            "playerPosition": "RB",
            "round": 3,
            "teamId": "5"
        },
        "5": {
            "pickOverall": 25,
            "pickRound": 5,
            "playerId": "2540154",
            "playerName": "Keenan Allen",
            "playerPosition": "WR",
            "round": 3,
            "teamId": "7"
        },
        "6": {
            "pickOverall": 26,
            "pickRound": 6,
            "playerId": "2540175",
            "playerName": "Le'Veon Bell",
            "playerPosition": "RB",
            "round": 3,
            "teamId": "6"
        },
        "7": {
            "pickOverall": 27,
            "pickRound": 7,
            "playerId": "2495466",
            "playerName": "Mark Ingram",
            "playerPosition": "RB",
            "round": 3,
            "teamId": "4"
        },
        "8": {
            "pickOverall": 28,
            "pickRound": 8,
            "playerId": "2533039",
            "playerName": "Alshon Jeffery",
            "playerPosition": "WR",
            "round": 3,
            "teamId": "9"
        },
        "9": {
            "pickOverall": 29,
            "pickRound": 9,
            "playerId": "2530747",
            "playerName": "Doug Baldwin",
            "playerPosition": "WR",
            "round": 3,
            "teamId": "1"
        },
        "10": {
            "pickOverall": 30,
            "pickRound": 10,
            "playerId": "2543563",
            "playerName": "Kevin Pierre-Louis",
            "playerPosition": "LB",
            "round": 3,
            "teamId": "2"
        }
    },
    "4": {
        "1": {
            "pickOverall": 31,
            "pickRound": 1,
            "playerId": "2495259",
            "playerName": "Dan Bailey",
            "playerPosition": "K",
            "round": 4,
            "teamId": "2"
        },
        "2": {
            "pickOverall": 32,
            "pickRound": 2,
            "playerId": "2532975",
            "playerName": "Russell Wilson",
            "playerPosition": "QB",
            "round": 4,
            "teamId": "1"
        },
        "3": {
            "pickOverall": 33,
            "pickRound": 3,
            "playerId": "2540269",
            "playerName": "C.J. Anderson",
            "playerPosition": "RB",
            "round": 4,
            "teamId": "9"
        },
        "4": {
            "pickOverall": 34,
            "pickRound": 4,
            "playerId": "497328",
            "playerName": "Demaryius Thomas",
            "playerPosition": "WR",
            "round": 4,
            "teamId": "4"
        },
        "5": {
            "pickOverall": 35,
            "pickRound": 5,
            "playerId": "2552487",
            "playerName": "Amari Cooper",
            "playerPosition": "WR",
            "round": 4,
            "teamId": "6"
        },
        "6": {
            "pickOverall": 36,
            "pickRound": 6,
            "playerId": "2543468",
            "playerName": "Mike Evans",
            "playerPosition": "WR",
            "round": 4,
            "teamId": "7"
        },
        "7": {
            "pickOverall": 37,
            "pickRound": 7,
            "playerId": "2533031",
            "playerName": "Andrew Luck",
            "playerPosition": "QB",
            "round": 4,
            "teamId": "5"
        },
        "8": {
            "pickOverall": 38,
            "pickRound": 8,
            "playerId": "2495207",
            "playerName": "DeMarco Murray",
            "playerPosition": "RB",
            "round": 4,
            "teamId": "3"
        },
        "9": {
            "pickOverall": 39,
            "pickRound": 9,
            "playerId": "238498",
            "playerName": "Julian Edelman",
            "playerPosition": "WR",
            "round": 4,
            "teamId": "10"
        },
        "10": {
            "pickOverall": 40,
            "pickRound": 10,
            "playerId": "2543488",
            "playerName": "Jarvis Landry",
            "playerPosition": "WR",
            "round": 4,
            "teamId": "8"
        }
    },
    "5": {
        "1": {
            "pickOverall": 41,
            "pickRound": 1,
            "playerId": "2505629",
            "playerName": "Jason Witten",
            "playerPosition": "TE",
            "round": 5,
            "teamId": "8"
        },
        "2": {
            "pickOverall": 42,
            "pickRound": 2,
            "playerId": "2495966",
            "playerName": "Delanie Walker",
            "playerPosition": "TE",
            "round": 5,
            "teamId": "10"
        },
        "3": {
            "pickOverall": 43,
            "pickRound": 3,
            "playerId": "2543498",
            "playerName": "Brandin Cooks",
            "playerPosition": "WR",
            "round": 5,
            "teamId": "3"
        },
        "4": {
            "pickOverall": 44,
            "pickRound": 4,
            "playerId": "2540160",
            "playerName": "Jordan Reed",
            "playerPosition": "TE",
            "round": 5,
            "teamId": "5"
        },
        "5": {
            "pickOverall": 45,
            "pickRound": 5,
            "playerId": "949",
            "playerName": "Jonathan Stewart",
            "playerPosition": "RB",
            "round": 5,
            "teamId": "7"
        },
        "6": {
            "pickOverall": 46,
            "pickRound": 6,
            "playerId": "234",
            "playerName": "Matt Forte",
            "playerPosition": "RB",
            "round": 5,
            "teamId": "6"
        },
        "7": {
            "pickOverall": 47,
            "pickRound": 7,
            "playerId": "2541161",
            "playerName": "Latavius Murray",
            "playerPosition": "RB",
            "round": 5,
            "teamId": "4"
        },
        "8": {
            "pickOverall": 48,
            "pickRound": 8,
            "playerId": "2543743",
            "playerName": "Carlos Hyde",
            "playerPosition": "RB",
            "round": 5,
            "teamId": "9"
        },
        "9": {
            "pickOverall": 49,
            "pickRound": 9,
            "playerId": "100004",
            "playerName": "Carolina Panthers",
            "playerPosition": "DEF",
            "round": 5,
            "teamId": "1"
        },
        "10": {
            "pickOverall": 50,
            "pickRound": 10,
            "playerId": "100030",
            "playerName": "Seattle Seahawks",
            "playerPosition": "DEF",
            "round": 5,
            "teamId": "2"
        }
    },
    "6": {
        "1": {
            "pickOverall": 51,
            "pickRound": 1,
            "playerId": "2543457",
            "playerName": "Sammy Watkins",
            "playerPosition": "WR",
            "round": 6,
            "teamId": "2"
        },
        "2": {
            "pickOverall": 52,
            "pickRound": 2,
            "playerId": "2533056",
            "playerName": "Luke Kuechly",
            "playerPosition": "LB",
            "round": 6,
            "teamId": "1"
        },
        "3": {
            "pickOverall": 53,
            "pickRound": 3,
            "playerId": "2540148",
            "playerName": "Tyler Eifert",
            "playerPosition": "TE",
            "round": 6,
            "teamId": "9"
        },
        "4": {
            "pickOverall": 54,
            "pickRound": 4,
            "playerId": "2532865",
            "playerName": "T.Y. Hilton",
            "playerPosition": "WR",
            "round": 6,
            "teamId": "4"
        },
        "5": {
            "pickOverall": 55,
            "pickRound": 5,
            "playerId": "2506109",
            "playerName": "Ben Roethlisberger",
            "playerPosition": "QB",
            "round": 6,
            "teamId": "6"
        },
        "6": {
            "pickOverall": 56,
            "pickRound": 6,
            "playerId": "2553733",
            "playerName": "Thomas Rawls",
            "playerPosition": "RB",
            "round": 6,
            "teamId": "7"
        },
        "7": {
            "pickOverall": 57,
            "pickRound": 7,
            "playerId": "497284",
            "playerName": "Eric Decker",
            "playerPosition": "WR",
            "round": 6,
            "teamId": "5"
        },
        "8": {
            "pickOverall": 58,
            "pickRound": 8,
            "playerId": "2550572",
            "playerName": "Christian Jones",
            "playerPosition": "LB",
            "round": 6,
            "teamId": "3"
        },
        "9": {
            "pickOverall": 59,
            "pickRound": 9,
            "playerId": "2495448",
            "playerName": "Randall Cobb",
            "playerPosition": "WR",
            "round": 6,
            "teamId": "10"
        },
        "10": {
            "pickOverall": 60,
            "pickRound": 10,
            "playerId": "100015",
            "playerName": "Jacksonville Jaguars",
            "playerPosition": "DEF",
            "round": 6,
            "teamId": "8"
        }
    },
    "7": {
        "1": {
            "pickOverall": 61,
            "pickRound": 1,
            "playerId": "80431",
            "playerName": "Clay Matthews",
            "playerPosition": "LB",
            "round": 7,
            "teamId": "8"
        },
        "2": {
            "pickOverall": 62,
            "pickRound": 2,
            "playerId": "2505996",
            "playerName": "Eli Manning",
            "playerPosition": "QB",
            "round": 7,
            "teamId": "10"
        },
        "3": {
            "pickOverall": 63,
            "pickRound": 3,
            "playerId": "2543603",
            "playerName": "Jeremy Hill",
            "playerPosition": "RB",
            "round": 7,
            "teamId": "3"
        },
        "4": {
            "pickOverall": 64,
            "pickRound": 4,
            "playerId": "497188",
            "playerName": "Ryan Mathews",
            "playerPosition": "RB",
            "round": 7,
            "teamId": "5"
        },
        "5": {
            "pickOverall": 65,
            "pickRound": 5,
            "playerId": "80429",
            "playerName": "Jeremy Maclin",
            "playerPosition": "WR",
            "round": 7,
            "teamId": "7"
        },
        "6": {
            "pickOverall": 66,
            "pickRound": 6,
            "playerId": "2540258",
            "playerName": "Travis Kelce",
            "playerPosition": "TE",
            "round": 7,
            "teamId": "6"
        },
        "7": {
            "pickOverall": 67,
            "pickRound": 7,
            "playerId": "79555",
            "playerName": "Arian Foster",
            "playerPosition": "RB",
            "round": 7,
            "teamId": "4"
        },
        "8": {
            "pickOverall": 68,
            "pickRound": 8,
            "playerId": "2504775",
            "playerName": "Drew Brees",
            "playerPosition": "QB",
            "round": 7,
            "teamId": "9"
        },
        "9": {
            "pickOverall": 69,
            "pickRound": 9,
            "playerId": "2495979",
            "playerName": "DeAngelo Williams",
            "playerPosition": "RB",
            "round": 7,
            "teamId": "1"
        },
        "10": {
            "pickOverall": 70,
            "pickRound": 10,
            "playerId": "2532841",
            "playerName": "Michael Floyd",
            "playerPosition": "WR",
            "round": 7,
            "teamId": "2"
        }
    },
    "8": {
        "1": {
            "pickOverall": 71,
            "pickRound": 1,
            "playerId": "2543847",
            "playerName": "John Brown",
            "playerPosition": "WR",
            "round": 8,
            "teamId": "2"
        },
        "2": {
            "pickOverall": 72,
            "pickRound": 2,
            "playerId": "2506106",
            "playerName": "Larry Fitzgerald",
            "playerPosition": "WR",
            "round": 8,
            "teamId": "1"
        },
        "3": {
            "pickOverall": 73,
            "pickRound": 3,
            "playerId": "100016",
            "playerName": "Kansas City Chiefs",
            "playerPosition": "DEF",
            "round": 8,
            "teamId": "9"
        },
        "4": {
            "pickOverall": 74,
            "pickRound": 4,
            "playerId": "1581",
            "playerName": "DeSean Jackson",
            "playerPosition": "WR",
            "round": 8,
            "teamId": "4"
        },
        "5": {
            "pickOverall": 75,
            "pickRound": 5,
            "playerId": "100026",
            "playerName": "Arizona Cardinals",
            "playerPosition": "DEF",
            "round": 8,
            "teamId": "6"
        },
        "6": {
            "pickOverall": 76,
            "pickRound": 6,
            "playerId": "2495353",
            "playerName": "Julius Thomas",
            "playerPosition": "TE",
            "round": 8,
            "teamId": "7"
        },
        "7": {
            "pickOverall": 77,
            "pickRound": 7,
            "playerId": "100009",
            "playerName": "Denver Broncos",
            "playerPosition": "DEF",
            "round": 8,
            "teamId": "5"
        },
        "8": {
            "pickOverall": 78,
            "pickRound": 8,
            "playerId": "100013",
            "playerName": "Houston Texans",
            "playerPosition": "DEF",
            "round": 8,
            "teamId": "3"
        },
        "9": {
            "pickOverall": 79,
            "pickRound": 9,
            "playerId": "4327",
            "playerName": "Danny Woodhead",
            "playerPosition": "RB",
            "round": 8,
            "teamId": "10"
        },
        "10": {
            "pickOverall": 80,
            "pickRound": 10,
            "playerId": "497322",
            "playerName": "Emmanuel Sanders",
            "playerPosition": "WR",
            "round": 8,
            "teamId": "8"
        }
    },
    "9": {
        "1": {
            "pickOverall": 81,
            "pickRound": 1,
            "playerId": "2507999",
            "playerName": "Chris Ivory",
            "playerPosition": "RB",
            "round": 9,
            "teamId": "8"
        },
        "2": {
            "pickOverall": 82,
            "pickRound": 2,
            "playerId": "100017",
            "playerName": "Los Angeles Rams",
            "playerPosition": "DEF",
            "round": 9,
            "teamId": "10"
        },
        "3": {
            "pickOverall": 83,
            "pickRound": 3,
            "playerId": "2550325",
            "playerName": "Chandler Catanzaro",
            "playerPosition": "K",
            "round": 9,
            "teamId": "3"
        },
        "4": {
            "pickOverall": 84,
            "pickRound": 4,
            "playerId": "2543614",
            "playerName": "Donte Moncrief",
            "playerPosition": "WR",
            "round": 9,
            "teamId": "5"
        },
        "5": {
            "pickOverall": 85,
            "pickRound": 5,
            "playerId": "2552379",
            "playerName": "Jeremy Langford",
            "playerPosition": "RB",
            "round": 9,
            "teamId": "7"
        },
        "6": {
            "pickOverall": 86,
            "pickRound": 6,
            "playerId": "2543471",
            "playerName": "Kelvin Benjamin",
            "playerPosition": "WR",
            "round": 9,
            "teamId": "6"
        },
        "7": {
            "pickOverall": 87,
            "pickRound": 7,
            "playerId": "2552635",
            "playerName": "Matt Jones",
            "playerPosition": "RB",
            "round": 9,
            "teamId": "4"
        },
        "8": {
            "pickOverall": 88,
            "pickRound": 8,
            "playerId": "71309",
            "playerName": "Graham Gano",
            "playerPosition": "K",
            "round": 9,
            "teamId": "9"
        },
        "9": {
            "pickOverall": 89,
            "pickRound": 9,
            "playerId": "1060",
            "playerName": "Gary Barnidge",
            "playerPosition": "TE",
            "round": 9,
            "teamId": "1"
        },
        "10": {
            "pickOverall": 90,
            "pickRound": 10,
            "playerId": "2540156",
            "playerName": "Giovani Bernard",
            "playerPosition": "RB",
            "round": 9,
            "teamId": "2"
        }
    },
    "10": {
        "1": {
            "pickOverall": 91,
            "pickRound": 1,
            "playerId": "2505299",
            "playerName": "Antonio Gates",
            "playerPosition": "TE",
            "round": 10,
            "teamId": "2"
        },
        "2": {
            "pickOverall": 92,
            "pickRound": 2,
            "playerId": "2550353",
            "playerName": "Allen Hurns",
            "playerPosition": "WR",
            "round": 10,
            "teamId": "1"
        },
        "3": {
            "pickOverall": 93,
            "pickRound": 3,
            "playerId": "2532870",
            "playerName": "Melvin Ingram",
            "playerPosition": "LB",
            "round": 10,
            "teamId": "9"
        },
        "4": {
            "pickOverall": 94,
            "pickRound": 4,
            "playerId": "2543711",
            "playerName": "Telvin Smith",
            "playerPosition": "LB",
            "round": 10,
            "teamId": "4"
        },
        "5": {
            "pickOverall": 95,
            "pickRound": 5,
            "playerId": "2505245",
            "playerName": "Carson Palmer",
            "playerPosition": "QB",
            "round": 10,
            "teamId": "6"
        },
        "6": {
            "pickOverall": 96,
            "pickRound": 6,
            "playerId": "100020",
            "playerName": "Minnesota Vikings",
            "playerPosition": "DEF",
            "round": 10,
            "teamId": "7"
        },
        "7": {
            "pickOverall": 97,
            "pickRound": 7,
            "playerId": "2532828",
            "playerName": "Lavonte David",
            "playerPosition": "LB",
            "round": 10,
            "teamId": "5"
        },
        "8": {
            "pickOverall": 98,
            "pickRound": 8,
            "playerId": "2552469",
            "playerName": "Melvin Gordon",
            "playerPosition": "RB",
            "round": 10,
            "teamId": "3"
        },
        "9": {
            "pickOverall": 99,
            "pickRound": 9,
            "playerId": "2550636",
            "playerName": "Cairo Santos",
            "playerPosition": "K",
            "round": 10,
            "teamId": "10"
        },
        "10": {
            "pickOverall": 100,
            "pickRound": 10,
            "playerId": "2506922",
            "playerName": "Stephen Gostkowski",
            "playerPosition": "K",
            "round": 10,
            "teamId": "8"
        }
    },
    "11": {
        "1": {
            "pickOverall": 101,
            "pickRound": 1,
            "playerId": "100011",
            "playerName": "Green Bay Packers",
            "playerPosition": "DEF",
            "round": 11,
            "teamId": "8"
        },
        "2": {
            "pickOverall": 102,
            "pickRound": 2,
            "playerId": "2552471",
            "playerName": "T.J. Yeldon",
            "playerPosition": "RB",
            "round": 11,
            "teamId": "10"
        },
        "3": {
            "pickOverall": 103,
            "pickRound": 3,
            "playerId": "2532838",
            "playerName": "Coby Fleener",
            "playerPosition": "TE",
            "round": 11,
            "teamId": "3"
        },
        "4": {
            "pickOverall": 104,
            "pickRound": 4,
            "playerId": "2504211",
            "playerName": "Tom Brady",
            "playerPosition": "QB",
            "round": 11,
            "teamId": "5"
        },
        "5": {
            "pickOverall": 105,
            "pickRound": 5,
            "playerId": "497326",
            "playerName": "Golden Tate",
            "playerPosition": "WR",
            "round": 11,
            "teamId": "7"
        },
        "6": {
            "pickOverall": 106,
            "pickRound": 6,
            "playerId": "2550545",
            "playerName": "Chris Boswell",
            "playerPosition": "K",
            "round": 11,
            "teamId": "6"
        },
        "7": {
            "pickOverall": 107,
            "pickRound": 7,
            "playerId": "2495143",
            "playerName": "Andy Dalton",
            "playerPosition": "QB",
            "round": 11,
            "teamId": "4"
        },
        "8": {
            "pickOverall": 108,
            "pickRound": 8,
            "playerId": "2543500",
            "playerName": "Jordan Matthews",
            "playerPosition": "WR",
            "round": 11,
            "teamId": "9"
        },
        "9": {
            "pickOverall": 109,
            "pickRound": 9,
            "playerId": "2503471",
            "playerName": "Adam Vinatieri",
            "playerPosition": "K",
            "round": 11,
            "teamId": "1"
        },
        "10": {
            "pickOverall": 110,
            "pickRound": 10,
            "playerId": "2552461",
            "playerName": "Duke Johnson",
            "playerPosition": "RB",
            "round": 11,
            "teamId": "2"
        }
    },
    "12": {
        "1": {
            "pickOverall": 111,
            "pickRound": 1,
            "playerId": "71269",
            "playerName": "Michael Crabtree",
            "playerPosition": "WR",
            "round": 12,
            "teamId": "2"
        },
        "2": {
            "pickOverall": 112,
            "pickRound": 2,
            "playerId": "2506404",
            "playerName": "Frank Gore",
            "playerPosition": "RB",
            "round": 12,
            "teamId": "1"
        },
        "3": {
            "pickOverall": 113,
            "pickRound": 3,
            "playerId": "2552582",
            "playerName": "Jay Ajayi",
            "playerPosition": "RB",
            "round": 12,
            "teamId": "9"
        },
        "4": {
            "pickOverall": 114,
            "pickRound": 4,
            "playerId": "2506121",
            "playerName": "Philip Rivers",
            "playerPosition": "QB",
            "round": 12,
            "teamId": "4"
        },
        "5": {
            "pickOverall": 115,
            "pickRound": 5,
            "playerId": "2537931",
            "playerName": "Josh Gordon",
            "playerPosition": "WR",
            "round": 12,
            "teamId": "6"
        },
        "6": {
            "pickOverall": 116,
            "pickRound": 6,
            "playerId": "2543499",
            "playerName": "Derek Carr",
            "playerPosition": "QB",
            "round": 12,
            "teamId": "7"
        },
        "7": {
            "pickOverall": 117,
            "pickRound": 7,
            "playerId": "2507374",
            "playerName": "Steven Hauschka",
            "playerPosition": "K",
            "round": 12,
            "teamId": "5"
        },
        "8": {
            "pickOverall": 118,
            "pickRound": 8,
            "playerId": "2555333",
            "playerName": "Corey Coleman",
            "playerPosition": "WR",
            "round": 12,
            "teamId": "3"
        },
        "9": {
            "pickOverall": 119,
            "pickRound": 9,
            "playerId": "2508088",
            "playerName": "NaVorro Bowman",
            "playerPosition": "LB",
            "round": 12,
            "teamId": "10"
        },
        "10": {
            "pickOverall": 120,
            "pickRound": 10,
            "playerId": "2532820",
            "playerName": "Kirk Cousins",
            "playerPosition": "QB",
            "round": 12,
            "teamId": "8"
        }
    },
    "13": {
        "1": {
            "pickOverall": 121,
            "pickRound": 1,
            "playerId": "496937",
            "playerName": "Sean Lee",
            "playerPosition": "LB",
            "round": 13,
            "teamId": "8"
        },
        "2": {
            "pickOverall": 122,
            "pickRound": 2,
            "playerId": "497236",
            "playerName": "Jimmy Graham",
            "playerPosition": "TE",
            "round": 13,
            "teamId": "10"
        },
        "3": {
            "pickOverall": 123,
            "pickRound": 3,
            "playerId": "2555260",
            "playerName": "Dak Prescott",
            "playerPosition": "QB",
            "round": 13,
            "teamId": "3"
        },
        "4": {
            "pickOverall": 124,
            "pickRound": 4,
            "playerId": "2533046",
            "playerName": "Dwayne Allen",
            "playerPosition": "TE",
            "round": 13,
            "teamId": "5"
        },
        "5": {
            "pickOverall": 125,
            "pickRound": 5,
            "playerId": "71345",
            "playerName": "Rashad Jennings",
            "playerPosition": "RB",
            "round": 13,
            "teamId": "7"
        },
        "6": {
            "pickOverall": 126,
            "pickRound": 6,
            "playerId": "1062",
            "playerName": "Martellus Bennett",
            "playerPosition": "TE",
            "round": 13,
            "teamId": "6"
        },
        "7": {
            "pickOverall": 127,
            "pickRound": 7,
            "playerId": "100021",
            "playerName": "New England Patriots",
            "playerPosition": "DEF",
            "round": 13,
            "teamId": "4"
        },
        "8": {
            "pickOverall": 128,
            "pickRound": 8,
            "playerId": "2555295",
            "playerName": "Sterling Shepard",
            "playerPosition": "WR",
            "round": 13,
            "teamId": "9"
        },
        "9": {
            "pickOverall": 129,
            "pickRound": 9,
            "playerId": "2552033",
            "playerName": "Jameis Winston",
            "playerPosition": "QB",
            "round": 13,
            "teamId": "1"
        },
        "10": {
            "pickOverall": 130,
            "pickRound": 10,
            "playerId": "2495459",
            "playerName": "Torrey Smith",
            "playerPosition": "WR",
            "round": 13,
            "teamId": "2"
        }
    },
    "14": {
        "1": {
            "pickOverall": 131,
            "pickRound": 1,
            "playerId": "2552374",
            "playerName": "Ameer Abdullah",
            "playerPosition": "RB",
            "round": 14,
            "teamId": "2"
        },
        "2": {
            "pickOverall": 132,
            "pickRound": 2,
            "playerId": "100027",
            "playerName": "Pittsburgh Steelers",
            "playerPosition": "DEF",
            "round": 14,
            "teamId": "1"
        },
        "3": {
            "pickOverall": 133,
            "pickRound": 3,
            "playerId": "2552430",
            "playerName": "Tyler Lockett",
            "playerPosition": "WR",
            "round": 14,
            "teamId": "9"
        },
        "4": {
            "pickOverall": 134,
            "pickRound": 4,
            "playerId": "2539336",
            "playerName": "Tavon Austin",
            "playerPosition": "WR",
            "round": 14,
            "teamId": "4"
        },
        "5": {
            "pickOverall": 135,
            "pickRound": 5,
            "playerId": "100018",
            "playerName": "Las Vegas Raiders",
            "playerPosition": "DEF",
            "round": 14,
            "teamId": "6"
        },
        "6": {
            "pickOverall": 136,
            "pickRound": 6,
            "playerId": "2495240",
            "playerName": "Tyrod Taylor",
            "playerPosition": "QB",
            "round": 14,
            "teamId": "7"
        },
        "7": {
            "pickOverall": 137,
            "pickRound": 7,
            "playerId": "79860",
            "playerName": "Matthew Stafford",
            "playerPosition": "QB",
            "round": 14,
            "teamId": "5"
        },
        "8": {
            "pickOverall": 138,
            "pickRound": 8,
            "playerId": "100006",
            "playerName": "Cincinnati Bengals",
            "playerPosition": "DEF",
            "round": 14,
            "teamId": "3"
        },
        "9": {
            "pickOverall": 139,
            "pickRound": 9,
            "playerId": "2506581",
            "playerName": "Ryan Fitzpatrick",
            "playerPosition": "QB",
            "round": 14,
            "teamId": "10"
        },
        "10": {
            "pickOverall": 140,
            "pickRound": 10,
            "playerId": "2507855",
            "playerName": "Victor Cruz",
            "playerPosition": "WR",
            "round": 14,
            "teamId": "8"
        }
    },
    "15": {
        "1": {
            "pickOverall": 141,
            "pickRound": 1,
            "playerId": "2553830",
            "playerName": "Will Tye",
            "playerPosition": "TE",
            "round": 15,
            "teamId": "8"
        },
        "2": {
            "pickOverall": 142,
            "pickRound": 2,
            "playerId": "2539291",
            "playerName": "Markus Wheaton",
            "playerPosition": "WR",
            "round": 15,
            "teamId": "10"
        },
        "3": {
            "pickOverall": 143,
            "pickRound": 3,
            "playerId": "2536340",
            "playerName": "Justin Tucker",
            "playerPosition": "K",
            "round": 15,
            "teamId": "3"
        },
        "4": {
            "pickOverall": 144,
            "pickRound": 4,
            "playerId": "2530660",
            "playerName": "Kamar Aiken",
            "playerPosition": "WR",
            "round": 15,
            "teamId": "5"
        },
        "5": {
            "pickOverall": 145,
            "pickRound": 5,
            "playerId": "2553432",
            "playerName": "Kevin White",
            "playerPosition": "WR",
            "round": 15,
            "teamId": "7"
        },
        "6": {
            "pickOverall": 146,
            "pickRound": 6,
            "playerId": "2543486",
            "playerName": "Ryan Shazier",
            "playerPosition": "LB",
            "round": 15,
            "teamId": "6"
        },
        "7": {
            "pickOverall": 147,
            "pickRound": 7,
            "playerId": "2556075",
            "playerName": "Derrick Henry",
            "playerPosition": "RB",
            "round": 15,
            "teamId": "4"
        },
        "8": {
            "pickOverall": 148,
            "pickRound": 8,
            "playerId": "2543770",
            "playerName": "Charles Sims",
            "playerPosition": "RB",
            "round": 15,
            "teamId": "9"
        },
        "9": {
            "pickOverall": 149,
            "pickRound": 9,
            "playerId": "2507166",
            "playerName": "Ted Ginn",
            "playerPosition": "WR",
            "round": 15,
            "teamId": "1"
        },
        "10": {
            "pickOverall": 150,
            "pickRound": 10,
            "playerId": "2540020",
            "playerName": "Theo Riddick",
            "playerPosition": "RB",
            "round": 15,
            "teamId": "2"
        }
    },
    "16": {
        "1": {
            "pickOverall": 151,
            "pickRound": 1,
            "playerId": "2552466",
            "playerName": "Marcus Mariota",
            "playerPosition": "QB",
            "round": 16,
            "teamId": "2"
        },
        "2": {
            "pickOverall": 152,
            "pickRound": 2,
            "playerId": "2550189",
            "playerName": "Isaiah Crowell",
            "playerPosition": "RB",
            "round": 16,
            "teamId": "1"
        },
        "3": {
            "pickOverall": 153,
            "pickRound": 3,
            "playerId": "2540158",
            "playerName": "Zach Ertz",
            "playerPosition": "TE",
            "round": 16,
            "teamId": "9"
        },
        "4": {
            "pickOverall": 154,
            "pickRound": 4,
            "playerId": "2532790",
            "playerName": "Travis Benjamin",
            "playerPosition": "WR",
            "round": 16,
            "teamId": "4"
        },
        "5": {
            "pickOverall": 155,
            "pickRound": 5,
            "playerId": "2539311",
            "playerName": "Jamie Collins",
            "playerPosition": "LB",
            "round": 16,
            "teamId": "6"
        },
        "6": {
            "pickOverall": 156,
            "pickRound": 6,
            "playerId": "2541556",
            "playerName": "Brandon McManus",
            "playerPosition": "K",
            "round": 16,
            "teamId": "7"
        },
        "7": {
            "pickOverall": 157,
            "pickRound": 7,
            "playerId": "497149",
            "playerName": "LeGarrette Blount",
            "playerPosition": "RB",
            "round": 16,
            "teamId": "5"
        },
        "8": {
            "pickOverall": 158,
            "pickRound": 8,
            "playerId": "2532884",
            "playerName": "Marvin Jones",
            "playerPosition": "WR",
            "round": 16,
            "teamId": "3"
        },
        "9": {
            "pickOverall": 159,
            "pickRound": 9,
            "playerId": "2504257",
            "playerName": "Sebastian Janikowski",
            "playerPosition": "K",
            "round": 16,
            "teamId": "10"
        },
        "10": {
            "pickOverall": 160,
            "pickRound": 10,
            "playerId": "2507232",
            "playerName": "Mason Crosby",
            "playerPosition": "K",
            "round": 16,
            "teamId": "8"
        }
    },
    "17": {
        "1": {
            "pickOverall": 161,
            "pickRound": 1,
            "playerId": "2533040",
            "playerName": "Mohamed Sanu",
            "playerPosition": "WR",
            "round": 17,
            "teamId": "8"
        },
        "2": {
            "pickOverall": 162,
            "pickRound": 2,
            "playerId": "2532966",
            "playerName": "Bobby Wagner",
            "playerPosition": "LB",
            "round": 17,
            "teamId": "10"
        },
        "3": {
            "pickOverall": 163,
            "pickRound": 3,
            "playerId": "2552453",
            "playerName": "Tevin Coleman",
            "playerPosition": "RB",
            "round": 17,
            "teamId": "3"
        },
        "4": {
            "pickOverall": 164,
            "pickRound": 4,
            "playerId": "2506889",
            "playerName": "D'Qwell Jackson",
            "playerPosition": "LB",
            "round": 17,
            "teamId": "5"
        },
        "5": {
            "pickOverall": 165,
            "pickRound": 5,
            "playerId": "2495202",
            "playerName": "Von Miller",
            "playerPosition": "LB",
            "round": 17,
            "teamId": "7"
        },
        "6": {
            "pickOverall": 166,
            "pickRound": 6,
            "playerId": "2504595",
            "playerName": "Steve Smith",
            "playerPosition": "WR",
            "round": 17,
            "teamId": "6"
        },
        "7": {
            "pickOverall": 167,
            "pickRound": 7,
            "playerId": "2506386",
            "playerName": "Mike Nugent",
            "playerPosition": "K",
            "round": 17,
            "teamId": "4"
        },
        "8": {
            "pickOverall": 168,
            "pickRound": 8,
            "playerId": "2532956",
            "playerName": "Ryan Tannehill",
            "playerPosition": "QB",
            "round": 17,
            "teamId": "9"
        },
        "9": {
            "pickOverall": 169,
            "pickRound": 9,
            "playerId": "497206",
            "playerName": "James Starks",
            "playerPosition": "RB",
            "round": 17,
            "teamId": "1"
        },
        "10": {
            "pickOverall": 170,
            "pickRound": 10,
            "playerId": "238457",
            "playerName": "Zach Miller",
            "playerPosition": "TE",
            "round": 17,
            "teamId": "2"
        }
    }
}