{
    "week": 13,
    "teamWinner": {
        "teamId": "8",
        "points": 148.6,
        "standings": "8-5-0",
        "starters": [
            {
                "teamPosition": "QB",
                "playerPosition": "QB",
                "playerName": "M. Stafford",
                "playerId": "79860",
                "points": 28.8
            },
            {
                "teamPosition": "RB",
                "playerPosition": "RB",
                "playerName": "L. Fournette",
                "playerId": "2557973",
                "points": 18.7
            },
            {
                "teamPosition": "RB",
                "playerPosition": "RB",
                "playerName": "J. Jacobs",
                "playerId": "2562377",
                "points": 19.5
            },
            {
                "teamPosition": "WR",
                "playerPosition": "WR",
                "playerName": "K. Golladay",
                "playerId": "2558052",
                "points": 5.2
            },
            {
                "teamPosition": "WR",
                "playerPosition": "WR",
                "playerName": "C. Godwin",
                "playerId": "2558105",
                "points": 22.7
            },
            {
                "teamPosition": "TE",
                "playerPosition": "TE",
                "playerName": "R. Gronkowski",
                "playerId": "497240",
                "points": 19.8
            },
            {
                "teamPosition": "R/W/T",
                "playerPosition": "RB",
                "playerName": "S. Barkley",
                "playerId": "2560968",
                "points": 10.4
            },
            {
                "teamPosition": "K",
                "playerPosition": "K",
                "playerName": "G. Gano",
                "playerId": "71309",
                "points": 7.0
            },
            {
                "teamPosition": "DEF",
                "playerPosition": "DEF",
                "playerName": "Giants",
                "playerId": "100023",
                "points": 5.0
            },
            {
                "teamPosition": "DL",
                "playerPosition": "DL",
                "playerName": "C. Jones",
                "playerId": "2556369",
                "points": 3.0
            },
            {
                "teamPosition": "LB",
                "playerPosition": "LB",
                "playerName": "M. Parsons",
                "playerId": "2566019",
                "points": 5.5
            },
            {
                "teamPosition": "DB",
                "playerPosition": "DB",
                "playerName": "J. Adams",
                "playerId": "2557979",
                "points": 3.0
            }
        ],
        "bench": [
            {
                "teamPosition": "BN",
                "playerPosition": "TE",
                "playerName": "A. Hooper",
                "playerId": "2555415",
                "points": 0.0
            },
            {
                "teamPosition": "BN",
                "playerPosition": "RB",
                "playerName": "R. Jones",
                "playerId": "2560770",
                "points": 0.7
            },
            {
                "teamPosition": "BN",
                "playerPosition": "QB",
                "playerName": "B. Mayfield",
                "playerId": "2560800",
                "points": 0.0
            },
            {
                "teamPosition": "BN",
                "playerPosition": "RB",
                "playerName": "N. Chubb",
                "playerId": "2561021",
                "points": 0.0
            },
            {
                "teamPosition": "BN",
                "playerPosition": "WR",
                "playerName": "H. Renfrow",
                "playerId": "2562712",
                "points": 14.7
            },
            {
                "teamPosition": "BN",
                "playerPosition": "WR",
                "playerName": "M. Callaway",
                "playerId": "2565310",
                "points": 1.8
            },
            {
                "teamPosition": "BN",
                "playerPosition": "DL",
                "playerName": "M. Garrett",
                "playerId": "2557965",
                "points": 0.0
            },
            {
                "teamPosition": "RES",
                "playerPosition": "WR",
                "playerName": "D. Parker",
                "playerId": "2552409",
                "points": 8.7
            }
        ]
    },
    "teamLoser": {
        "teamId": "7",
        "points": 131.82,
        "standings": "4-9-0",
        "starters": [
            {
                "teamPosition": "QB",
                "playerPosition": "QB",
                "playerName": "K. Murray",
                "playerId": "2562382",
                "points": 36.42
            },
            {
                "teamPosition": "RB",
                "playerPosition": "RB",
                "playerName": "A. Peterson",
                "playerId": "2507164",
                "points": 6.6
            },
            {
                "teamPosition": "RB",
                "playerPosition": "RB",
                "playerName": "D. Harris",
                "playerId": "2562281",
                "points": 20.1
            },
            {
                "teamPosition": "WR",
                "playerPosition": "WR",
                "playerName": "T. Hilton",
                "playerId": "2532865",
                "points": 3.2
            },
            {
                "teamPosition": "WR",
                "playerPosition": "WR",
                "playerName": "D. Mooney",
                "playerId": "2563707",
                "points": 5.2
            },
            {
                "teamPosition": "TE",
                "playerPosition": "TE",
                "playerName": "L. Thomas",
                "playerId": "2543767",
                "points": 12.3
            },
            {
                "teamPosition": "R/W/T",
                "playerPosition": "WR",
                "playerName": "R. Bateman",
                "playerId": "2565836",
                "points": 0.0
            },
            {
                "teamPosition": "K",
                "playerPosition": "K",
                "playerName": "D. Carlson",
                "playerId": "2560993",
                "points": 8.0
            },
            {
                "teamPosition": "DEF",
                "playerPosition": "DEF",
                "playerName": "Steelers",
                "playerId": "100027",
                "points": 19.0
            },
            {
                "teamPosition": "DL",
                "playerPosition": "DL",
                "playerName": "J. Bosa",
                "playerId": "2555249",
                "points": 1.0
            },
            {
                "teamPosition": "LB",
                "playerPosition": "LB",
                "playerName": "J. Brooks",
                "playerId": "2565135",
                "points": 9.0
            },
            {
                "teamPosition": "DB",
                "playerPosition": "DB",
                "playerName": "M. Fitzpatrick",
                "playerId": "2560725",
                "points": 11.0
            }
        ],
        "bench": [
            {
                "teamPosition": "BN",
                "playerPosition": "WR",
                "playerName": "A. Brown",
                "playerId": "2508061",
                "points": 0.0
            },
            {
                "teamPosition": "BN",
                "playerPosition": "WR",
                "playerName": "A. Robinson",
                "playerId": "2543509",
                "points": 0.0
            },
            {
                "teamPosition": "BN",
                "playerPosition": "RB",
                "playerName": "A. Collins",
                "playerId": "2555430",
                "points": 0.0
            },
            {
                "teamPosition": "BN",
                "playerPosition": "RB",
                "playerName": "J. Wilson",
                "playerId": "2560938",
                "points": 0.0
            },
            {
                "teamPosition": "BN",
                "playerPosition": "WR",
                "playerName": "L. Shenault",
                "playerId": "2564232",
                "points": 4.6
            },
            {
                "teamPosition": "BN",
                "playerPosition": "QB",
                "playerName": "M. Jones",
                "playerId": "2566334",
                "points": -0.64
            },
            {
                "teamPosition": "BN",
                "playerPosition": "DEF",
                "playerName": "Browns",
                "playerId": "100007",
                "points": 0.0
            },
            {
                "teamPosition": "RES",
                "playerPosition": "WR",
                "playerName": "J. Jones",
                "playerId": "2495454",
                "points": 0.0
            }
        ]
    }
}