{
    "week": 13,
    "teamWinner": {
        "teamId": "14",
        "points": 120.4,
        "standings": "6-7-0",
        "starters": [
            {
                "teamPosition": "QB",
                "playerPosition": "QB",
                "playerName": "K. Cousins",
                "playerId": "2532820",
                "points": 21.2
            },
            {
                "teamPosition": "RB",
                "playerPosition": "RB",
                "playerName": "C. Patterson",
                "playerId": "2540145",
                "points": 13.1
            },
            {
                "teamPosition": "RB",
                "playerPosition": "RB",
                "playerName": "J. Williams",
                "playerId": "2566049",
                "points": 27.8
            },
            {
                "teamPosition": "WR",
                "playerPosition": "WR",
                "playerName": "D. Hopkins",
                "playerId": "2540165",
                "points": 10.2
            },
            {
                "teamPosition": "WR",
                "playerPosition": "WR",
                "playerName": "T. McLaurin",
                "playerId": "2562489",
                "points": 3.7
            },
            {
                "teamPosition": "TE",
                "playerPosition": "TE",
                "playerName": "T. Kelce",
                "playerId": "2540258",
                "points": 4.2
            },
            {
                "teamPosition": "R/W/T",
                "playerPosition": "RB",
                "playerName": "T. Coleman",
                "playerId": "2552453",
                "points": 9.2
            },
            {
                "teamPosition": "K",
                "playerPosition": "K",
                "playerName": "E. McPherson",
                "playerId": "2565953",
                "points": 1.0
            },
            {
                "teamPosition": "DEF",
                "playerPosition": "DEF",
                "playerName": "Dolphins",
                "playerId": "100019",
                "points": 15.0
            },
            {
                "teamPosition": "DL",
                "playerPosition": "DL",
                "playerName": "E. Ogbah",
                "playerId": "2555278",
                "points": 1.0
            },
            {
                "teamPosition": "LB",
                "playerPosition": "LB",
                "playerName": "J. Phillips",
                "playerId": "2566289",
                "points": 7.0
            },
            {
                "teamPosition": "DB",
                "playerPosition": "DB",
                "playerName": "T. Diggs",
                "playerId": "2563836",
                "points": 7.0
            }
        ],
        "bench": [
            {
                "teamPosition": "BN",
                "playerPosition": "QB",
                "playerName": "C. Wentz",
                "playerId": "2555259",
                "points": 12.52
            },
            {
                "teamPosition": "BN",
                "playerPosition": "RB",
                "playerName": "J. McKissic",
                "playerId": "2556440",
                "points": 0.0
            },
            {
                "teamPosition": "BN",
                "playerPosition": "WR",
                "playerName": "R. Anderson",
                "playerId": "2556462",
                "points": 0.0
            },
            {
                "teamPosition": "BN",
                "playerPosition": "WR",
                "playerName": "J. Reynolds",
                "playerId": "2558194",
                "points": 8.9
            },
            {
                "teamPosition": "BN",
                "playerPosition": "RB",
                "playerName": "P. Lindsay",
                "playerId": "2559947",
                "points": 0.0
            },
            {
                "teamPosition": "BN",
                "playerPosition": "WR",
                "playerName": "E. Moore",
                "playerId": "2566385",
                "points": 17.6
            },
            {
                "teamPosition": "BN",
                "playerPosition": "WR",
                "playerName": "R. Moore",
                "playerId": "2566433",
                "points": 1.5
            }
        ]
    },
    "teamLoser": {
        "teamId": "1",
        "points": 120.2,
        "standings": "5-8-0",
        "starters": [
            {
                "teamPosition": "QB",
                "playerPosition": "QB",
                "playerName": "J. Burrow",
                "playerId": "2563722",
                "points": 13.0
            },
            {
                "teamPosition": "RB",
                "playerPosition": "RB",
                "playerName": "M. Breida",
                "playerId": "2558918",
                "points": 1.3
            },
            {
                "teamPosition": "RB",
                "playerPosition": "RB",
                "playerName": "J. Robinson",
                "playerId": "2564223",
                "points": 0.0
            },
            {
                "teamPosition": "WR",
                "playerPosition": "WR",
                "playerName": "T. Higgins",
                "playerId": "2563731",
                "points": 24.3
            },
            {
                "teamPosition": "WR",
                "playerPosition": "WR",
                "playerName": "M. Pittman",
                "playerId": "2564136",
                "points": 14.0
            },
            {
                "teamPosition": "TE",
                "playerPosition": "TE",
                "playerName": "D. Schultz",
                "playerId": "2560866",
                "points": 6.8
            },
            {
                "teamPosition": "R/W/T",
                "playerPosition": "WR",
                "playerName": "T. Lockett",
                "playerId": "2552430",
                "points": 16.3
            },
            {
                "teamPosition": "K",
                "playerPosition": "K",
                "playerName": "M. Badgley",
                "playerId": "2560965",
                "points": 3.0
            },
            {
                "teamPosition": "DEF",
                "playerPosition": "DEF",
                "playerName": "Cowboys",
                "playerId": "100008",
                "points": 27.0
            },
            {
                "teamPosition": "DL",
                "playerPosition": "DL",
                "playerName": "N. Bosa",
                "playerId": "2562629",
                "points": 7.0
            },
            {
                "teamPosition": "LB",
                "playerPosition": "LB",
                "playerName": "D. Leonard",
                "playerId": "2560789",
                "points": 3.0
            },
            {
                "teamPosition": "DB",
                "playerPosition": "DB",
                "playerName": "H. Smith",
                "playerId": "2532948",
                "points": 4.5
            }
        ],
        "bench": [
            {
                "teamPosition": "BN",
                "playerPosition": "WR",
                "playerName": "D. Adams",
                "playerId": "2543495",
                "points": 0.0
            },
            {
                "teamPosition": "BN",
                "playerPosition": "RB",
                "playerName": "D. Freeman",
                "playerId": "2543583",
                "points": 18.2
            },
            {
                "teamPosition": "BN",
                "playerPosition": "TE",
                "playerName": "G. Everett",
                "playerId": "2557889",
                "points": -5.3
            },
            {
                "teamPosition": "BN",
                "playerPosition": "RB",
                "playerName": "D. Foreman",
                "playerId": "2557994",
                "points": 0.0
            },
            {
                "teamPosition": "BN",
                "playerPosition": "RB",
                "playerName": "N. Hines",
                "playerId": "2560742",
                "points": 7.1
            },
            {
                "teamPosition": "BN",
                "playerPosition": "DEF",
                "playerName": "Packers",
                "playerId": "100011",
                "points": 0.0
            },
            {
                "teamPosition": "BN",
                "playerPosition": "DB",
                "playerName": "K. Dugger",
                "playerId": "2564601",
                "points": 0.0
            },
            {
                "teamPosition": "RES",
                "playerPosition": "RB",
                "playerName": "C. Edmonds",
                "playerId": "2560711",
                "points": 0.0
            }
        ]
    }
}