{
    "week": 8,
    "teamWinner": {
        "teamId": "6",
        "points": 133.0,
        "standings": "3-5-0",
        "starters": [
            {
                "teamPosition": "QB",
                "playerPosition": "QB",
                "playerName": "T. Brady",
                "playerId": "2504211",
                "points": 28.0
            },
            {
                "teamPosition": "RB",
                "playerPosition": "RB",
                "playerName": "A. Jones",
                "playerId": "2558116",
                "points": 20.5
            },
            {
                "teamPosition": "RB",
                "playerPosition": "RB",
                "playerName": "A. Mattison",
                "playerId": "2562682",
                "points": 1.0
            },
            {
                "teamPosition": "WR",
                "playerPosition": "WR",
                "playerName": "K. Allen",
                "playerId": "2540154",
                "points": 16.7
            },
            {
                "teamPosition": "WR",
                "playerPosition": "WR",
                "playerName": "J. Chase",
                "playerId": "2565941",
                "points": 11.6
            },
            {
                "teamPosition": "TE",
                "playerPosition": "TE",
                "playerName": "D. Goedert",
                "playerId": "2560995",
                "points": 10.2
            },
            {
                "teamPosition": "R/W/T",
                "playerPosition": "RB",
                "playerName": "J. Williams",
                "playerId": "2558204",
                "points": 0.0
            },
            {
                "teamPosition": "K",
                "playerPosition": "K",
                "playerName": "T. Bass",
                "playerId": "2563596",
                "points": 8.0
            },
            {
                "teamPosition": "DEF",
                "playerPosition": "DEF",
                "playerName": "Rams",
                "playerId": "100017",
                "points": 14.0
            },
            {
                "teamPosition": "DL",
                "playerPosition": "DL",
                "playerName": "C. Young",
                "playerId": "2565294",
                "points": 5.5
            },
            {
                "teamPosition": "LB",
                "playerPosition": "LB",
                "playerName": "F. Warner",
                "playerId": "2560917",
                "points": 7.5
            },
            {
                "teamPosition": "DB",
                "playerPosition": "DB",
                "playerName": "J. Bates",
                "playerId": "2560970",
                "points": 10.0
            }
        ],
        "bench": [
            {
                "teamPosition": "BN",
                "playerPosition": "RB",
                "playerName": "K. Juszczyk",
                "playerId": "2540230",
                "points": 1.6
            },
            {
                "teamPosition": "BN",
                "playerPosition": "TE",
                "playerName": "J. Doyle",
                "playerId": "2540232",
                "points": 8.2
            },
            {
                "teamPosition": "BN",
                "playerPosition": "QB",
                "playerName": "D. Carr",
                "playerId": "2543499",
                "points": 0.0
            },
            {
                "teamPosition": "BN",
                "playerPosition": "WR",
                "playerName": "M. Thomas",
                "playerId": "2556370",
                "points": 0.0
            },
            {
                "teamPosition": "BN",
                "playerPosition": "WR",
                "playerName": "C. Samuel",
                "playerId": "2558066",
                "points": 0.0
            },
            {
                "teamPosition": "BN",
                "playerPosition": "RB",
                "playerName": "M. Sanders",
                "playerId": "2562722",
                "points": 0.0
            },
            {
                "teamPosition": "BN",
                "playerPosition": "WR",
                "playerName": "D. Harris",
                "playerId": "2563155",
                "points": 7.2
            }
        ]
    },
    "teamLoser": {
        "teamId": "12",
        "points": 126.06,
        "standings": "1-7-0",
        "starters": [
            {
                "teamPosition": "QB",
                "playerPosition": "QB",
                "playerName": "J. Allen",
                "playerId": "2560955",
                "points": 31.16
            },
            {
                "teamPosition": "RB",
                "playerPosition": "RB",
                "playerName": "D. Booker",
                "playerId": "2555223",
                "points": 16.0
            },
            {
                "teamPosition": "RB",
                "playerPosition": "RB",
                "playerName": "E. Elliott",
                "playerId": "2555224",
                "points": 9.3
            },
            {
                "teamPosition": "WR",
                "playerPosition": "WR",
                "playerName": "C. Ridley",
                "playerId": "2560854",
                "points": 0.0
            },
            {
                "teamPosition": "WR",
                "playerPosition": "WR",
                "playerName": "D. Johnson",
                "playerId": "2562674",
                "points": 12.8
            },
            {
                "teamPosition": "TE",
                "playerPosition": "TE",
                "playerName": "M. Gesicki",
                "playerId": "2560994",
                "points": 8.3
            },
            {
                "teamPosition": "R/W/T",
                "playerPosition": "WR",
                "playerName": "D. Smith",
                "playerId": "2566409",
                "points": 2.0
            },
            {
                "teamPosition": "K",
                "playerPosition": "K",
                "playerName": "N. Folk",
                "playerId": "2507225",
                "points": 10.0
            },
            {
                "teamPosition": "DEF",
                "playerPosition": "DEF",
                "playerName": "Saints",
                "playerId": "100022",
                "points": 24.0
            },
            {
                "teamPosition": "DL",
                "playerPosition": "DL",
                "playerName": "J. Pierre-Paul",
                "playerId": "496843",
                "points": 4.5
            },
            {
                "teamPosition": "LB",
                "playerPosition": "LB",
                "playerName": "D. White",
                "playerId": "2562781",
                "points": 8.0
            },
            {
                "teamPosition": "DB",
                "playerPosition": "DB",
                "playerName": "K. Willis",
                "playerId": "2562602",
                "points": 0.0
            }
        ],
        "bench": [
            {
                "teamPosition": "BN",
                "playerPosition": "WR",
                "playerName": "E. Sanders",
                "playerId": "497322",
                "points": 0.0
            },
            {
                "teamPosition": "BN",
                "playerPosition": "WR",
                "playerName": "J. Landry",
                "playerId": "2543488",
                "points": 5.5
            },
            {
                "teamPosition": "BN",
                "playerPosition": "RB",
                "playerName": "D. Williams",
                "playerId": "2550512",
                "points": -0.3
            },
            {
                "teamPosition": "BN",
                "playerPosition": "RB",
                "playerName": "M. Gordon",
                "playerId": "2552469",
                "points": 15.7
            },
            {
                "teamPosition": "BN",
                "playerPosition": "TE",
                "playerName": "D. Knox",
                "playerId": "2562681",
                "points": 0.0
            },
            {
                "teamPosition": "BN",
                "playerPosition": "QB",
                "playerName": "T. Tagovailoa",
                "playerId": "2564499",
                "points": 11.9
            },
            {
                "teamPosition": "BN",
                "playerPosition": "WR",
                "playerName": "K. Osborn",
                "playerId": "2564574",
                "points": 2.0
            }
        ]
    }
}