{
    "week": 6,
    "teamWinner": {
        "teamId": "5",
        "points": 94.4,
        "standings": "3-3-0",
        "starters": [
            {
                "teamPosition": "QB",
                "playerPosition": "QB",
                "playerName": "D. Watson",
                "playerId": "2558063",
                "points": 28.3
            },
            {
                "teamPosition": "RB",
                "playerPosition": "RB",
                "playerName": "C. Anderson",
                "playerId": "2540269",
                "points": 1.7
            },
            {
                "teamPosition": "RB",
                "playerPosition": "RB",
                "playerName": "A. Kamara",
                "playerId": "2558019",
                "points": 8.7
            },
            {
                "teamPosition": "WR",
                "playerPosition": "WR",
                "playerName": "J. Jones",
                "playerId": "2495454",
                "points": 7.2
            },
            {
                "teamPosition": "WR",
                "playerPosition": "WR",
                "playerName": "K. Benjamin",
                "playerId": "2543471",
                "points": 9.9
            },
            {
                "teamPosition": "TE",
                "playerPosition": "TE",
                "playerName": "R. Griffin",
                "playerId": "2541316",
                "points": 7.2
            },
            {
                "teamPosition": "R/W/T",
                "playerPosition": "RB",
                "playerName": "D. Martin",
                "playerId": "2532899",
                "points": 14.4
            },
            {
                "teamPosition": "K",
                "playerPosition": "K",
                "playerName": "H. Butker",
                "playerId": "2558245",
                "points": 8.0
            },
            {
                "teamPosition": "DEF",
                "playerPosition": "DEF",
                "playerName": "Falcons",
                "playerId": "100001",
                "points": 5.0
            },
            {
                "teamPosition": "LB",
                "playerPosition": "LB",
                "playerName": "R. Shazier",
                "playerId": "2543486",
                "points": 4.0
            }
        ],
        "bench": [
            {
                "teamPosition": "BN",
                "playerPosition": "WR",
                "playerName": "A. Green",
                "playerId": "2495450",
                "points": 0.0
            },
            {
                "teamPosition": "BN",
                "playerPosition": "RB",
                "playerName": "M. Lynch",
                "playerId": "2495663",
                "points": 7.3
            },
            {
                "teamPosition": "BN",
                "playerPosition": "QB",
                "playerName": "E. Manning",
                "playerId": "2505996",
                "points": 12.12
            },
            {
                "teamPosition": "BN",
                "playerPosition": "QB",
                "playerName": "A. Luck",
                "playerId": "2533031",
                "points": 0.0
            },
            {
                "teamPosition": "BN",
                "playerPosition": "K",
                "playerName": "M. Bryant",
                "playerId": "2504797",
                "points": 7.0
            },
            {
                "teamPosition": "BN",
                "playerPosition": "K",
                "playerName": "G. Tavecchio",
                "playerId": "2535686",
                "points": 5.0
            },
            {
                "teamPosition": "BN",
                "playerPosition": "DEF",
                "playerName": "Seahawks",
                "playerId": "100030",
                "points": 0.0
            }
        ]
    },
    "teamLoser": {
        "teamId": "9",
        "points": 76.38,
        "standings": "2-4-0",
        "starters": [
            {
                "teamPosition": "QB",
                "playerPosition": "QB",
                "playerName": "C. Wentz",
                "playerId": "2555259",
                "points": 25.38
            },
            {
                "teamPosition": "RB",
                "playerPosition": "RB",
                "playerName": "L. Miller",
                "playerId": "2533034",
                "points": 8.1
            },
            {
                "teamPosition": "RB",
                "playerPosition": "RB",
                "playerName": "T. Coleman",
                "playerId": "2552453",
                "points": 9.6
            },
            {
                "teamPosition": "WR",
                "playerPosition": "WR",
                "playerName": "E. Sanders",
                "playerId": "497322",
                "points": 7.6
            },
            {
                "teamPosition": "WR",
                "playerPosition": "WR",
                "playerName": "T. Hilton",
                "playerId": "2532865",
                "points": 1.9
            },
            {
                "teamPosition": "TE",
                "playerPosition": "TE",
                "playerName": "Z. Miller",
                "playerId": "238457",
                "points": 8.5
            },
            {
                "teamPosition": "R/W/T",
                "playerPosition": "WR",
                "playerName": "T. Pryor",
                "playerId": "2531332",
                "points": 2.3
            },
            {
                "teamPosition": "K",
                "playerPosition": "K",
                "playerName": "S. Gostkowski",
                "playerId": "2506922",
                "points": 5.0
            },
            {
                "teamPosition": "DEF",
                "playerPosition": "DEF",
                "playerName": "Redskins",
                "playerId": "100032",
                "points": 7.0
            },
            {
                "teamPosition": "LB",
                "playerPosition": "LB",
                "playerName": "J. Brown",
                "playerId": "2556148",
                "points": 1.0
            }
        ],
        "bench": [
            {
                "teamPosition": "BN",
                "playerPosition": "TE",
                "playerName": "J. Graham",
                "playerId": "497236",
                "points": 0.0
            },
            {
                "teamPosition": "BN",
                "playerPosition": "WR",
                "playerName": "D. Thomas",
                "playerId": "497328",
                "points": 9.3
            },
            {
                "teamPosition": "BN",
                "playerPosition": "WR",
                "playerName": "J. Kearse",
                "playerId": "2532887",
                "points": 7.9
            },
            {
                "teamPosition": "BN",
                "playerPosition": "WR",
                "playerName": "W. Snead",
                "playerId": "2550256",
                "points": 1.1
            },
            {
                "teamPosition": "BN",
                "playerPosition": "QB",
                "playerName": "M. Mariota",
                "playerId": "2552466",
                "points": 15.24
            },
            {
                "teamPosition": "BN",
                "playerPosition": "RB",
                "playerName": "E. Elliott",
                "playerId": "2555224",
                "points": 0.0
            },
            {
                "teamPosition": "BN",
                "playerPosition": "RB",
                "playerName": "M. Mack",
                "playerId": "2558123",
                "points": 1.8
            }
        ]
    }
}