{
    "week": 6,
    "teamWinner": {
        "teamId": "3",
        "points": 146.38,
        "standings": "3-3-0",
        "starters": [
            {
                "teamPosition": "QB",
                "playerPosition": "QB",
                "playerName": "T. Brady",
                "playerId": "2504211",
                "points": 19.18
            },
            {
                "teamPosition": "RB",
                "playerPosition": "RB",
                "playerName": "L. Bell",
                "playerId": "2540175",
                "points": 25.1
            },
            {
                "teamPosition": "RB",
                "playerPosition": "RB",
                "playerName": "J. McKinnon",
                "playerId": "2543715",
                "points": 17.9
            },
            {
                "teamPosition": "WR",
                "playerPosition": "WR",
                "playerName": "M. Crabtree",
                "playerId": "71269",
                "points": 11.2
            },
            {
                "teamPosition": "WR",
                "playerPosition": "WR",
                "playerName": "W. Fuller",
                "playerId": "2555346",
                "points": 12.2
            },
            {
                "teamPosition": "TE",
                "playerPosition": "TE",
                "playerName": "Z. Ertz",
                "playerId": "2540158",
                "points": 13.8
            },
            {
                "teamPosition": "R/W/T",
                "playerPosition": "WR",
                "playerName": "D. Amendola",
                "playerId": "2649",
                "points": 4.0
            },
            {
                "teamPosition": "K",
                "playerPosition": "K",
                "playerName": "M. Prater",
                "playerId": "2506677",
                "points": 9.0
            },
            {
                "teamPosition": "DEF",
                "playerPosition": "DEF",
                "playerName": "Texans",
                "playerId": "100013",
                "points": 30.0
            },
            {
                "teamPosition": "LB",
                "playerPosition": "LB",
                "playerName": "A. Ogletree",
                "playerId": "2540143",
                "points": 4.0
            }
        ],
        "bench": [
            {
                "teamPosition": "BN",
                "playerPosition": "WR",
                "playerName": "D. Bryant",
                "playerId": "497278",
                "points": 0.0
            },
            {
                "teamPosition": "BN",
                "playerPosition": "QB",
                "playerName": "C. Palmer",
                "playerId": "2505245",
                "points": 26.92
            },
            {
                "teamPosition": "BN",
                "playerPosition": "WR",
                "playerName": "D. Baldwin",
                "playerId": "2530747",
                "points": 0.0
            },
            {
                "teamPosition": "BN",
                "playerPosition": "WR",
                "playerName": "A. Jeffery",
                "playerId": "2533039",
                "points": 7.1
            },
            {
                "teamPosition": "BN",
                "playerPosition": "RB",
                "playerName": "C. Hyde",
                "playerId": "2543743",
                "points": 19.5
            },
            {
                "teamPosition": "BN",
                "playerPosition": "RB",
                "playerName": "A. Jones",
                "playerId": "2558116",
                "points": 4.2
            },
            {
                "teamPosition": "BN",
                "playerPosition": "DEF",
                "playerName": "Steelers",
                "playerId": "100027",
                "points": 11.0
            }
        ]
    },
    "teamLoser": {
        "teamId": "2",
        "points": 66.82,
        "standings": "2-4-0",
        "starters": [
            {
                "teamPosition": "QB",
                "playerPosition": "QB",
                "playerName": "A. Rodgers",
                "playerId": "2506363",
                "points": 0.72
            },
            {
                "teamPosition": "RB",
                "playerPosition": "RB",
                "playerName": "D. Johnson",
                "playerId": "2552461",
                "points": 3.9
            },
            {
                "teamPosition": "RB",
                "playerPosition": "RB",
                "playerName": "J. Allen",
                "playerId": "2552631",
                "points": 6.6
            },
            {
                "teamPosition": "WR",
                "playerPosition": "WR",
                "playerName": "R. Cobb",
                "playerId": "2495448",
                "points": 2.8
            },
            {
                "teamPosition": "WR",
                "playerPosition": "WR",
                "playerName": "B. Cooks",
                "playerId": "2543498",
                "points": 9.3
            },
            {
                "teamPosition": "TE",
                "playerPosition": "TE",
                "playerName": "C. Brate",
                "playerId": "2550656",
                "points": 13.6
            },
            {
                "teamPosition": "R/W/T",
                "playerPosition": "WR",
                "playerName": "C. Hogan",
                "playerId": "2530515",
                "points": 1.9
            },
            {
                "teamPosition": "K",
                "playerPosition": "K",
                "playerName": "G. Gano",
                "playerId": "71309",
                "points": 11.0
            },
            {
                "teamPosition": "DEF",
                "playerPosition": "DEF",
                "playerName": "Jaguars",
                "playerId": "100015",
                "points": 7.0
            },
            {
                "teamPosition": "LB",
                "playerPosition": "LB",
                "playerName": "C. Mosley",
                "playerId": "2543464",
                "points": 10.0
            }
        ],
        "bench": [
            {
                "teamPosition": "BN",
                "playerPosition": "RB",
                "playerName": "D. Murray",
                "playerId": "2495207",
                "points": 14.7
            },
            {
                "teamPosition": "BN",
                "playerPosition": "TE",
                "playerName": "J. Witten",
                "playerId": "2505629",
                "points": 0.0
            },
            {
                "teamPosition": "BN",
                "playerPosition": "WR",
                "playerName": "M. Jones",
                "playerId": "2532884",
                "points": 15.6
            },
            {
                "teamPosition": "BN",
                "playerPosition": "QB",
                "playerName": "D. Prescott",
                "playerId": "2555260",
                "points": 0.0
            },
            {
                "teamPosition": "BN",
                "playerPosition": "WR",
                "playerName": "K. Golladay",
                "playerId": "2558052",
                "points": 0.0
            },
            {
                "teamPosition": "BN",
                "playerPosition": "RB",
                "playerName": "T. Cohen",
                "playerId": "2558250",
                "points": 7.44
            },
            {
                "teamPosition": "BN",
                "playerPosition": "DEF",
                "playerName": "Bills",
                "playerId": "100003",
                "points": 0.0
            }
        ]
    }
}