{
    "week": 7,
    "teamWinner": {
        "teamId": "3",
        "points": 158.02,
        "standings": "2-5-0",
        "starters": [
            {
                "teamPosition": "QB",
                "playerPosition": "QB",
                "playerName": "A. Luck",
                "playerId": "2533031",
                "points": 28.02
            },
            {
                "teamPosition": "RB",
                "playerPosition": "RB",
                "playerName": "A. Foster",
                "playerId": "79555",
                "points": 24.5
            },
            {
                "teamPosition": "RB",
                "playerPosition": "RB",
                "playerName": "M. Ingram",
                "playerId": "2495466",
                "points": 20.8
            },
            {
                "teamPosition": "WR",
                "playerPosition": "WR",
                "playerName": "E. Decker",
                "playerId": "497284",
                "points": 9.4
            },
            {
                "teamPosition": "WR",
                "playerPosition": "WR",
                "playerName": "T. Hilton",
                "playerId": "2532865",
                "points": 28.0
            },
            {
                "teamPosition": "TE",
                "playerPosition": "TE",
                "playerName": "C. Clay",
                "playerId": "2495139",
                "points": 2.6
            },
            {
                "teamPosition": "W/R",
                "playerPosition": "WR",
                "playerName": "S. Diggs",
                "playerId": "2552608",
                "points": 17.7
            },
            {
                "teamPosition": "K",
                "playerPosition": "K",
                "playerName": "J. Brown",
                "playerId": "2505459",
                "points": 12.0
            },
            {
                "teamPosition": "DEF",
                "playerPosition": "DEF",
                "playerName": "Vikings",
                "playerId": "100020",
                "points": 15.0
            }
        ],
        "bench": [
            {
                "teamPosition": "BN",
                "playerPosition": "TE",
                "playerName": "M. Bennett",
                "playerId": "1062",
                "points": 0.0
            },
            {
                "teamPosition": "BN",
                "playerPosition": "WR",
                "playerName": "E. Sanders",
                "playerId": "497322",
                "points": 0.0
            },
            {
                "teamPosition": "BN",
                "playerPosition": "QB",
                "playerName": "T. Taylor",
                "playerId": "2495240",
                "points": 0.0
            },
            {
                "teamPosition": "BN",
                "playerPosition": "QB",
                "playerName": "A. Smith",
                "playerId": "2506340",
                "points": 16.54
            },
            {
                "teamPosition": "BN",
                "playerPosition": "RB",
                "playerName": "T. Yeldon",
                "playerId": "2552471",
                "points": 18.4
            },
            {
                "teamPosition": "BN",
                "playerPosition": "K",
                "playerName": "D. Bailey",
                "playerId": "2495259",
                "points": 11.0
            }
        ]
    },
    "teamLoser": {
        "teamId": "6",
        "points": 41.1,
        "standings": "1-6-0",
        "starters": [
            {
                "teamPosition": "QB",
                "playerPosition": "QB",
                "playerName": "R. Wilson",
                "playerId": "2532975",
                "points": 11.4
            },
            {
                "teamPosition": "RB",
                "playerPosition": "RB",
                "playerName": "D. Murray",
                "playerId": "2495207",
                "points": 7.0
            },
            {
                "teamPosition": "RB",
                "playerPosition": "RB",
                "playerName": "A. Morris",
                "playerId": "2533457",
                "points": 0.7
            },
            {
                "teamPosition": "WR",
                "playerPosition": "WR",
                "playerName": "T. Smith",
                "playerId": "2495459",
                "points": 0.0
            },
            {
                "teamPosition": "WR",
                "playerPosition": "WR",
                "playerName": "K. Allen",
                "playerId": "2540154",
                "points": 8.9
            },
            {
                "teamPosition": "TE",
                "playerPosition": "TE",
                "playerName": "J. Graham",
                "playerId": "497236",
                "points": 3.1
            },
            {
                "teamPosition": "W/R",
                "playerPosition": "RB",
                "playerName": "G. Bernard",
                "playerId": "2540156",
                "points": 0.0
            },
            {
                "teamPosition": "K",
                "playerPosition": "K",
                "playerName": "J. Tucker",
                "playerId": "2536340",
                "points": 6.0
            },
            {
                "teamPosition": "DEF",
                "playerPosition": "DEF",
                "playerName": "Ravens",
                "playerId": "100002",
                "points": 4.0
            }
        ],
        "bench": [
            {
                "teamPosition": "BN",
                "playerPosition": "WR",
                "playerName": "D. Jackson",
                "playerId": "1581",
                "points": 0.0
            },
            {
                "teamPosition": "BN",
                "playerPosition": "RB",
                "playerName": "L. Blount",
                "playerId": "497149",
                "points": -0.3
            },
            {
                "teamPosition": "BN",
                "playerPosition": "QB",
                "playerName": "B. Roethlisberger",
                "playerId": "2506109",
                "points": 0.0
            },
            {
                "teamPosition": "BN",
                "playerPosition": "TE",
                "playerName": "H. Miller",
                "playerId": "2506369",
                "points": 0.0
            },
            {
                "teamPosition": "BN",
                "playerPosition": "WR",
                "playerName": "D. Moncrief",
                "playerId": "2543614",
                "points": 9.4
            },
            {
                "teamPosition": "BN",
                "playerPosition": "DEF",
                "playerName": "49ers",
                "playerId": "100029",
                "points": 19.0
            }
        ]
    }
}