{
    "week": 9,
    "teamWinner": {
        "teamId": "4",
        "points": 99.5,
        "standings": "8-1-0",
        "starters": [
            {
                "teamPosition": "QB",
                "playerPosition": "QB",
                "playerName": "R. Wilson",
                "playerId": "2532975",
                "points": 23.5
            },
            {
                "teamPosition": "RB",
                "playerPosition": "RB",
                "playerName": "T. Gurley",
                "playerId": "2552475",
                "points": 13.9
            },
            {
                "teamPosition": "RB",
                "playerPosition": "RB",
                "playerName": "K. Drake",
                "playerId": "2555230",
                "points": 3.5
            },
            {
                "teamPosition": "WR",
                "playerPosition": "WR",
                "playerName": "D. Hopkins",
                "playerId": "2540165",
                "points": 16.5
            },
            {
                "teamPosition": "WR",
                "playerPosition": "WR",
                "playerName": "R. Woods",
                "playerId": "2540169",
                "points": 8.5
            },
            {
                "teamPosition": "TE",
                "playerPosition": "TE",
                "playerName": "J. Cook",
                "playerId": "71265",
                "points": 2.0
            },
            {
                "teamPosition": "R/W/T",
                "playerPosition": "WR",
                "playerName": "M. Jones",
                "playerId": "2532884",
                "points": 6.6
            },
            {
                "teamPosition": "K",
                "playerPosition": "K",
                "playerName": "G. Gano",
                "playerId": "71309",
                "points": 6.0
            },
            {
                "teamPosition": "DEF",
                "playerPosition": "DEF",
                "playerName": "Patriots",
                "playerId": "100021",
                "points": 7.0
            },
            {
                "teamPosition": "DL",
                "playerPosition": "DL",
                "playerName": "J. Clowney",
                "playerId": "2543456",
                "points": 4.0
            },
            {
                "teamPosition": "LB",
                "playerPosition": "LB",
                "playerName": "D. Ford",
                "playerId": "2543494",
                "points": 1.0
            },
            {
                "teamPosition": "DB",
                "playerPosition": "DB",
                "playerName": "D. Kazee",
                "playerId": "2558184",
                "points": 7.0
            }
        ],
        "bench": [
            {
                "teamPosition": "BN",
                "playerPosition": "QB",
                "playerName": "B. Roethlisberger",
                "playerId": "2506109",
                "points": 29.2
            },
            {
                "teamPosition": "BN",
                "playerPosition": "QB",
                "playerName": "K. Cousins",
                "playerId": "2532820",
                "points": 5.86
            },
            {
                "teamPosition": "BN",
                "playerPosition": "WR",
                "playerName": "M. Sanu",
                "playerId": "2533040",
                "points": 4.5
            },
            {
                "teamPosition": "BN",
                "playerPosition": "WR",
                "playerName": "S. Shepard",
                "playerId": "2555295",
                "points": 0.0
            },
            {
                "teamPosition": "BN",
                "playerPosition": "TE",
                "playerName": "O. Howard",
                "playerId": "2557856",
                "points": 17.3
            },
            {
                "teamPosition": "BN",
                "playerPosition": "RB",
                "playerName": "R. Freeman",
                "playerId": "2560733",
                "points": 0.0
            },
            {
                "teamPosition": "BN",
                "playerPosition": "RB",
                "playerName": "S. Barkley",
                "playerId": "2560968",
                "points": 0.0
            },
            {
                "teamPosition": "BN",
                "playerPosition": "DEF",
                "playerName": "Rams",
                "playerId": "100017",
                "points": 0.0
            },
            {
                "teamPosition": "BN",
                "playerPosition": "LB",
                "playerName": "M. Jack",
                "playerId": "2555329",
                "points": 0.0
            }
        ]
    },
    "teamLoser": {
        "teamId": "7",
        "points": 84.36,
        "standings": "4-5-0",
        "starters": [
            {
                "teamPosition": "QB",
                "playerPosition": "QB",
                "playerName": "M. Stafford",
                "playerId": "79860",
                "points": 4.56
            },
            {
                "teamPosition": "RB",
                "playerPosition": "RB",
                "playerName": "J. Mixon",
                "playerId": "2557976",
                "points": 0.0
            },
            {
                "teamPosition": "RB",
                "playerPosition": "RB",
                "playerName": "C. McCaffrey",
                "playerId": "2557997",
                "points": 27.7
            },
            {
                "teamPosition": "WR",
                "playerPosition": "WR",
                "playerName": "J. Jones",
                "playerId": "2495454",
                "points": 19.1
            },
            {
                "teamPosition": "WR",
                "playerPosition": "WR",
                "playerName": "T. Hill",
                "playerId": "2556214",
                "points": 8.5
            },
            {
                "teamPosition": "TE",
                "playerPosition": "TE",
                "playerName": "K. Rudolph",
                "playerId": "2495438",
                "points": 3.8
            },
            {
                "teamPosition": "R/W/T",
                "playerPosition": "RB",
                "playerName": "L. Murray",
                "playerId": "2541161",
                "points": 10.7
            },
            {
                "teamPosition": "K",
                "playerPosition": "K",
                "playerName": "S. Gostkowski",
                "playerId": "2506922",
                "points": 5.0
            },
            {
                "teamPosition": "DEF",
                "playerPosition": "DEF",
                "playerName": "Bills",
                "playerId": "100003",
                "points": 5.0
            },
            {
                "teamPosition": "DL",
                "playerPosition": "DL",
                "playerName": "C. Jones",
                "playerId": "2533538",
                "points": 0.0
            },
            {
                "teamPosition": "LB",
                "playerPosition": "LB",
                "playerName": "K. Alexander",
                "playerId": "2552592",
                "points": 0.0
            },
            {
                "teamPosition": "DB",
                "playerPosition": "DB",
                "playerName": "B. Baker",
                "playerId": "2558009",
                "points": 0.0
            }
        ],
        "bench": [
            {
                "teamPosition": "BN",
                "playerPosition": "WR",
                "playerName": "M. Crabtree",
                "playerId": "71269",
                "points": 3.2
            },
            {
                "teamPosition": "BN",
                "playerPosition": "WR",
                "playerName": "G. Tate",
                "playerId": "497326",
                "points": 0.0
            },
            {
                "teamPosition": "BN",
                "playerPosition": "WR",
                "playerName": "D. Thomas",
                "playerId": "497328",
                "points": 6.1
            },
            {
                "teamPosition": "BN",
                "playerPosition": "WR",
                "playerName": "C. Hogan",
                "playerId": "2530515",
                "points": 0.0
            },
            {
                "teamPosition": "BN",
                "playerPosition": "WR",
                "playerName": "D. Adams",
                "playerId": "2543495",
                "points": 10.0
            },
            {
                "teamPosition": "BN",
                "playerPosition": "RB",
                "playerName": "A. Collins",
                "playerId": "2555430",
                "points": 9.9
            },
            {
                "teamPosition": "BN",
                "playerPosition": "RB",
                "playerName": "J. Conner",
                "playerId": "2557978",
                "points": 22.3
            },
            {
                "teamPosition": "BN",
                "playerPosition": "QB",
                "playerName": "D. Watson",
                "playerId": "2558063",
                "points": 24.32
            },
            {
                "teamPosition": "BN",
                "playerPosition": "RB",
                "playerName": "C. Clement",
                "playerId": "2559150",
                "points": 0.0
            }
        ]
    }
}