{
    "1": {
        "1": {
            "pickOverall": 1,
            "pickRound": 1,
            "playerId": "2557997",
            "playerName": "Christian McCaffrey",
            "playerPosition": "RB",
            "round": 1,
            "teamId": "7"
        },
        "2": {
            "pickOverall": 2,
            "pickRound": 2,
            "playerId": "2557991",
            "playerName": "Dalvin Cook",
            "playerPosition": "RB",
            "round": 1,
            "teamId": "3"
        },
        "3": {
            "pickOverall": 3,
            "pickRound": 3,
            "playerId": "2558019",
            "playerName": "Alvin Kamara",
            "playerPosition": "RB",
            "round": 1,
            "teamId": "11"
        },
        "4": {
            "pickOverall": 4,
            "pickRound": 4,
            "playerId": "2556075",
            "playerName": "Derrick Henry",
            "playerPosition": "RB",
            "round": 1,
            "teamId": "9"
        },
        "5": {
            "pickOverall": 5,
            "pickRound": 5,
            "playerId": "2560968",
            "playerName": "Saquon Barkley",
            "playerPosition": "RB",
            "round": 1,
            "teamId": "2"
        },
        "6": {
            "pickOverall": 6,
            "pickRound": 6,
            "playerId": "2555224",
            "playerName": "Ezekiel Elliott",
            "playerPosition": "RB",
            "round": 1,
            "teamId": "12"
        },
        "7": {
            "pickOverall": 7,
            "pickRound": 7,
            "playerId": "2561021",
            "playerName": "Nick Chubb",
            "playerPosition": "RB",
            "round": 1,
            "teamId": "8"
        },
        "8": {
            "pickOverall": 8,
            "pickRound": 8,
            "playerId": "2558116",
            "playerName": "Aaron Jones",
            "playerPosition": "RB",
            "round": 1,
            "teamId": "6"
        },
        "9": {
            "pickOverall": 9,
            "pickRound": 9,
            "playerId": "2543495",
            "playerName": "Davante Adams",
            "playerPosition": "WR",
            "round": 1,
            "teamId": "1"
        },
        "10": {
            "pickOverall": 10,
            "pickRound": 10,
            "playerId": "2559169",
            "playerName": "Austin Ekeler",
            "playerPosition": "RB",
            "round": 1,
            "teamId": "4"
        },
        "11": {
            "pickOverall": 11,
            "pickRound": 11,
            "playerId": "2556214",
            "playerName": "Tyreek Hill",
            "playerPosition": "WR",
            "round": 1,
            "teamId": "5"
        },
        "12": {
            "pickOverall": 12,
            "pickRound": 12,
            "playerId": "2540258",
            "playerName": "Travis Kelce",
            "playerPosition": "TE",
            "round": 1,
            "teamId": "14"
        },
        "13": {
            "pickOverall": 13,
            "pickRound": 13,
            "playerId": "2564148",
            "playerName": "Jonathan Taylor",
            "playerPosition": "RB",
            "round": 1,
            "teamId": "13"
        },
        "14": {
            "pickOverall": 14,
            "pickRound": 14,
            "playerId": "2565276",
            "playerName": "Antonio Gibson",
            "playerPosition": "RB",
            "round": 1,
            "teamId": "10"
        }
    },
    "2": {
        "1": {
            "pickOverall": 15,
            "pickRound": 1,
            "playerId": "2552608",
            "playerName": "Stefon Diggs",
            "playerPosition": "WR",
            "round": 2,
            "teamId": "10"
        },
        "2": {
            "pickOverall": 16,
            "pickRound": 2,
            "playerId": "2562685",
            "playerName": "DK Metcalf",
            "playerPosition": "WR",
            "round": 2,
            "teamId": "13"
        },
        "3": {
            "pickOverall": 17,
            "pickRound": 3,
            "playerId": "2540165",
            "playerName": "DeAndre Hopkins",
            "playerPosition": "WR",
            "round": 2,
            "teamId": "14"
        },
        "4": {
            "pickOverall": 18,
            "pickRound": 4,
            "playerId": "2557976",
            "playerName": "Joe Mixon",
            "playerPosition": "RB",
            "round": 2,
            "teamId": "5"
        },
        "5": {
            "pickOverall": 19,
            "pickRound": 5,
            "playerId": "2566448",
            "playerName": "Najee Harris",
            "playerPosition": "RB",
            "round": 2,
            "teamId": "4"
        },
        "6": {
            "pickOverall": 20,
            "pickRound": 6,
            "playerId": "2564223",
            "playerName": "James Robinson",
            "playerPosition": "RB",
            "round": 2,
            "teamId": "1"
        },
        "7": {
            "pickOverall": 21,
            "pickRound": 7,
            "playerId": "2540154",
            "playerName": "Keenan Allen",
            "playerPosition": "WR",
            "round": 2,
            "teamId": "6"
        },
        "8": {
            "pickOverall": 22,
            "pickRound": 8,
            "playerId": "2562377",
            "playerName": "Josh Jacobs",
            "playerPosition": "RB",
            "round": 2,
            "teamId": "8"
        },
        "9": {
            "pickOverall": 23,
            "pickRound": 9,
            "playerId": "2560854",
            "playerName": "Calvin Ridley",
            "playerPosition": "WR",
            "round": 2,
            "teamId": "12"
        },
        "10": {
            "pickOverall": 24,
            "pickRound": 10,
            "playerId": "2564556",
            "playerName": "Justin Jefferson",
            "playerPosition": "WR",
            "round": 2,
            "teamId": "2"
        },
        "11": {
            "pickOverall": 25,
            "pickRound": 11,
            "playerId": "2558266",
            "playerName": "George Kittle",
            "playerPosition": "TE",
            "round": 2,
            "teamId": "9"
        },
        "12": {
            "pickOverall": 26,
            "pickRound": 12,
            "playerId": "2564271",
            "playerName": "Clyde Edwards-Helaire",
            "playerPosition": "RB",
            "round": 2,
            "teamId": "11"
        },
        "13": {
            "pickOverall": 27,
            "pickRound": 13,
            "playerId": "2562238",
            "playerName": "A.J. Brown",
            "playerPosition": "WR",
            "round": 2,
            "teamId": "3"
        },
        "14": {
            "pickOverall": 28,
            "pickRound": 14,
            "playerId": "2543509",
            "playerName": "Allen Robinson",
            "playerPosition": "WR",
            "round": 2,
            "teamId": "7"
        }
    },
    "3": {
        "1": {
            "pickOverall": 29,
            "pickRound": 1,
            "playerId": "2558865",
            "playerName": "Chris Carson",
            "playerPosition": "RB",
            "round": 3,
            "teamId": "7"
        },
        "2": {
            "pickOverall": 30,
            "pickRound": 2,
            "playerId": "2558125",
            "playerName": "Patrick Mahomes",
            "playerPosition": "QB",
            "round": 3,
            "teamId": "3"
        },
        "3": {
            "pickOverall": 31,
            "pickRound": 3,
            "playerId": "2552408",
            "playerName": "Darren Waller",
            "playerPosition": "TE",
            "round": 3,
            "teamId": "11"
        },
        "4": {
            "pickOverall": 32,
            "pickRound": 4,
            "playerId": "2543468",
            "playerName": "Mike Evans",
            "playerPosition": "WR",
            "round": 3,
            "teamId": "9"
        },
        "5": {
            "pickOverall": 33,
            "pickRound": 5,
            "playerId": "2563848",
            "playerName": "CeeDee Lamb",
            "playerPosition": "WR",
            "round": 3,
            "teamId": "2"
        },
        "6": {
            "pickOverall": 34,
            "pickRound": 6,
            "playerId": "2560955",
            "playerName": "Josh Allen",
            "playerPosition": "QB",
            "round": 3,
            "teamId": "12"
        },
        "7": {
            "pickOverall": 35,
            "pickRound": 7,
            "playerId": "2495454",
            "playerName": "Julio Jones",
            "playerPosition": "WR",
            "round": 3,
            "teamId": "8"
        },
        "8": {
            "pickOverall": 36,
            "pickRound": 8,
            "playerId": "2560757",
            "playerName": "Lamar Jackson",
            "playerPosition": "QB",
            "round": 3,
            "teamId": "6"
        },
        "9": {
            "pickOverall": 37,
            "pickRound": 9,
            "playerId": "2541785",
            "playerName": "Adam Thielen",
            "playerPosition": "WR",
            "round": 3,
            "teamId": "1"
        },
        "10": {
            "pickOverall": 38,
            "pickRound": 10,
            "playerId": "2540169",
            "playerName": "Robert Woods",
            "playerPosition": "WR",
            "round": 3,
            "teamId": "4"
        },
        "11": {
            "pickOverall": 39,
            "pickRound": 11,
            "playerId": "2552487",
            "playerName": "Amari Cooper",
            "playerPosition": "WR",
            "round": 3,
            "teamId": "5"
        },
        "12": {
            "pickOverall": 40,
            "pickRound": 12,
            "playerId": "2562489",
            "playerName": "Terry McLaurin",
            "playerPosition": "WR",
            "round": 3,
            "teamId": "14"
        },
        "13": {
            "pickOverall": 41,
            "pickRound": 13,
            "playerId": "2562502",
            "playerName": "David Montgomery",
            "playerPosition": "RB",
            "round": 3,
            "teamId": "13"
        },
        "14": {
            "pickOverall": 42,
            "pickRound": 14,
            "playerId": "2560957",
            "playerName": "Mark Andrews",
            "playerPosition": "TE",
            "round": 3,
            "teamId": "10"
        }
    },
    "4": {
        "1": {
            "pickOverall": 43,
            "pickRound": 1,
            "playerId": "2562574",
            "playerName": "Darrell Henderson",
            "playerPosition": "RB",
            "round": 4,
            "teamId": "10"
        },
        "2": {
            "pickOverall": 44,
            "pickRound": 2,
            "playerId": "2565830",
            "playerName": "Kyle Pitts",
            "playerPosition": "TE",
            "round": 4,
            "teamId": "13"
        },
        "3": {
            "pickOverall": 45,
            "pickRound": 3,
            "playerId": "2562270",
            "playerName": "Myles Gaskin",
            "playerPosition": "RB",
            "round": 4,
            "teamId": "14"
        },
        "4": {
            "pickOverall": 46,
            "pickRound": 4,
            "playerId": "2563965",
            "playerName": "D'Andre Swift",
            "playerPosition": "RB",
            "round": 4,
            "teamId": "5"
        },
        "5": {
            "pickOverall": 47,
            "pickRound": 5,
            "playerId": "2557917",
            "playerName": "Kareem Hunt",
            "playerPosition": "RB",
            "round": 4,
            "teamId": "4"
        },
        "6": {
            "pickOverall": 48,
            "pickRound": 6,
            "playerId": "2552430",
            "playerName": "Tyler Lockett",
            "playerPosition": "WR",
            "round": 4,
            "teamId": "1"
        },
        "7": {
            "pickOverall": 49,
            "pickRound": 7,
            "playerId": "2562722",
            "playerName": "Miles Sanders",
            "playerPosition": "RB",
            "round": 4,
            "teamId": "6"
        },
        "8": {
            "pickOverall": 50,
            "pickRound": 8,
            "playerId": "2543496",
            "playerName": "Odell Beckham Jr.",
            "playerPosition": "WR",
            "round": 4,
            "teamId": "8"
        },
        "9": {
            "pickOverall": 51,
            "pickRound": 9,
            "playerId": "2562674",
            "playerName": "Diontae Johnson",
            "playerPosition": "WR",
            "round": 4,
            "teamId": "12"
        },
        "10": {
            "pickOverall": 52,
            "pickRound": 10,
            "playerId": "2558105",
            "playerName": "Chris Godwin",
            "playerPosition": "WR",
            "round": 4,
            "teamId": "2"
        },
        "11": {
            "pickOverall": 53,
            "pickRound": 11,
            "playerId": "2506363",
            "playerName": "Aaron Rodgers",
            "playerPosition": "QB",
            "round": 4,
            "teamId": "9"
        },
        "12": {
            "pickOverall": 54,
            "pickRound": 12,
            "playerId": "2563548",
            "playerName": "J.K. Dobbins",
            "playerPosition": "RB",
            "round": 4,
            "teamId": "11"
        },
        "13": {
            "pickOverall": 55,
            "pickRound": 13,
            "playerId": "2553439",
            "playerName": "Mike Davis",
            "playerPosition": "RB",
            "round": 4,
            "teamId": "3"
        },
        "14": {
            "pickOverall": 56,
            "pickRound": 14,
            "playerId": "2565093",
            "playerName": "Brandon Aiyuk",
            "playerPosition": "WR",
            "round": 4,
            "teamId": "7"
        }
    },
    "5": {
        "1": {
            "pickOverall": 57,
            "pickRound": 1,
            "playerId": "2561324",
            "playerName": "Gus Edwards",
            "playerPosition": "RB",
            "round": 5,
            "teamId": "7"
        },
        "2": {
            "pickOverall": 58,
            "pickRound": 2,
            "playerId": "2557898",
            "playerName": "Cooper Kupp",
            "playerPosition": "WR",
            "round": 5,
            "teamId": "3"
        },
        "3": {
            "pickOverall": 59,
            "pickRound": 3,
            "playerId": "2560813",
            "playerName": "D.J. Moore",
            "playerPosition": "WR",
            "round": 5,
            "teamId": "11"
        },
        "4": {
            "pickOverall": 60,
            "pickRound": 4,
            "playerId": "2564970",
            "playerName": "Chase Claypool",
            "playerPosition": "WR",
            "round": 5,
            "teamId": "9"
        },
        "5": {
            "pickOverall": 61,
            "pickRound": 5,
            "playerId": "2559270",
            "playerName": "Robert Tonyan",
            "playerPosition": "TE",
            "round": 5,
            "teamId": "2"
        },
        "6": {
            "pickOverall": 62,
            "pickRound": 6,
            "playerId": "2552469",
            "playerName": "Melvin Gordon",
            "playerPosition": "RB",
            "round": 5,
            "teamId": "12"
        },
        "7": {
            "pickOverall": 63,
            "pickRound": 7,
            "playerId": "2558052",
            "playerName": "Kenny Golladay",
            "playerPosition": "WR",
            "round": 5,
            "teamId": "8"
        },
        "8": {
            "pickOverall": 64,
            "pickRound": 8,
            "playerId": "2565941",
            "playerName": "Ja'Marr Chase",
            "playerPosition": "WR",
            "round": 5,
            "teamId": "6"
        },
        "9": {
            "pickOverall": 65,
            "pickRound": 9,
            "playerId": "2553728",
            "playerName": "Raheem Mostert",
            "playerPosition": "RB",
            "round": 5,
            "teamId": "1"
        },
        "10": {
            "pickOverall": 66,
            "pickRound": 10,
            "playerId": "2563896",
            "playerName": "Jerry Jeudy",
            "playerPosition": "WR",
            "round": 5,
            "teamId": "4"
        },
        "11": {
            "pickOverall": 67,
            "pickRound": 11,
            "playerId": "2562378",
            "playerName": "T.J. Hockenson",
            "playerPosition": "TE",
            "round": 5,
            "teamId": "5"
        },
        "12": {
            "pickOverall": 68,
            "pickRound": 12,
            "playerId": "2562281",
            "playerName": "Damien Harris",
            "playerPosition": "RB",
            "round": 5,
            "teamId": "14"
        },
        "13": {
            "pickOverall": 69,
            "pickRound": 13,
            "playerId": "2558149",
            "playerName": "JuJu Smith-Schuster",
            "playerPosition": "WR",
            "round": 5,
            "teamId": "13"
        },
        "14": {
            "pickOverall": 70,
            "pickRound": 14,
            "playerId": "2556462",
            "playerName": "Robby Anderson",
            "playerPosition": "WR",
            "round": 5,
            "teamId": "10"
        }
    },
    "6": {
        "1": {
            "pickOverall": 71,
            "pickRound": 1,
            "playerId": "2560711",
            "playerName": "Chase Edmonds",
            "playerPosition": "RB",
            "round": 6,
            "teamId": "10"
        },
        "2": {
            "pickOverall": 72,
            "pickRound": 2,
            "playerId": "2560735",
            "playerName": "Michael Gallup",
            "playerPosition": "WR",
            "round": 6,
            "teamId": "13"
        },
        "3": {
            "pickOverall": 73,
            "pickRound": 3,
            "playerId": "2560770",
            "playerName": "Ronald Jones",
            "playerPosition": "RB",
            "round": 6,
            "teamId": "14"
        },
        "4": {
            "pickOverall": 74,
            "pickRound": 4,
            "playerId": "2532975",
            "playerName": "Russell Wilson",
            "playerPosition": "QB",
            "round": 6,
            "teamId": "5"
        },
        "5": {
            "pickOverall": 75,
            "pickRound": 5,
            "playerId": "2566049",
            "playerName": "Javonte Williams",
            "playerPosition": "RB",
            "round": 6,
            "teamId": "4"
        },
        "6": {
            "pickOverall": 76,
            "pickRound": 6,
            "playerId": "2563731",
            "playerName": "Tee Higgins",
            "playerPosition": "WR",
            "round": 6,
            "teamId": "1"
        },
        "7": {
            "pickOverall": 77,
            "pickRound": 7,
            "playerId": "2560995",
            "playerName": "Dallas Goedert",
            "playerPosition": "TE",
            "round": 6,
            "teamId": "6"
        },
        "8": {
            "pickOverall": 78,
            "pickRound": 8,
            "playerId": "2557973",
            "playerName": "Leonard Fournette",
            "playerPosition": "RB",
            "round": 6,
            "teamId": "8"
        },
        "9": {
            "pickOverall": 79,
            "pickRound": 9,
            "playerId": "2566409",
            "playerName": "DeVonta Smith",
            "playerPosition": "WR",
            "round": 6,
            "teamId": "12"
        },
        "10": {
            "pickOverall": 80,
            "pickRound": 10,
            "playerId": "2557978",
            "playerName": "James Conner",
            "playerPosition": "RB",
            "round": 6,
            "teamId": "2"
        },
        "11": {
            "pickOverall": 81,
            "pickRound": 11,
            "playerId": "2559947",
            "playerName": "Phillip Lindsay",
            "playerPosition": "RB",
            "round": 6,
            "teamId": "9"
        },
        "12": {
            "pickOverall": 82,
            "pickRound": 12,
            "playerId": "2560888",
            "playerName": "Courtland Sutton",
            "playerPosition": "WR",
            "round": 6,
            "teamId": "11"
        },
        "13": {
            "pickOverall": 83,
            "pickRound": 13,
            "playerId": "2566382",
            "playerName": "Michael Carter",
            "playerPosition": "RB",
            "round": 6,
            "teamId": "3"
        },
        "14": {
            "pickOverall": 84,
            "pickRound": 14,
            "playerId": "2562382",
            "playerName": "Kyler Murray",
            "playerPosition": "QB",
            "round": 6,
            "teamId": "7"
        }
    },
    "7": {
        "1": {
            "pickOverall": 85,
            "pickRound": 1,
            "playerId": "2566544",
            "playerName": "Trey Sermon",
            "playerPosition": "RB",
            "round": 7,
            "teamId": "7"
        },
        "2": {
            "pickOverall": 86,
            "pickRound": 2,
            "playerId": "2562383",
            "playerName": "Noah Fant",
            "playerPosition": "TE",
            "round": 7,
            "teamId": "3"
        },
        "3": {
            "pickOverall": 87,
            "pickRound": 3,
            "playerId": "2555260",
            "playerName": "Dak Prescott",
            "playerPosition": "QB",
            "round": 7,
            "teamId": "11"
        },
        "4": {
            "pickOverall": 88,
            "pickRound": 4,
            "playerId": "2555466",
            "playerName": "Tyler Boyd",
            "playerPosition": "WR",
            "round": 7,
            "teamId": "9"
        },
        "5": {
            "pickOverall": 89,
            "pickRound": 5,
            "playerId": "2565045",
            "playerName": "Justin Herbert",
            "playerPosition": "QB",
            "round": 7,
            "teamId": "2"
        },
        "6": {
            "pickOverall": 90,
            "pickRound": 6,
            "playerId": "2555230",
            "playerName": "Kenyan Drake",
            "playerPosition": "RB",
            "round": 7,
            "teamId": "12"
        },
        "7": {
            "pickOverall": 91,
            "pickRound": 7,
            "playerId": "79860",
            "playerName": "Matthew Stafford",
            "playerPosition": "QB",
            "round": 7,
            "teamId": "8"
        },
        "8": {
            "pickOverall": 92,
            "pickRound": 8,
            "playerId": "2504211",
            "playerName": "Tom Brady",
            "playerPosition": "QB",
            "round": 7,
            "teamId": "6"
        },
        "9": {
            "pickOverall": 93,
            "pickRound": 9,
            "playerId": "2563722",
            "playerName": "Joe Burrow",
            "playerPosition": "QB",
            "round": 7,
            "teamId": "1"
        },
        "10": {
            "pickOverall": 94,
            "pickRound": 10,
            "playerId": "2532884",
            "playerName": "Marvin Jones",
            "playerPosition": "WR",
            "round": 7,
            "teamId": "4"
        },
        "11": {
            "pickOverall": 95,
            "pickRound": 11,
            "playerId": "2543498",
            "playerName": "Brandin Cooks",
            "playerPosition": "WR",
            "round": 7,
            "teamId": "5"
        },
        "12": {
            "pickOverall": 96,
            "pickRound": 12,
            "playerId": "2557848",
            "playerName": "Corey Davis",
            "playerPosition": "WR",
            "round": 7,
            "teamId": "14"
        },
        "13": {
            "pickOverall": 97,
            "pickRound": 13,
            "playerId": "2532956",
            "playerName": "Ryan Tannehill",
            "playerPosition": "QB",
            "round": 7,
            "teamId": "13"
        },
        "14": {
            "pickOverall": 98,
            "pickRound": 14,
            "playerId": "2564832",
            "playerName": "Jalen Hurts",
            "playerPosition": "QB",
            "round": 7,
            "teamId": "10"
        }
    },
    "8": {
        "1": {
            "pickOverall": 99,
            "pickRound": 1,
            "playerId": "2536340",
            "playerName": "Justin Tucker",
            "playerPosition": "K",
            "round": 8,
            "teamId": "10"
        },
        "2": {
            "pickOverall": 100,
            "pickRound": 2,
            "playerId": "2558846",
            "playerName": "Mike Williams",
            "playerPosition": "WR",
            "round": 8,
            "teamId": "13"
        },
        "3": {
            "pickOverall": 101,
            "pickRound": 3,
            "playerId": "2565920",
            "playerName": "Justin Fields",
            "playerPosition": "QB",
            "round": 8,
            "teamId": "14"
        },
        "4": {
            "pickOverall": 102,
            "pickRound": 4,
            "playerId": "2495448",
            "playerName": "Randall Cobb",
            "playerPosition": "WR",
            "round": 8,
            "teamId": "5"
        },
        "5": {
            "pickOverall": 103,
            "pickRound": 5,
            "playerId": "2543767",
            "playerName": "Logan Thomas",
            "playerPosition": "TE",
            "round": 8,
            "teamId": "4"
        },
        "6": {
            "pickOverall": 104,
            "pickRound": 6,
            "playerId": "2564136",
            "playerName": "Michael Pittman",
            "playerPosition": "WR",
            "round": 8,
            "teamId": "1"
        },
        "7": {
            "pickOverall": 105,
            "pickRound": 7,
            "playerId": "2556370",
            "playerName": "Michael Thomas",
            "playerPosition": "WR",
            "round": 8,
            "teamId": "6"
        },
        "8": {
            "pickOverall": 106,
            "pickRound": 8,
            "playerId": "2564850",
            "playerName": "Jalen Reagor",
            "playerPosition": "WR",
            "round": 8,
            "teamId": "8"
        },
        "9": {
            "pickOverall": 107,
            "pickRound": 9,
            "playerId": "2560994",
            "playerName": "Mike Gesicki",
            "playerPosition": "TE",
            "round": 8,
            "teamId": "12"
        },
        "10": {
            "pickOverall": 108,
            "pickRound": 10,
            "playerId": "2555346",
            "playerName": "Will Fuller",
            "playerPosition": "WR",
            "round": 8,
            "teamId": "2"
        },
        "11": {
            "pickOverall": 109,
            "pickRound": 11,
            "playerId": "2562734",
            "playerName": "Devin Singletary",
            "playerPosition": "RB",
            "round": 8,
            "teamId": "9"
        },
        "12": {
            "pickOverall": 110,
            "pickRound": 12,
            "playerId": "2562721",
            "playerName": "Deebo Samuel",
            "playerPosition": "WR",
            "round": 8,
            "teamId": "11"
        },
        "13": {
            "pickOverall": 111,
            "pickRound": 13,
            "playerId": "2561018",
            "playerName": "D.J. Chark",
            "playerPosition": "WR",
            "round": 8,
            "teamId": "3"
        },
        "14": {
            "pickOverall": 112,
            "pickRound": 14,
            "playerId": "2508061",
            "playerName": "Antonio Brown",
            "playerPosition": "WR",
            "round": 8,
            "teamId": "7"
        }
    },
    "9": {
        "1": {
            "pickOverall": 113,
            "pickRound": 1,
            "playerId": "2566292",
            "playerName": "Jaylen Waddle",
            "playerPosition": "WR",
            "round": 9,
            "teamId": "7"
        },
        "2": {
            "pickOverall": 114,
            "pickRound": 2,
            "playerId": "2563617",
            "playerName": "Zack Moss",
            "playerPosition": "RB",
            "round": 9,
            "teamId": "3"
        },
        "3": {
            "pickOverall": 115,
            "pickRound": 3,
            "playerId": "2555364",
            "playerName": "Tyler Higbee",
            "playerPosition": "TE",
            "round": 9,
            "teamId": "11"
        },
        "4": {
            "pickOverall": 116,
            "pickRound": 4,
            "playerId": "2558207",
            "playerName": "Jonnu Smith",
            "playerPosition": "TE",
            "round": 9,
            "teamId": "9"
        },
        "5": {
            "pickOverall": 117,
            "pickRound": 5,
            "playerId": "100002",
            "playerName": "Baltimore Ravens",
            "playerPosition": "DEF",
            "round": 9,
            "teamId": "2"
        },
        "6": {
            "pickOverall": 118,
            "pickRound": 6,
            "playerId": "2553435",
            "playerName": "David Johnson",
            "playerPosition": "RB",
            "round": 9,
            "teamId": "12"
        },
        "7": {
            "pickOverall": 119,
            "pickRound": 7,
            "playerId": "497240",
            "playerName": "Rob Gronkowski",
            "playerPosition": "TE",
            "round": 9,
            "teamId": "8"
        },
        "8": {
            "pickOverall": 120,
            "pickRound": 8,
            "playerId": "100017",
            "playerName": "Los Angeles Rams",
            "playerPosition": "DEF",
            "round": 9,
            "teamId": "6"
        },
        "9": {
            "pickOverall": 121,
            "pickRound": 9,
            "playerId": "2561061",
            "playerName": "Russell Gage",
            "playerPosition": "WR",
            "round": 9,
            "teamId": "1"
        },
        "10": {
            "pickOverall": 122,
            "pickRound": 10,
            "playerId": "2566385",
            "playerName": "Elijah Moore",
            "playerPosition": "WR",
            "round": 9,
            "teamId": "4"
        },
        "11": {
            "pickOverall": 123,
            "pickRound": 11,
            "playerId": "2563986",
            "playerName": "AJ Dillon",
            "playerPosition": "RB",
            "round": 9,
            "teamId": "5"
        },
        "12": {
            "pickOverall": 124,
            "pickRound": 12,
            "playerId": "2532820",
            "playerName": "Kirk Cousins",
            "playerPosition": "QB",
            "round": 9,
            "teamId": "14"
        },
        "13": {
            "pickOverall": 125,
            "pickRound": 13,
            "playerId": "2562699",
            "playerName": "Tony Pollard",
            "playerPosition": "RB",
            "round": 9,
            "teamId": "13"
        },
        "14": {
            "pickOverall": 126,
            "pickRound": 14,
            "playerId": "2562379",
            "playerName": "Marquise Brown",
            "playerPosition": "WR",
            "round": 9,
            "teamId": "10"
        }
    },
    "10": {
        "1": {
            "pickOverall": 127,
            "pickRound": 1,
            "playerId": "2541161",
            "playerName": "Latavius Murray",
            "playerPosition": "RB",
            "round": 10,
            "teamId": "10"
        },
        "2": {
            "pickOverall": 128,
            "pickRound": 2,
            "playerId": "2557889",
            "playerName": "Gerald Everett",
            "playerPosition": "TE",
            "round": 10,
            "teamId": "13"
        },
        "3": {
            "pickOverall": 129,
            "pickRound": 3,
            "playerId": "2552600",
            "playerName": "Nelson Agholor",
            "playerPosition": "WR",
            "round": 10,
            "teamId": "14"
        },
        "4": {
            "pickOverall": 130,
            "pickRound": 4,
            "playerId": "100031",
            "playerName": "Tampa Bay Buccaneers",
            "playerPosition": "DEF",
            "round": 10,
            "teamId": "5"
        },
        "5": {
            "pickOverall": 131,
            "pickRound": 5,
            "playerId": "2560800",
            "playerName": "Baker Mayfield",
            "playerPosition": "QB",
            "round": 10,
            "teamId": "4"
        },
        "6": {
            "pickOverall": 132,
            "pickRound": 6,
            "playerId": "100027",
            "playerName": "Pittsburgh Steelers",
            "playerPosition": "DEF",
            "round": 10,
            "teamId": "1"
        },
        "7": {
            "pickOverall": 133,
            "pickRound": 7,
            "playerId": "2558066",
            "playerName": "Curtis Samuel",
            "playerPosition": "WR",
            "round": 10,
            "teamId": "6"
        },
        "8": {
            "pickOverall": 134,
            "pickRound": 8,
            "playerId": "2552409",
            "playerName": "DeVante Parker",
            "playerPosition": "WR",
            "round": 10,
            "teamId": "8"
        },
        "9": {
            "pickOverall": 135,
            "pickRound": 9,
            "playerId": "2543488",
            "playerName": "Jarvis Landry",
            "playerPosition": "WR",
            "round": 10,
            "teamId": "12"
        },
        "10": {
            "pickOverall": 136,
            "pickRound": 10,
            "playerId": "2564232",
            "playerName": "Laviska Shenault Jr.",
            "playerPosition": "WR",
            "round": 10,
            "teamId": "2"
        },
        "11": {
            "pickOverall": 137,
            "pickRound": 11,
            "playerId": "2555295",
            "playerName": "Sterling Shepard",
            "playerPosition": "WR",
            "round": 10,
            "teamId": "9"
        },
        "12": {
            "pickOverall": 138,
            "pickRound": 12,
            "playerId": "2543773",
            "playerName": "James White",
            "playerPosition": "RB",
            "round": 10,
            "teamId": "11"
        },
        "13": {
            "pickOverall": 139,
            "pickRound": 13,
            "playerId": "2565310",
            "playerName": "Marquez Callaway",
            "playerPosition": "WR",
            "round": 10,
            "teamId": "3"
        },
        "14": {
            "pickOverall": 140,
            "pickRound": 14,
            "playerId": "2563707",
            "playerName": "Darnell Mooney",
            "playerPosition": "WR",
            "round": 10,
            "teamId": "7"
        }
    },
    "11": {
        "1": {
            "pickOverall": 141,
            "pickRound": 1,
            "playerId": "2555415",
            "playerName": "Austin Hooper",
            "playerPosition": "TE",
            "round": 11,
            "teamId": "7"
        },
        "2": {
            "pickOverall": 142,
            "pickRound": 2,
            "playerId": "2558204",
            "playerName": "Jamaal Williams",
            "playerPosition": "RB",
            "round": 11,
            "teamId": "3"
        },
        "3": {
            "pickOverall": 143,
            "pickRound": 3,
            "playerId": "2560809",
            "playerName": "Sony Michel",
            "playerPosition": "RB",
            "round": 11,
            "teamId": "11"
        },
        "4": {
            "pickOverall": 144,
            "pickRound": 4,
            "playerId": "2564499",
            "playerName": "Tua Tagovailoa",
            "playerPosition": "QB",
            "round": 11,
            "teamId": "9"
        },
        "5": {
            "pickOverall": 145,
            "pickRound": 5,
            "playerId": "2562580",
            "playerName": "Mecole Hardman",
            "playerPosition": "WR",
            "round": 11,
            "teamId": "2"
        },
        "6": {
            "pickOverall": 146,
            "pickRound": 6,
            "playerId": "497322",
            "playerName": "Emmanuel Sanders",
            "playerPosition": "WR",
            "round": 11,
            "teamId": "12"
        },
        "7": {
            "pickOverall": 147,
            "pickRound": 7,
            "playerId": "2557965",
            "playerName": "Myles Garrett",
            "playerPosition": "DL",
            "round": 11,
            "teamId": "8"
        },
        "8": {
            "pickOverall": 148,
            "pickRound": 8,
            "playerId": "2540230",
            "playerName": "Kyle Juszczyk",
            "playerPosition": "RB",
            "round": 11,
            "teamId": "6"
        },
        "9": {
            "pickOverall": 149,
            "pickRound": 9,
            "playerId": "2552453",
            "playerName": "Tevin Coleman",
            "playerPosition": "RB",
            "round": 11,
            "teamId": "1"
        },
        "10": {
            "pickOverall": 150,
            "pickRound": 10,
            "playerId": "2562492",
            "playerName": "Jakobi Meyers",
            "playerPosition": "WR",
            "round": 11,
            "teamId": "4"
        },
        "11": {
            "pickOverall": 151,
            "pickRound": 11,
            "playerId": "2560742",
            "playerName": "Nyheim Hines",
            "playerPosition": "RB",
            "round": 11,
            "teamId": "5"
        },
        "12": {
            "pickOverall": 152,
            "pickRound": 12,
            "playerId": "2556440",
            "playerName": "J.D. McKissic",
            "playerPosition": "RB",
            "round": 11,
            "teamId": "14"
        },
        "13": {
            "pickOverall": 153,
            "pickRound": 13,
            "playerId": "2543743",
            "playerName": "Carlos Hyde",
            "playerPosition": "RB",
            "round": 11,
            "teamId": "13"
        },
        "14": {
            "pickOverall": 154,
            "pickRound": 14,
            "playerId": "2564433",
            "playerName": "Henry Ruggs III",
            "playerPosition": "WR",
            "round": 11,
            "teamId": "10"
        }
    },
    "12": {
        "1": {
            "pickOverall": 155,
            "pickRound": 1,
            "playerId": "2495466",
            "playerName": "Mark Ingram",
            "playerPosition": "RB",
            "round": 12,
            "teamId": "10"
        },
        "2": {
            "pickOverall": 156,
            "pickRound": 2,
            "playerId": "2535698",
            "playerName": "Cole Beasley",
            "playerPosition": "WR",
            "round": 12,
            "teamId": "13"
        },
        "3": {
            "pickOverall": 157,
            "pickRound": 3,
            "playerId": "2565902",
            "playerName": "Terrace Marshall Jr.",
            "playerPosition": "WR",
            "round": 12,
            "teamId": "14"
        },
        "4": {
            "pickOverall": 158,
            "pickRound": 4,
            "playerId": "2552415",
            "playerName": "Jamison Crowder",
            "playerPosition": "WR",
            "round": 12,
            "teamId": "5"
        },
        "5": {
            "pickOverall": 159,
            "pickRound": 5,
            "playerId": "2555161",
            "playerName": "Blake Martinez",
            "playerPosition": "LB",
            "round": 12,
            "teamId": "4"
        },
        "6": {
            "pickOverall": 160,
            "pickRound": 6,
            "playerId": "2560789",
            "playerName": "Darius Leonard",
            "playerPosition": "LB",
            "round": 12,
            "teamId": "1"
        },
        "7": {
            "pickOverall": 161,
            "pickRound": 7,
            "playerId": "2565294",
            "playerName": "Chase Young",
            "playerPosition": "DL",
            "round": 12,
            "teamId": "6"
        },
        "8": {
            "pickOverall": 162,
            "pickRound": 8,
            "playerId": "100032",
            "playerName": "Washington Football Team",
            "playerPosition": "DEF",
            "round": 12,
            "teamId": "8"
        },
        "9": {
            "pickOverall": 163,
            "pickRound": 9,
            "playerId": "2558009",
            "playerName": "Budda Baker",
            "playerPosition": "DB",
            "round": 12,
            "teamId": "12"
        },
        "10": {
            "pickOverall": 164,
            "pickRound": 10,
            "playerId": "2495488",
            "playerName": "J.J. Watt",
            "playerPosition": "DL",
            "round": 12,
            "teamId": "2"
        },
        "11": {
            "pickOverall": 165,
            "pickRound": 11,
            "playerId": "2558245",
            "playerName": "Harrison Butker",
            "playerPosition": "K",
            "round": 12,
            "teamId": "9"
        },
        "12": {
            "pickOverall": 166,
            "pickRound": 12,
            "playerId": "2552033",
            "playerName": "Jameis Winston",
            "playerPosition": "QB",
            "round": 12,
            "teamId": "11"
        },
        "13": {
            "pickOverall": 167,
            "pickRound": 13,
            "playerId": "2560718",
            "playerName": "Rashaan Evans",
            "playerPosition": "LB",
            "round": 12,
            "teamId": "3"
        },
        "14": {
            "pickOverall": 168,
            "pickRound": 14,
            "playerId": "2564418",
            "playerName": "Bryan Edwards",
            "playerPosition": "WR",
            "round": 12,
            "teamId": "7"
        }
    },
    "13": {
        "1": {
            "pickOverall": 169,
            "pickRound": 1,
            "playerId": "2566532",
            "playerName": "Trey Lance",
            "playerPosition": "QB",
            "round": 13,
            "teamId": "7"
        },
        "2": {
            "pickOverall": 170,
            "pickRound": 2,
            "playerId": "2539290",
            "playerName": "Jordan Poyer",
            "playerPosition": "DB",
            "round": 13,
            "teamId": "3"
        },
        "3": {
            "pickOverall": 171,
            "pickRound": 3,
            "playerId": "2558250",
            "playerName": "Tarik Cohen",
            "playerPosition": "RB",
            "round": 13,
            "teamId": "11"
        },
        "4": {
            "pickOverall": 172,
            "pickRound": 4,
            "playerId": "100029",
            "playerName": "San Francisco 49ers",
            "playerPosition": "DEF",
            "round": 13,
            "teamId": "9"
        },
        "5": {
            "pickOverall": 173,
            "pickRound": 5,
            "playerId": "2550613",
            "playerName": "Malcolm Butler",
            "playerPosition": "DB",
            "round": 13,
            "teamId": "2"
        },
        "6": {
            "pickOverall": 174,
            "pickRound": 6,
            "playerId": "2562781",
            "playerName": "Devin White",
            "playerPosition": "LB",
            "round": 13,
            "teamId": "12"
        },
        "7": {
            "pickOverall": 175,
            "pickRound": 7,
            "playerId": "2532966",
            "playerName": "Bobby Wagner",
            "playerPosition": "LB",
            "round": 13,
            "teamId": "8"
        },
        "8": {
            "pickOverall": 176,
            "pickRound": 8,
            "playerId": "2562682",
            "playerName": "Alexander Mattison",
            "playerPosition": "RB",
            "round": 13,
            "teamId": "6"
        },
        "9": {
            "pickOverall": 177,
            "pickRound": 9,
            "playerId": "2543485",
            "playerName": "Aaron Donald",
            "playerPosition": "DL",
            "round": 13,
            "teamId": "1"
        },
        "10": {
            "pickOverall": 178,
            "pickRound": 10,
            "playerId": "2562242",
            "playerName": "Brian Burns",
            "playerPosition": "DL",
            "round": 13,
            "teamId": "4"
        },
        "11": {
            "pickOverall": 179,
            "pickRound": 11,
            "playerId": "2559205",
            "playerName": "Younghoe Koo",
            "playerPosition": "K",
            "round": 13,
            "teamId": "5"
        },
        "12": {
            "pickOverall": 180,
            "pickRound": 12,
            "playerId": "2555275",
            "playerName": "DeForest Buckner",
            "playerPosition": "DL",
            "round": 13,
            "teamId": "14"
        },
        "13": {
            "pickOverall": 181,
            "pickRound": 13,
            "playerId": "310",
            "playerName": "Matt Ryan",
            "playerPosition": "QB",
            "round": 13,
            "teamId": "13"
        },
        "14": {
            "pickOverall": 182,
            "pickRound": 14,
            "playerId": "100014",
            "playerName": "Indianapolis Colts",
            "playerPosition": "DEF",
            "round": 13,
            "teamId": "10"
        }
    },
    "14": {
        "1": {
            "pickOverall": 183,
            "pickRound": 1,
            "playerId": "2562495",
            "playerName": "Parris Campbell",
            "playerPosition": "WR",
            "round": 14,
            "teamId": "10"
        },
        "2": {
            "pickOverall": 184,
            "pickRound": 2,
            "playerId": "2560787",
            "playerName": "Allen Lazard",
            "playerPosition": "WR",
            "round": 14,
            "teamId": "13"
        },
        "3": {
            "pickOverall": 185,
            "pickRound": 3,
            "playerId": "2558067",
            "playerName": "Marlon Humphrey",
            "playerPosition": "DB",
            "round": 14,
            "teamId": "14"
        },
        "4": {
            "pickOverall": 186,
            "pickRound": 4,
            "playerId": "2557858",
            "playerName": "Evan Engram",
            "playerPosition": "TE",
            "round": 14,
            "teamId": "5"
        },
        "5": {
            "pickOverall": 187,
            "pickRound": 5,
            "playerId": "100011",
            "playerName": "Green Bay Packers",
            "playerPosition": "DEF",
            "round": 14,
            "teamId": "4"
        },
        "6": {
            "pickOverall": 188,
            "pickRound": 6,
            "playerId": "2540158",
            "playerName": "Zach Ertz",
            "playerPosition": "TE",
            "round": 14,
            "teamId": "1"
        },
        "7": {
            "pickOverall": 189,
            "pickRound": 7,
            "playerId": "2562738",
            "playerName": "Irv Smith",
            "playerPosition": "TE",
            "round": 14,
            "teamId": "6"
        },
        "8": {
            "pickOverall": 190,
            "pickRound": 8,
            "playerId": "2557979",
            "playerName": "Jamal Adams",
            "playerPosition": "DB",
            "round": 14,
            "teamId": "8"
        },
        "9": {
            "pickOverall": 191,
            "pickRound": 9,
            "playerId": "2566163",
            "playerName": "Trevor Lawrence",
            "playerPosition": "QB",
            "round": 14,
            "teamId": "12"
        },
        "10": {
            "pickOverall": 192,
            "pickRound": 10,
            "playerId": "2555166",
            "playerName": "Joe Schobert",
            "playerPosition": "LB",
            "round": 14,
            "teamId": "2"
        },
        "11": {
            "pickOverall": 193,
            "pickRound": 11,
            "playerId": "2560725",
            "playerName": "Minkah Fitzpatrick",
            "playerPosition": "DB",
            "round": 14,
            "teamId": "9"
        },
        "12": {
            "pickOverall": 194,
            "pickRound": 12,
            "playerId": "100019",
            "playerName": "Miami Dolphins",
            "playerPosition": "DEF",
            "round": 14,
            "teamId": "11"
        },
        "13": {
            "pickOverall": 195,
            "pickRound": 13,
            "playerId": "2564106",
            "playerName": "Rodrigo Blankenship",
            "playerPosition": "K",
            "round": 14,
            "teamId": "3"
        },
        "14": {
            "pickOverall": 196,
            "pickRound": 14,
            "playerId": "71265",
            "playerName": "Jared Cook",
            "playerPosition": "TE",
            "round": 14,
            "teamId": "7"
        }
    },
    "15": {
        "1": {
            "pickOverall": 197,
            "pickRound": 1,
            "playerId": "100021",
            "playerName": "New England Patriots",
            "playerPosition": "DEF",
            "round": 15,
            "teamId": "7"
        },
        "2": {
            "pickOverall": 198,
            "pickRound": 2,
            "playerId": "2555341",
            "playerName": "Hunter Henry",
            "playerPosition": "TE",
            "round": 15,
            "teamId": "3"
        },
        "3": {
            "pickOverall": 199,
            "pickRound": 3,
            "playerId": "2560935",
            "playerName": "Darrel Williams",
            "playerPosition": "RB",
            "round": 15,
            "teamId": "11"
        },
        "4": {
            "pickOverall": 200,
            "pickRound": 4,
            "playerId": "2532828",
            "playerName": "Lavonte David",
            "playerPosition": "LB",
            "round": 15,
            "teamId": "9"
        },
        "5": {
            "pickOverall": 201,
            "pickRound": 5,
            "playerId": "2534797",
            "playerName": "Greg Zuerlein",
            "playerPosition": "K",
            "round": 15,
            "teamId": "2"
        },
        "6": {
            "pickOverall": 202,
            "pickRound": 6,
            "playerId": "100022",
            "playerName": "New Orleans Saints",
            "playerPosition": "DEF",
            "round": 15,
            "teamId": "12"
        },
        "7": {
            "pickOverall": 203,
            "pickRound": 7,
            "playerId": "2562736",
            "playerName": "Darius Slayton",
            "playerPosition": "WR",
            "round": 15,
            "teamId": "8"
        },
        "8": {
            "pickOverall": 204,
            "pickRound": 8,
            "playerId": "2560917",
            "playerName": "Fred Warner",
            "playerPosition": "LB",
            "round": 15,
            "teamId": "6"
        },
        "9": {
            "pickOverall": 205,
            "pickRound": 9,
            "playerId": "2560993",
            "playerName": "Daniel Carlson",
            "playerPosition": "K",
            "round": 15,
            "teamId": "1"
        },
        "10": {
            "pickOverall": 206,
            "pickRound": 10,
            "playerId": "2563704",
            "playerName": "Cole Kmet",
            "playerPosition": "TE",
            "round": 15,
            "teamId": "4"
        },
        "11": {
            "pickOverall": 207,
            "pickRound": 11,
            "playerId": "2532865",
            "playerName": "T.Y. Hilton",
            "playerPosition": "WR",
            "round": 15,
            "teamId": "5"
        },
        "12": {
            "pickOverall": 208,
            "pickRound": 12,
            "playerId": "2560878",
            "playerName": "Tre'Quan Smith",
            "playerPosition": "WR",
            "round": 15,
            "teamId": "14"
        },
        "13": {
            "pickOverall": 209,
            "pickRound": 13,
            "playerId": "100003",
            "playerName": "Buffalo Bills",
            "playerPosition": "DEF",
            "round": 15,
            "teamId": "13"
        },
        "14": {
            "pickOverall": 210,
            "pickRound": 14,
            "playerId": "2557952",
            "playerName": "Wayne Gallman",
            "playerPosition": "RB",
            "round": 15,
            "teamId": "10"
        }
    },
    "16": {
        "1": {
            "pickOverall": 211,
            "pickRound": 1,
            "playerId": "2543490",
            "playerName": "Demarcus Lawrence",
            "playerPosition": "DL",
            "round": 16,
            "teamId": "10"
        },
        "2": {
            "pickOverall": 212,
            "pickRound": 2,
            "playerId": "2556601",
            "playerName": "Wil Lutz",
            "playerPosition": "K",
            "round": 16,
            "teamId": "13"
        },
        "3": {
            "pickOverall": 213,
            "pickRound": 3,
            "playerId": "2550512",
            "playerName": "Damien Williams",
            "playerPosition": "RB",
            "round": 16,
            "teamId": "14"
        },
        "4": {
            "pickOverall": 214,
            "pickRound": 4,
            "playerId": "100026",
            "playerName": "Arizona Cardinals",
            "playerPosition": "DEF",
            "round": 16,
            "teamId": "5"
        },
        "5": {
            "pickOverall": 215,
            "pickRound": 5,
            "playerId": "2562299",
            "playerName": "Daniel Jones",
            "playerPosition": "QB",
            "round": 16,
            "teamId": "4"
        },
        "6": {
            "pickOverall": 216,
            "pickRound": 6,
            "playerId": "2563632",
            "playerName": "Jeremy Chinn",
            "playerPosition": "DB",
            "round": 16,
            "teamId": "1"
        },
        "7": {
            "pickOverall": 217,
            "pickRound": 7,
            "playerId": "2563596",
            "playerName": "Tyler Bass",
            "playerPosition": "K",
            "round": 16,
            "teamId": "6"
        },
        "8": {
            "pickOverall": 218,
            "pickRound": 8,
            "playerId": "2560835",
            "playerName": "Rashaad Penny",
            "playerPosition": "RB",
            "round": 16,
            "teamId": "8"
        },
        "9": {
            "pickOverall": 219,
            "pickRound": 9,
            "playerId": "2561153",
            "playerName": "Jason Sanders",
            "playerPosition": "K",
            "round": 16,
            "teamId": "12"
        },
        "10": {
            "pickOverall": 220,
            "pickRound": 10,
            "playerId": "2560781",
            "playerName": "Christian Kirk",
            "playerPosition": "WR",
            "round": 16,
            "teamId": "2"
        },
        "11": {
            "pickOverall": 221,
            "pickRound": 11,
            "playerId": "2556641",
            "playerName": "Romeo Okwara",
            "playerPosition": "DL",
            "round": 16,
            "teamId": "9"
        },
        "12": {
            "pickOverall": 222,
            "pickRound": 12,
            "playerId": "2507232",
            "playerName": "Mason Crosby",
            "playerPosition": "K",
            "round": 16,
            "teamId": "11"
        },
        "13": {
            "pickOverall": 223,
            "pickRound": 13,
            "playerId": "2495450",
            "playerName": "A.J. Green",
            "playerPosition": "WR",
            "round": 16,
            "teamId": "3"
        },
        "14": {
            "pickOverall": 224,
            "pickRound": 14,
            "playerId": "89802",
            "playerName": "Ryan Succop",
            "playerPosition": "K",
            "round": 16,
            "teamId": "7"
        }
    },
    "17": {
        "1": {
            "pickOverall": 225,
            "pickRound": 1,
            "playerId": "2558094",
            "playerName": "Zach Cunningham",
            "playerPosition": "LB",
            "round": 17,
            "teamId": "7"
        },
        "2": {
            "pickOverall": 226,
            "pickRound": 2,
            "playerId": "2565836",
            "playerName": "Rashod Bateman",
            "playerPosition": "WR",
            "round": 17,
            "teamId": "3"
        },
        "3": {
            "pickOverall": 227,
            "pickRound": 3,
            "playerId": "2560907",
            "playerName": "Marquez Valdes-Scantling",
            "playerPosition": "WR",
            "round": 17,
            "teamId": "11"
        },
        "4": {
            "pickOverall": 228,
            "pickRound": 4,
            "playerId": "2566073",
            "playerName": "Amon-Ra St. Brown",
            "playerPosition": "WR",
            "round": 17,
            "teamId": "9"
        },
        "5": {
            "pickOverall": 229,
            "pickRound": 5,
            "playerId": "2506581",
            "playerName": "Ryan Fitzpatrick",
            "playerPosition": "QB",
            "round": 17,
            "teamId": "2"
        },
        "6": {
            "pickOverall": 230,
            "pickRound": 6,
            "playerId": "1581",
            "playerName": "DeSean Jackson",
            "playerPosition": "WR",
            "round": 17,
            "teamId": "12"
        },
        "7": {
            "pickOverall": 231,
            "pickRound": 7,
            "playerId": "2550545",
            "playerName": "Chris Boswell",
            "playerPosition": "K",
            "round": 17,
            "teamId": "8"
        },
        "8": {
            "pickOverall": 232,
            "pickRound": 8,
            "playerId": "2560970",
            "playerName": "Jessie Bates",
            "playerPosition": "DB",
            "round": 17,
            "teamId": "6"
        },
        "9": {
            "pickOverall": 233,
            "pickRound": 9,
            "playerId": "2558985",
            "playerName": "Tim Patrick",
            "playerPosition": "WR",
            "round": 17,
            "teamId": "1"
        },
        "10": {
            "pickOverall": 234,
            "pickRound": 10,
            "playerId": "79848",
            "playerName": "Malcolm Jenkins",
            "playerPosition": "DB",
            "round": 17,
            "teamId": "4"
        },
        "11": {
            "pickOverall": 235,
            "pickRound": 11,
            "playerId": "2560877",
            "playerName": "Roquan Smith",
            "playerPosition": "LB",
            "round": 17,
            "teamId": "5"
        },
        "12": {
            "pickOverall": 236,
            "pickRound": 12,
            "playerId": "71309",
            "playerName": "Graham Gano",
            "playerPosition": "K",
            "round": 17,
            "teamId": "14"
        },
        "13": {
            "pickOverall": 237,
            "pickRound": 13,
            "playerId": "2550257",
            "playerName": "Daniel Sorensen",
            "playerPosition": "DB",
            "round": 17,
            "teamId": "13"
        },
        "14": {
            "pickOverall": 238,
            "pickRound": 14,
            "playerId": "2555310",
            "playerName": "Jaylon Smith",
            "playerPosition": "LB",
            "round": 17,
            "teamId": "10"
        }
    },
    "18": {
        "1": {
            "pickOverall": 239,
            "pickRound": 1,
            "playerId": "2555550",
            "playerName": "Justin Simmons",
            "playerPosition": "DB",
            "round": 18,
            "teamId": "10"
        },
        "2": {
            "pickOverall": 240,
            "pickRound": 2,
            "playerId": "2552312",
            "playerName": "Eric Kendricks",
            "playerPosition": "LB",
            "round": 18,
            "teamId": "13"
        },
        "3": {
            "pickOverall": 241,
            "pickRound": 3,
            "playerId": "100007",
            "playerName": "Cleveland Browns",
            "playerPosition": "DEF",
            "round": 18,
            "teamId": "14"
        },
        "4": {
            "pickOverall": 242,
            "pickRound": 4,
            "playerId": "2560760",
            "playerName": "Derwin James",
            "playerPosition": "DB",
            "round": 18,
            "teamId": "5"
        },
        "5": {
            "pickOverall": 243,
            "pickRound": 5,
            "playerId": "2558123",
            "playerName": "Marlon Mack",
            "playerPosition": "RB",
            "round": 18,
            "teamId": "4"
        },
        "6": {
            "pickOverall": 244,
            "pickRound": 6,
            "playerId": "2558832",
            "playerName": "Mo Alie-Cox",
            "playerPosition": "TE",
            "round": 18,
            "teamId": "1"
        },
        "7": {
            "pickOverall": 245,
            "pickRound": 7,
            "playerId": "2563155",
            "playerName": "Deonte Harris",
            "playerPosition": "WR",
            "round": 18,
            "teamId": "6"
        },
        "8": {
            "pickOverall": 246,
            "pickRound": 8,
            "playerId": "2562712",
            "playerName": "Hunter Renfrow",
            "playerPosition": "WR",
            "round": 18,
            "teamId": "8"
        },
        "9": {
            "pickOverall": 247,
            "pickRound": 9,
            "playerId": "2533538",
            "playerName": "Chandler Jones",
            "playerPosition": "LB",
            "round": 18,
            "teamId": "12"
        },
        "10": {
            "pickOverall": 248,
            "pickRound": 10,
            "playerId": "100004",
            "playerName": "Carolina Panthers",
            "playerPosition": "DEF",
            "round": 18,
            "teamId": "2"
        },
        "11": {
            "pickOverall": 249,
            "pickRound": 11,
            "playerId": "100023",
            "playerName": "New York Giants",
            "playerPosition": "DEF",
            "round": 18,
            "teamId": "9"
        },
        "12": {
            "pickOverall": 250,
            "pickRound": 12,
            "playerId": "2553739",
            "playerName": "Alex Singleton",
            "playerPosition": "LB",
            "round": 18,
            "teamId": "11"
        },
        "13": {
            "pickOverall": 251,
            "pickRound": 13,
            "playerId": "100016",
            "playerName": "Kansas City Chiefs",
            "playerPosition": "DEF",
            "round": 18,
            "teamId": "3"
        },
        "14": {
            "pickOverall": 252,
            "pickRound": 14,
            "playerId": "2562629",
            "playerName": "Nick Bosa",
            "playerPosition": "DL",
            "round": 18,
            "teamId": "7"
        }
    },
    "19": {
        "1": {
            "pickOverall": 253,
            "pickRound": 1,
            "playerId": "2557980",
            "playerName": "Jabrill Peppers",
            "playerPosition": "DB",
            "round": 19,
            "teamId": "7"
        },
        "2": {
            "pickOverall": 254,
            "pickRound": 2,
            "playerId": "2562749",
            "playerName": "Montez Sweat",
            "playerPosition": "DL",
            "round": 19,
            "teamId": "3"
        },
        "3": {
            "pickOverall": 255,
            "pickRound": 3,
            "playerId": "2555158",
            "playerName": "Kevin Byard",
            "playerPosition": "DB",
            "round": 19,
            "teamId": "11"
        },
        "4": {
            "pickOverall": 256,
            "pickRound": 4,
            "playerId": "2540156",
            "playerName": "Giovani Bernard",
            "playerPosition": "RB",
            "round": 19,
            "teamId": "9"
        },
        "5": {
            "pickOverall": 257,
            "pickRound": 5,
            "playerId": "2552382",
            "playerName": "Malcolm Brown",
            "playerPosition": "RB",
            "round": 19,
            "teamId": "2"
        },
        "6": {
            "pickOverall": 258,
            "pickRound": 6,
            "playerId": "2543466",
            "playerName": "Eric Ebron",
            "playerPosition": "TE",
            "round": 19,
            "teamId": "12"
        },
        "7": {
            "pickOverall": 259,
            "pickRound": 7,
            "playerId": "2506109",
            "playerName": "Ben Roethlisberger",
            "playerPosition": "QB",
            "round": 19,
            "teamId": "8"
        },
        "8": {
            "pickOverall": 260,
            "pickRound": 8,
            "playerId": "497135",
            "playerName": "Tim Tebow",
            "playerPosition": "TE",
            "round": 19,
            "teamId": "6"
        },
        "9": {
            "pickOverall": 261,
            "pickRound": 9,
            "playerId": "2555259",
            "playerName": "Carson Wentz",
            "playerPosition": "QB",
            "round": 19,
            "teamId": "1"
        },
        "10": {
            "pickOverall": 262,
            "pickRound": 10,
            "playerId": "2550636",
            "playerName": "Cairo Santos",
            "playerPosition": "K",
            "round": 19,
            "teamId": "4"
        },
        "11": {
            "pickOverall": 263,
            "pickRound": 11,
            "playerId": "2555249",
            "playerName": "Joey Bosa",
            "playerPosition": "DL",
            "round": 19,
            "teamId": "5"
        },
        "12": {
            "pickOverall": 264,
            "pickRound": 12,
            "playerId": "2560966",
            "playerName": "Jerome Baker",
            "playerPosition": "LB",
            "round": 19,
            "teamId": "14"
        },
        "13": {
            "pickOverall": 265,
            "pickRound": 13,
            "playerId": "2556369",
            "playerName": "Chris Jones",
            "playerPosition": "DL",
            "round": 19,
            "teamId": "13"
        },
        "14": {
            "pickOverall": 266,
            "pickRound": 14,
            "playerId": "2559193",
            "playerName": "Blake Jarwin",
            "playerPosition": "TE",
            "round": 19,
            "teamId": "10"
        }
    }
}