{
    "1": {
        "id": "1",
        "moves": "41",
        "ownerName": "Lucas",
        "teamLogo": "https://image.fantasy.nfl.com/image/9a9f288711edb6bca40c32fb6341b8f0.jpg?x=40&y=40&sig=112140ea1accca551c57f67d1ad873f5",
        "teamName": "Crying King",
        "trades": "1"
    },
    "10": {
        "id": "10",
        "moves": "36",
        "ownerName": "Rafael",
        "teamLogo": "https://static.www.nfl.com/league/apps/fantasy/logos/avatar/240x240/LAR_4.png",
        "teamName": "Maior de LA",
        "trades": "1"
    },
    "11": {
        "id": "11",
        "moves": "47",
        "ownerName": "Guilherme",
        "teamLogo": "https://image.fantasy.nfl.com/image/ff9e5a7f972f8b2a549d1e72b9adc6be.jpg?x=40&y=40&sig=11152df2c44d13c8fb3e9613413e037f",
        "teamName": "Sdds Brady FC",
        "trades": "1"
    },
    "12": {
        "id": "12",
        "moves": "43",
        "ownerName": "Bernardo",
        "teamLogo": "https://static.www.nfl.com/league/apps/fantasy/logos/avatar/240x240/PHI_4.png",
        "teamName": "BezaDesembolando",
        "trades": "0"
    },
    "13": {
        "id": "13",
        "moves": "24",
        "ownerName": "Joao Vitor",
        "teamLogo": "https://image.fantasy.nfl.com/image/03d0ea1f90b8adbfbc8a59ed9b452117.jpg?x=40&y=40&sig=f27b2a018761862f1794cbb9ad41cb94",
        "teamName": "jockotrotters",
        "trades": "1"
    },
    "14": {
        "id": "14",
        "moves": "55",
        "ownerName": "Ronaldo",
        "teamLogo": "https://image.fantasy.nfl.com/image/45c79b38e780bec7428467ba46c6581d.jpg?x=40&y=40&sig=a1a9dab34a9f12509f38a0e40ad88f80",
        "teamName": "Ficou Ate Tarde",
        "trades": "2"
    },
    "2": {
        "id": "2",
        "moves": "29",
        "ownerName": "Victor",
        "teamLogo": "https://image.fantasy.nfl.com/image/dfb6bb4092104bedc10dd48e177f1a2d.jpg?x=40&y=40&sig=3377b82bd16af9b22366361697ca1647",
        "teamName": "Lauar Team",
        "trades": "1"
    },
    "3": {
        "id": "3",
        "moves": "72",
        "ownerName": "Casao",
        "teamLogo": "https://image.fantasy.nfl.com/image/c89dd4dc7eb61b9315c365374a4e4487.jpg?x=40&y=40&sig=c4aa4b45ec13ab940bd0d85b49340dc6",
        "teamName": "Hasbulla Boorgir",
        "trades": "2"
    },
    "4": {
        "id": "4",
        "moves": "28",
        "ownerName": "Joao Victor",
        "teamLogo": "https://image.fantasy.nfl.com/image/0015ba499b21b650d121e110570ded44.jpg?x=40&y=40&sig=34df69ed7487a763c80172c16b9bf831",
        "teamName": "Why Always Me",
        "trades": "6"
    },
    "5": {
        "id": "5",
        "moves": "34",
        "ownerName": "Eduardo",
        "teamLogo": "https://static.www.nfl.com/league/apps/fantasy/logos/avatar/240x240/JAX_4.png",
        "teamName": "2Pack",
        "trades": "0"
    },
    "6": {
        "id": "6",
        "moves": "10",
        "ownerName": "Gabriel",
        "teamLogo": "https://static.www.nfl.com/league/apps/fantasy/logos/avatar/240x240/PHI_5.png",
        "teamName": "Gang Green",
        "trades": "1"
    },
    "7": {
        "id": "7",
        "moves": "71",
        "ownerName": "Daniel",
        "teamLogo": "https://image.fantasy.nfl.com/image/b3e9d64c216c28c2de7e1e47cc7c85f1.jpg?x=40&y=40&sig=6e7866a88661ce6d8e9afc3967dfa453",
        "teamName": "GOBulldogs FC",
        "trades": "2"
    },
    "8": {
        "id": "8",
        "moves": "22",
        "ownerName": "Pitico",
        "teamLogo": "https://image.fantasy.nfl.com/image/972f3a704d9b0c02b5ad29a1dc165757.jpg?x=40&y=40&sig=3a225318cc903fe8d3976b46045734c7",
        "teamName": "EH O PITI",
        "trades": "2"
    },
    "9": {
        "id": "9",
        "moves": "21",
        "ownerName": "Gustavo",
        "teamLogo": "https://image.fantasy.nfl.com/image/6c2f5d4ac816620ec73d7ca300df352b.jpg?x=40&y=40&sig=3dd3bc34b1a7a38129d63302eab587ff",
        "teamName": "Chernobyl FC",
        "trades": "0"
    }
}