{
    "week": 11,
    "teamWinner": {
        "teamId": "6",
        "points": 157.02,
        "standings": "6-5-0",
        "starters": [
            {
                "teamPosition": "QB",
                "playerPosition": "QB",
                "playerName": "J. Goff",
                "playerId": "2555334",
                "points": 40.12
            },
            {
                "teamPosition": "RB",
                "playerPosition": "RB",
                "playerName": "A. Peterson",
                "playerId": "2507164",
                "points": 16.1
            },
            {
                "teamPosition": "RB",
                "playerPosition": "RB",
                "playerName": "K. Hunt",
                "playerId": "2557917",
                "points": 17.1
            },
            {
                "teamPosition": "WR",
                "playerPosition": "WR",
                "playerName": "D. Baldwin",
                "playerId": "2530747",
                "points": 11.2
            },
            {
                "teamPosition": "WR",
                "playerPosition": "WR",
                "playerName": "T. Lockett",
                "playerId": "2552430",
                "points": 7.2
            },
            {
                "teamPosition": "TE",
                "playerPosition": "TE",
                "playerName": "T. Kelce",
                "playerId": "2540258",
                "points": 18.7
            },
            {
                "teamPosition": "R/W/T",
                "playerPosition": "WR",
                "playerName": "S. Diggs",
                "playerId": "2552608",
                "points": 18.6
            },
            {
                "teamPosition": "K",
                "playerPosition": "K",
                "playerName": "J. Tucker",
                "playerId": "2536340",
                "points": 7.0
            },
            {
                "teamPosition": "DEF",
                "playerPosition": "DEF",
                "playerName": "Eagles",
                "playerId": "100025",
                "points": -4.0
            },
            {
                "teamPosition": "DL",
                "playerPosition": "DL",
                "playerName": "C. Jordan",
                "playerId": "2495184",
                "points": 1.0
            },
            {
                "teamPosition": "LB",
                "playerPosition": "LB",
                "playerName": "V. Miller",
                "playerId": "2495202",
                "points": 8.0
            },
            {
                "teamPosition": "DB",
                "playerPosition": "DB",
                "playerName": "J. Ramsey",
                "playerId": "2555280",
                "points": 16.0
            }
        ],
        "bench": [
            {
                "teamPosition": "BN",
                "playerPosition": "RB",
                "playerName": "L. Blount",
                "playerId": "497149",
                "points": 0.1
            },
            {
                "teamPosition": "BN",
                "playerPosition": "TE",
                "playerName": "G. Olsen",
                "playerId": "2495700",
                "points": 6.9
            },
            {
                "teamPosition": "BN",
                "playerPosition": "RB",
                "playerName": "J. White",
                "playerId": "2543773",
                "points": 0.0
            },
            {
                "teamPosition": "BN",
                "playerPosition": "WR",
                "playerName": "N. Agholor",
                "playerId": "2552600",
                "points": 1.0
            },
            {
                "teamPosition": "BN",
                "playerPosition": "TE",
                "playerName": "J. James",
                "playerId": "2552633",
                "points": 0.0
            },
            {
                "teamPosition": "BN",
                "playerPosition": "QB",
                "playerName": "C. Wentz",
                "playerId": "2555259",
                "points": -2.16
            },
            {
                "teamPosition": "BN",
                "playerPosition": "RB",
                "playerName": "W. Smallwood",
                "playerId": "2555461",
                "points": -0.4
            },
            {
                "teamPosition": "BN",
                "playerPosition": "WR",
                "playerName": "J. Ross",
                "playerId": "2558010",
                "points": 8.7
            },
            {
                "teamPosition": "BN",
                "playerPosition": "DEF",
                "playerName": "Vikings",
                "playerId": "100020",
                "points": 15.0
            }
        ]
    },
    "teamLoser": {
        "teamId": "9",
        "points": 122.18,
        "standings": "5-6-0",
        "starters": [
            {
                "teamPosition": "QB",
                "playerPosition": "QB",
                "playerName": "A. Rodgers",
                "playerId": "2506363",
                "points": 25.58
            },
            {
                "teamPosition": "RB",
                "playerPosition": "RB",
                "playerName": "L. Fournette",
                "playerId": "2557973",
                "points": 20.1
            },
            {
                "teamPosition": "RB",
                "playerPosition": "RB",
                "playerName": "D. Cook",
                "playerId": "2557991",
                "points": -3.0
            },
            {
                "teamPosition": "WR",
                "playerPosition": "WR",
                "playerName": "D. Jackson",
                "playerId": "1581",
                "points": 4.8
            },
            {
                "teamPosition": "WR",
                "playerPosition": "WR",
                "playerName": "T. Boyd",
                "playerId": "2555466",
                "points": 7.1
            },
            {
                "teamPosition": "TE",
                "playerPosition": "TE",
                "playerName": "J. Graham",
                "playerId": "497236",
                "points": 1.3
            },
            {
                "teamPosition": "R/W/T",
                "playerPosition": "RB",
                "playerName": "A. Jones",
                "playerId": "2558116",
                "points": 22.3
            },
            {
                "teamPosition": "K",
                "playerPosition": "K",
                "playerName": "H. Butker",
                "playerId": "2558245",
                "points": 7.0
            },
            {
                "teamPosition": "DEF",
                "playerPosition": "DEF",
                "playerName": "Steelers",
                "playerId": "100027",
                "points": 17.0
            },
            {
                "teamPosition": "DL",
                "playerPosition": "DL",
                "playerName": "A. Donald",
                "playerId": "2543485",
                "points": 16.0
            },
            {
                "teamPosition": "LB",
                "playerPosition": "LB",
                "playerName": "B. Martinez",
                "playerId": "2555161",
                "points": 2.0
            },
            {
                "teamPosition": "DB",
                "playerPosition": "DB",
                "playerName": "D. Kazee",
                "playerId": "2558184",
                "points": 2.0
            }
        ],
        "bench": [
            {
                "teamPosition": "BN",
                "playerPosition": "WR",
                "playerName": "J. Edelman",
                "playerId": "238498",
                "points": 0.0
            },
            {
                "teamPosition": "BN",
                "playerPosition": "RB",
                "playerName": "D. Lewis",
                "playerId": "2495469",
                "points": 3.2
            },
            {
                "teamPosition": "BN",
                "playerPosition": "RB",
                "playerName": "C. Ivory",
                "playerId": "2507999",
                "points": 0.0
            },
            {
                "teamPosition": "BN",
                "playerPosition": "WR",
                "playerName": "J. Landry",
                "playerId": "2543488",
                "points": 0.0
            },
            {
                "teamPosition": "BN",
                "playerPosition": "QB",
                "playerName": "D. Carr",
                "playerId": "2543499",
                "points": 19.68
            },
            {
                "teamPosition": "BN",
                "playerPosition": "WR",
                "playerName": "A. Robinson",
                "playerId": "2543509",
                "points": 3.9
            },
            {
                "teamPosition": "BN",
                "playerPosition": "TE",
                "playerName": "A. Hooper",
                "playerId": "2555415",
                "points": 2.7
            },
            {
                "teamPosition": "BN",
                "playerPosition": "RB",
                "playerName": "J. Howard",
                "playerId": "2555418",
                "points": 6.5
            },
            {
                "teamPosition": "BN",
                "playerPosition": "RB",
                "playerName": "S. Michel",
                "playerId": "2560809",
                "points": 0.0
            }
        ]
    }
}