{
    "week": 11,
    "teamWinner": {
        "teamId": "7",
        "points": 161.5,
        "standings": "6-5-0",
        "starters": [
            {
                "teamPosition": "QB",
                "playerPosition": "QB",
                "playerName": "M. Stafford",
                "playerId": "79860",
                "points": 15.4
            },
            {
                "teamPosition": "RB",
                "playerPosition": "RB",
                "playerName": "J. Conner",
                "playerId": "2557978",
                "points": 5.9
            },
            {
                "teamPosition": "RB",
                "playerPosition": "RB",
                "playerName": "C. McCaffrey",
                "playerId": "2557997",
                "points": 11.0
            },
            {
                "teamPosition": "WR",
                "playerPosition": "WR",
                "playerName": "J. Jones",
                "playerId": "2495454",
                "points": 17.8
            },
            {
                "teamPosition": "WR",
                "playerPosition": "WR",
                "playerName": "T. Hill",
                "playerId": "2556214",
                "points": 34.5
            },
            {
                "teamPosition": "TE",
                "playerPosition": "TE",
                "playerName": "K. Rudolph",
                "playerId": "2495438",
                "points": 2.3
            },
            {
                "teamPosition": "R/W/T",
                "playerPosition": "WR",
                "playerName": "D. Adams",
                "playerId": "2543495",
                "points": 16.6
            },
            {
                "teamPosition": "K",
                "playerPosition": "K",
                "playerName": "M. Bryant",
                "playerId": "2504797",
                "points": 12.0
            },
            {
                "teamPosition": "DEF",
                "playerPosition": "DEF",
                "playerName": "Giants",
                "playerId": "100023",
                "points": 20.0
            },
            {
                "teamPosition": "DL",
                "playerPosition": "DL",
                "playerName": "C. Jones",
                "playerId": "2533538",
                "points": 9.0
            },
            {
                "teamPosition": "LB",
                "playerPosition": "LB",
                "playerName": "J. Bynes",
                "playerId": "2530491",
                "points": 6.0
            },
            {
                "teamPosition": "DB",
                "playerPosition": "DB",
                "playerName": "K. Jackson",
                "playerId": "496735",
                "points": 11.0
            }
        ],
        "bench": [
            {
                "teamPosition": "BN",
                "playerPosition": "WR",
                "playerName": "M. Crabtree",
                "playerId": "71269",
                "points": 0.7
            },
            {
                "teamPosition": "BN",
                "playerPosition": "WR",
                "playerName": "G. Tate",
                "playerId": "497326",
                "points": 5.0
            },
            {
                "teamPosition": "BN",
                "playerPosition": "WR",
                "playerName": "D. Thomas",
                "playerId": "497328",
                "points": 0.0
            },
            {
                "teamPosition": "BN",
                "playerPosition": "WR",
                "playerName": "L. Fitzgerald",
                "playerId": "2506106",
                "points": 14.3
            },
            {
                "teamPosition": "BN",
                "playerPosition": "RB",
                "playerName": "L. Murray",
                "playerId": "2541161",
                "points": 0.5
            },
            {
                "teamPosition": "BN",
                "playerPosition": "RB",
                "playerName": "A. Collins",
                "playerId": "2555430",
                "points": 7.8
            },
            {
                "teamPosition": "BN",
                "playerPosition": "RB",
                "playerName": "J. Mixon",
                "playerId": "2557976",
                "points": 11.2
            },
            {
                "teamPosition": "BN",
                "playerPosition": "QB",
                "playerName": "D. Watson",
                "playerId": "2558063",
                "points": 9.02
            },
            {
                "teamPosition": "BN",
                "playerPosition": "K",
                "playerName": "S. Gostkowski",
                "playerId": "2506922",
                "points": 0.0
            }
        ]
    },
    "teamLoser": {
        "teamId": "8",
        "points": 131.08,
        "standings": "5-6-0",
        "starters": [
            {
                "teamPosition": "QB",
                "playerPosition": "QB",
                "playerName": "A. Luck",
                "playerId": "2533031",
                "points": 29.88
            },
            {
                "teamPosition": "RB",
                "playerPosition": "RB",
                "playerName": "M. Gordon",
                "playerId": "2552469",
                "points": 15.6
            },
            {
                "teamPosition": "RB",
                "playerPosition": "RB",
                "playerName": "P. Lindsay",
                "playerId": "2559947",
                "points": 22.6
            },
            {
                "teamPosition": "WR",
                "playerPosition": "WR",
                "playerName": "A. Thielen",
                "playerId": "2541785",
                "points": 8.6
            },
            {
                "teamPosition": "WR",
                "playerPosition": "WR",
                "playerName": "A. Cooper",
                "playerId": "2552487",
                "points": 3.6
            },
            {
                "teamPosition": "TE",
                "playerPosition": "TE",
                "playerName": "B. Watson",
                "playerId": "2506122",
                "points": 0.0
            },
            {
                "teamPosition": "R/W/T",
                "playerPosition": "WR",
                "playerName": "A. Jeffery",
                "playerId": "2533039",
                "points": 3.3
            },
            {
                "teamPosition": "K",
                "playerPosition": "K",
                "playerName": "M. Crosby",
                "playerId": "2507232",
                "points": 5.0
            },
            {
                "teamPosition": "DEF",
                "playerPosition": "DEF",
                "playerName": "Bears",
                "playerId": "100005",
                "points": 23.0
            },
            {
                "teamPosition": "DL",
                "playerPosition": "DL",
                "playerName": "M. Judon",
                "playerId": "2555505",
                "points": 1.5
            },
            {
                "teamPosition": "LB",
                "playerPosition": "LB",
                "playerName": "K. Mack",
                "playerId": "2543463",
                "points": 11.0
            },
            {
                "teamPosition": "DB",
                "playerPosition": "DB",
                "playerName": "D. James",
                "playerId": "2560760",
                "points": 7.0
            }
        ],
        "bench": [
            {
                "teamPosition": "BN",
                "playerPosition": "TE",
                "playerName": "R. Gronkowski",
                "playerId": "497240",
                "points": 0.0
            },
            {
                "teamPosition": "BN",
                "playerPosition": "QB",
                "playerName": "R. Fitzpatrick",
                "playerId": "2506581",
                "points": 5.08
            },
            {
                "teamPosition": "BN",
                "playerPosition": "WR",
                "playerName": "J. Gordon",
                "playerId": "2537931",
                "points": 0.0
            },
            {
                "teamPosition": "BN",
                "playerPosition": "WR",
                "playerName": "S. Watkins",
                "playerId": "2543457",
                "points": 0.4
            },
            {
                "teamPosition": "BN",
                "playerPosition": "RB",
                "playerName": "T. Yeldon",
                "playerId": "2552471",
                "points": 3.2
            },
            {
                "teamPosition": "BN",
                "playerPosition": "RB",
                "playerName": "N. Chubb",
                "playerId": "2561021",
                "points": 0.0
            },
            {
                "teamPosition": "BN",
                "playerPosition": "DEF",
                "playerName": "Texans",
                "playerId": "100013",
                "points": 24.0
            },
            {
                "teamPosition": "BN",
                "playerPosition": "LB",
                "playerName": "T. Watt",
                "playerId": "2558064",
                "points": 20.0
            },
            {
                "teamPosition": "BN",
                "playerPosition": "DB",
                "playerName": "D. Ward",
                "playerId": "2560916",
                "points": 0.0
            }
        ]
    }
}