{
    "week": 11,
    "teamWinner": {
        "teamId": "3",
        "points": 160.22,
        "standings": "7-4-0",
        "starters": [
            {
                "teamPosition": "QB",
                "playerPosition": "QB",
                "playerName": "P. Mahomes",
                "playerId": "2558125",
                "points": 41.92
            },
            {
                "teamPosition": "RB",
                "playerPosition": "RB",
                "playerName": "A. Kamara",
                "playerId": "2558019",
                "points": 16.8
            },
            {
                "teamPosition": "RB",
                "playerPosition": "RB",
                "playerName": "K. Johnson",
                "playerId": "2560765",
                "points": 15.7
            },
            {
                "teamPosition": "WR",
                "playerPosition": "WR",
                "playerName": "A. Brown",
                "playerId": "2508061",
                "points": 19.7
            },
            {
                "teamPosition": "WR",
                "playerPosition": "WR",
                "playerName": "A. Miller",
                "playerId": "2560810",
                "points": 8.4
            },
            {
                "teamPosition": "TE",
                "playerPosition": "TE",
                "playerName": "T. Burton",
                "playerId": "2550284",
                "points": 0.9
            },
            {
                "teamPosition": "R/W/T",
                "playerPosition": "RB",
                "playerName": "D. Martin",
                "playerId": "2532899",
                "points": 5.8
            },
            {
                "teamPosition": "K",
                "playerPosition": "K",
                "playerName": "C. Santos",
                "playerId": "2550636",
                "points": 5.0
            },
            {
                "teamPosition": "DEF",
                "playerPosition": "DEF",
                "playerName": "Colts",
                "playerId": "100014",
                "points": 23.0
            },
            {
                "teamPosition": "DL",
                "playerPosition": "DL",
                "playerName": "C. Jones",
                "playerId": "2556369",
                "points": 12.0
            },
            {
                "teamPosition": "LB",
                "playerPosition": "LB",
                "playerName": "T. Smith",
                "playerId": "2543711",
                "points": 4.0
            },
            {
                "teamPosition": "DB",
                "playerPosition": "DB",
                "playerName": "J. Bates",
                "playerId": "2560970",
                "points": 7.0
            }
        ],
        "bench": [
            {
                "teamPosition": "BN",
                "playerPosition": "WR",
                "playerName": "J. Brown",
                "playerId": "2543847",
                "points": 2.3
            },
            {
                "teamPosition": "BN",
                "playerPosition": "RB",
                "playerName": "D. Johnson",
                "playerId": "2552461",
                "points": 0.0
            },
            {
                "teamPosition": "BN",
                "playerPosition": "RB",
                "playerName": "D. Henry",
                "playerId": "2556075",
                "points": 4.6
            },
            {
                "teamPosition": "BN",
                "playerPosition": "WR",
                "playerName": "C. Godwin",
                "playerId": "2558105",
                "points": 5.0
            },
            {
                "teamPosition": "BN",
                "playerPosition": "WR",
                "playerName": "J. Reynolds",
                "playerId": "2558194",
                "points": 14.0
            },
            {
                "teamPosition": "BN",
                "playerPosition": "RB",
                "playerName": "A. Ekeler",
                "playerId": "2559169",
                "points": 6.9
            },
            {
                "teamPosition": "BN",
                "playerPosition": "WR",
                "playerName": "M. Valdes-Scantling",
                "playerId": "2560907",
                "points": 0.8
            },
            {
                "teamPosition": "BN",
                "playerPosition": "DEF",
                "playerName": "Panthers",
                "playerId": "100004",
                "points": 3.0
            },
            {
                "teamPosition": "BN",
                "playerPosition": "DL",
                "playerName": "D. Hunter",
                "playerId": "2552603",
                "points": 5.0
            }
        ]
    },
    "teamLoser": {
        "teamId": "1",
        "points": 110.04,
        "standings": "5-6-0",
        "starters": [
            {
                "teamPosition": "QB",
                "playerPosition": "QB",
                "playerName": "M. Ryan",
                "playerId": "310",
                "points": 14.74
            },
            {
                "teamPosition": "RB",
                "playerPosition": "RB",
                "playerName": "T. Coleman",
                "playerId": "2552453",
                "points": 8.5
            },
            {
                "teamPosition": "RB",
                "playerPosition": "RB",
                "playerName": "M. Mack",
                "playerId": "2558123",
                "points": 12.9
            },
            {
                "teamPosition": "WR",
                "playerPosition": "WR",
                "playerName": "K. Allen",
                "playerId": "2540154",
                "points": 15.0
            },
            {
                "teamPosition": "WR",
                "playerPosition": "WR",
                "playerName": "M. Thomas",
                "playerId": "2556370",
                "points": 15.2
            },
            {
                "teamPosition": "TE",
                "playerPosition": "TE",
                "playerName": "E. Ebron",
                "playerId": "2543466",
                "points": 0.0
            },
            {
                "teamPosition": "R/W/T",
                "playerPosition": "WR",
                "playerName": "C. Ridley",
                "playerId": "2560854",
                "points": 3.7
            },
            {
                "teamPosition": "K",
                "playerPosition": "K",
                "playerName": "A. Vinatieri",
                "playerId": "2503471",
                "points": 6.0
            },
            {
                "teamPosition": "DEF",
                "playerPosition": "DEF",
                "playerName": "Cardinals",
                "playerId": "100026",
                "points": 8.0
            },
            {
                "teamPosition": "DL",
                "playerPosition": "DL",
                "playerName": "C. Dunlap",
                "playerId": "496780",
                "points": 2.0
            },
            {
                "teamPosition": "LB",
                "playerPosition": "LB",
                "playerName": "D. Leonard",
                "playerId": "2560789",
                "points": 15.0
            },
            {
                "teamPosition": "DB",
                "playerPosition": "DB",
                "playerName": "J. Johnson",
                "playerId": "2558183",
                "points": 9.0
            }
        ],
        "bench": [
            {
                "teamPosition": "BN",
                "playerPosition": "RB",
                "playerName": "L. Bell",
                "playerId": "2540175",
                "points": 0.0
            },
            {
                "teamPosition": "BN",
                "playerPosition": "WR",
                "playerName": "C. Davis",
                "playerId": "2557848",
                "points": 7.9
            },
            {
                "teamPosition": "BN",
                "playerPosition": "QB",
                "playerName": "M. Trubisky",
                "playerId": "2558008",
                "points": 14.9
            },
            {
                "teamPosition": "BN",
                "playerPosition": "WR",
                "playerName": "K. Golladay",
                "playerId": "2558052",
                "points": 17.3
            },
            {
                "teamPosition": "BN",
                "playerPosition": "RB",
                "playerName": "M. Breida",
                "playerId": "2558918",
                "points": 0.0
            },
            {
                "teamPosition": "BN",
                "playerPosition": "DEF",
                "playerName": "Jaguars",
                "playerId": "100015",
                "points": 17.0
            },
            {
                "teamPosition": "BN",
                "playerPosition": "DEF",
                "playerName": "Seahawks",
                "playerId": "100030",
                "points": 10.0
            },
            {
                "teamPosition": "BN",
                "playerPosition": "DEF",
                "playerName": "Redskins",
                "playerId": "100032",
                "points": 19.0
            },
            {
                "teamPosition": "BN",
                "playerPosition": "DL",
                "playerName": "M. Garrett",
                "playerId": "2557965",
                "points": 0.0
            }
        ]
    }
}