{
    "week": 11,
    "teamWinner": {
        "teamId": "13",
        "points": 125.82,
        "standings": "6-5-0",
        "starters": [
            {
                "teamPosition": "QB",
                "playerPosition": "QB",
                "playerName": "R. Tannehill",
                "playerId": "2532956",
                "points": 4.52
            },
            {
                "teamPosition": "RB",
                "playerPosition": "RB",
                "playerName": "D. Montgomery",
                "playerId": "2562502",
                "points": 7.2
            },
            {
                "teamPosition": "RB",
                "playerPosition": "RB",
                "playerName": "J. Taylor",
                "playerId": "2564148",
                "points": 51.9
            },
            {
                "teamPosition": "WR",
                "playerPosition": "WR",
                "playerName": "M. Williams",
                "playerId": "2558846",
                "points": 19.2
            },
            {
                "teamPosition": "WR",
                "playerPosition": "WR",
                "playerName": "D. Metcalf",
                "playerId": "2562685",
                "points": 5.1
            },
            {
                "teamPosition": "TE",
                "playerPosition": "TE",
                "playerName": "K. Pitts",
                "playerId": "2565830",
                "points": 4.4
            },
            {
                "teamPosition": "R/W/T",
                "playerPosition": "RB",
                "playerName": "R. Stevenson",
                "playerId": "2566343",
                "points": 8.0
            },
            {
                "teamPosition": "K",
                "playerPosition": "K",
                "playerName": "R. Gould",
                "playerId": "2506264",
                "points": 10.0
            },
            {
                "teamPosition": "DEF",
                "playerPosition": "DEF",
                "playerName": "Bills",
                "playerId": "100003",
                "points": -4.0
            },
            {
                "teamPosition": "DL",
                "playerPosition": "DL",
                "playerName": "S. Hubbard",
                "playerId": "2560745",
                "points": 8.0
            },
            {
                "teamPosition": "LB",
                "playerPosition": "LB",
                "playerName": "E. Kendricks",
                "playerId": "2552312",
                "points": 7.5
            },
            {
                "teamPosition": "DB",
                "playerPosition": "DB",
                "playerName": "M. Jenkins",
                "playerId": "79848",
                "points": 4.0
            }
        ],
        "bench": [
            {
                "teamPosition": "BN",
                "playerPosition": "QB",
                "playerName": "M. Ryan",
                "playerId": "310",
                "points": -0.78
            },
            {
                "teamPosition": "BN",
                "playerPosition": "WR",
                "playerName": "C. Beasley",
                "playerId": "2535698",
                "points": 4.3
            },
            {
                "teamPosition": "BN",
                "playerPosition": "TE",
                "playerName": "D. Arnold",
                "playerId": "2559385",
                "points": 0.0
            },
            {
                "teamPosition": "BN",
                "playerPosition": "WR",
                "playerName": "M. Gallup",
                "playerId": "2560735",
                "points": 6.9
            },
            {
                "teamPosition": "BN",
                "playerPosition": "WR",
                "playerName": "A. Lazard",
                "playerId": "2560787",
                "points": 0.0
            },
            {
                "teamPosition": "BN",
                "playerPosition": "RB",
                "playerName": "S. Michel",
                "playerId": "2560809",
                "points": 0.0
            },
            {
                "teamPosition": "BN",
                "playerPosition": "RB",
                "playerName": "S. Ahmed",
                "playerId": "2565090",
                "points": 0.0
            }
        ]
    },
    "teamLoser": {
        "teamId": "11",
        "points": 112.54,
        "standings": "9-2-0",
        "starters": [
            {
                "teamPosition": "QB",
                "playerPosition": "QB",
                "playerName": "D. Prescott",
                "playerId": "2555260",
                "points": -3.86
            },
            {
                "teamPosition": "RB",
                "playerPosition": "RB",
                "playerName": "D. Williams",
                "playerId": "2560935",
                "points": 3.1
            },
            {
                "teamPosition": "RB",
                "playerPosition": "RB",
                "playerName": "C. Edwards-Helaire",
                "playerId": "2564271",
                "points": 14.6
            },
            {
                "teamPosition": "WR",
                "playerPosition": "WR",
                "playerName": "D. Moore",
                "playerId": "2560813",
                "points": 13.5
            },
            {
                "teamPosition": "WR",
                "playerPosition": "WR",
                "playerName": "D. Samuel",
                "playerId": "2562721",
                "points": 15.9
            },
            {
                "teamPosition": "TE",
                "playerPosition": "TE",
                "playerName": "D. Waller",
                "playerId": "2552408",
                "points": 15.1
            },
            {
                "teamPosition": "R/W/T",
                "playerPosition": "TE",
                "playerName": "C. Kmet",
                "playerId": "2563704",
                "points": 1.7
            },
            {
                "teamPosition": "K",
                "playerPosition": "K",
                "playerName": "Y. Koo",
                "playerId": "2559205",
                "points": -1.0
            },
            {
                "teamPosition": "DEF",
                "playerPosition": "DEF",
                "playerName": "Patriots",
                "playerId": "100021",
                "points": 42.0
            },
            {
                "teamPosition": "DL",
                "playerPosition": "DL",
                "playerName": "D. Buckner",
                "playerId": "2555275",
                "points": 0.5
            },
            {
                "teamPosition": "LB",
                "playerPosition": "LB",
                "playerName": "D. White",
                "playerId": "2562781",
                "points": 6.5
            },
            {
                "teamPosition": "DB",
                "playerPosition": "DB",
                "playerName": "J. Jackson",
                "playerId": "2560754",
                "points": 4.5
            }
        ],
        "bench": [
            {
                "teamPosition": "BN",
                "playerPosition": "TE",
                "playerName": "T. Higbee",
                "playerId": "2555364",
                "points": 0.0
            },
            {
                "teamPosition": "BN",
                "playerPosition": "RB",
                "playerName": "W. Gallman",
                "playerId": "2557952",
                "points": -0.3
            },
            {
                "teamPosition": "BN",
                "playerPosition": "RB",
                "playerName": "A. Kamara",
                "playerId": "2558019",
                "points": 0.0
            },
            {
                "teamPosition": "BN",
                "playerPosition": "WR",
                "playerName": "T. Patrick",
                "playerId": "2558985",
                "points": 0.0
            },
            {
                "teamPosition": "BN",
                "playerPosition": "WR",
                "playerName": "C. Sutton",
                "playerId": "2560888",
                "points": 0.0
            },
            {
                "teamPosition": "BN",
                "playerPosition": "RB",
                "playerName": "C. Hubbard",
                "playerId": "2565899",
                "points": 0.0
            },
            {
                "teamPosition": "BN",
                "playerPosition": "DEF",
                "playerName": "Titans",
                "playerId": "100012",
                "points": 0.0
            }
        ]
    }
}