{
    "week": 4,
    "teamWinner": {
        "teamId": "4",
        "points": 121.02,
        "standings": "3-1-0",
        "starters": [
            {
                "teamPosition": "QB",
                "playerPosition": "QB",
                "playerName": "D. Brees",
                "playerId": "2504775",
                "points": 26.02
            },
            {
                "teamPosition": "RB",
                "playerPosition": "RB",
                "playerName": "F. Gore",
                "playerId": "2506404",
                "points": 8.0
            },
            {
                "teamPosition": "RB",
                "playerPosition": "RB",
                "playerName": "J. Howard",
                "playerId": "2555418",
                "points": 12.3
            },
            {
                "teamPosition": "WR",
                "playerPosition": "WR",
                "playerName": "T. Hill",
                "playerId": "2556214",
                "points": 4.5
            },
            {
                "teamPosition": "WR",
                "playerPosition": "WR",
                "playerName": "M. Thomas",
                "playerId": "2556370",
                "points": 14.9
            },
            {
                "teamPosition": "TE",
                "playerPosition": "TE",
                "playerName": "T. Kelce",
                "playerId": "2540258",
                "points": 17.4
            },
            {
                "teamPosition": "R/W/T",
                "playerPosition": "RB",
                "playerName": "W. Smallwood",
                "playerId": "2555461",
                "points": 13.9
            },
            {
                "teamPosition": "K",
                "playerPosition": "K",
                "playerName": "D. Bailey",
                "playerId": "2495259",
                "points": 6.0
            },
            {
                "teamPosition": "DEF",
                "playerPosition": "DEF",
                "playerName": "Ravens",
                "playerId": "100002",
                "points": 5.0
            },
            {
                "teamPosition": "LB",
                "playerPosition": "LB",
                "playerName": "B. Wagner",
                "playerId": "2532966",
                "points": 13.0
            }
        ],
        "bench": [
            {
                "teamPosition": "BN",
                "playerPosition": "RB",
                "playerName": "J. Stewart",
                "playerId": "949",
                "points": 3.8
            },
            {
                "teamPosition": "BN",
                "playerPosition": "QB",
                "playerName": "T. Taylor",
                "playerId": "2495240",
                "points": 14.48
            },
            {
                "teamPosition": "BN",
                "playerPosition": "TE",
                "playerName": "J. Reed",
                "playerId": "2540160",
                "points": 4.1
            },
            {
                "teamPosition": "BN",
                "playerPosition": "WR",
                "playerName": "M. Lee",
                "playerId": "2543475",
                "points": 1.8
            },
            {
                "teamPosition": "BN",
                "playerPosition": "RB",
                "playerName": "I. Crowell",
                "playerId": "2550189",
                "points": 2.7
            },
            {
                "teamPosition": "BN",
                "playerPosition": "WR",
                "playerName": "J. Nelson",
                "playerId": "2552656",
                "points": 3.4
            },
            {
                "teamPosition": "BN",
                "playerPosition": "DEF",
                "playerName": "Cardinals",
                "playerId": "100026",
                "points": 8.0
            }
        ]
    },
    "teamLoser": {
        "teamId": "6",
        "points": 94.5,
        "standings": "2-2-0",
        "starters": [
            {
                "teamPosition": "QB",
                "playerPosition": "QB",
                "playerName": "R. Wilson",
                "playerId": "2532975",
                "points": 29.6
            },
            {
                "teamPosition": "RB",
                "playerPosition": "RB",
                "playerName": "M. Ingram",
                "playerId": "2495466",
                "points": 6.2
            },
            {
                "teamPosition": "RB",
                "playerPosition": "RB",
                "playerName": "T. Gurley",
                "playerId": "2552475",
                "points": 28.5
            },
            {
                "teamPosition": "WR",
                "playerPosition": "WR",
                "playerName": "A. Brown",
                "playerId": "2508061",
                "points": 3.4
            },
            {
                "teamPosition": "WR",
                "playerPosition": "WR",
                "playerName": "A. Thielen",
                "playerId": "2541785",
                "points": 1.9
            },
            {
                "teamPosition": "TE",
                "playerPosition": "TE",
                "playerName": "D. Walker",
                "playerId": "2495966",
                "points": 6.1
            },
            {
                "teamPosition": "R/W/T",
                "playerPosition": "WR",
                "playerName": "M. Bryant",
                "playerId": "2543572",
                "points": 4.8
            },
            {
                "teamPosition": "K",
                "playerPosition": "K",
                "playerName": "J. Tucker",
                "playerId": "2536340",
                "points": 4.0
            },
            {
                "teamPosition": "DEF",
                "playerPosition": "DEF",
                "playerName": "Patriots",
                "playerId": "100021",
                "points": 9.0
            },
            {
                "teamPosition": "LB",
                "playerPosition": "LB",
                "playerName": "P. Posluszny",
                "playerId": "2495712",
                "points": 1.0
            }
        ],
        "bench": [
            {
                "teamPosition": "BN",
                "playerPosition": "WR",
                "playerName": "J. Maclin",
                "playerId": "80429",
                "points": 2.1
            },
            {
                "teamPosition": "BN",
                "playerPosition": "QB",
                "playerName": "K. Cousins",
                "playerId": "2532820",
                "points": 23.6
            },
            {
                "teamPosition": "BN",
                "playerPosition": "WR",
                "playerName": "C. Beasley",
                "playerId": "2535698",
                "points": 2.7
            },
            {
                "teamPosition": "BN",
                "playerPosition": "RB",
                "playerName": "T. Riddick",
                "playerId": "2540020",
                "points": 1.2
            },
            {
                "teamPosition": "BN",
                "playerPosition": "QB",
                "playerName": "J. Winston",
                "playerId": "2552033",
                "points": 33.48
            },
            {
                "teamPosition": "BN",
                "playerPosition": "TE",
                "playerName": "H. Henry",
                "playerId": "2555341",
                "points": 7.6
            },
            {
                "teamPosition": "BN",
                "playerPosition": "RB",
                "playerName": "C. McCaffrey",
                "playerId": "2557997",
                "points": 4.9
            }
        ]
    }
}