{
    "week": 12,
    "teamWinner": {
        "teamId": "1",
        "points": 96.2,
        "standings": "6-6-0",
        "starters": [
            {
                "teamPosition": "QB",
                "playerPosition": "QB",
                "playerName": "R. Wilson",
                "playerId": "2532975",
                "points": 9.5
            },
            {
                "teamPosition": "RB",
                "playerPosition": "RB",
                "playerName": "T. Gurley",
                "playerId": "2552475",
                "points": 1.9
            },
            {
                "teamPosition": "RB",
                "playerPosition": "RB",
                "playerName": "R. Mostert",
                "playerId": "2553728",
                "points": 14.2
            },
            {
                "teamPosition": "WR",
                "playerPosition": "WR",
                "playerName": "R. Woods",
                "playerId": "2540169",
                "points": 9.7
            },
            {
                "teamPosition": "WR",
                "playerPosition": "WR",
                "playerName": "C. Ridley",
                "playerId": "2560854",
                "points": 17.0
            },
            {
                "teamPosition": "TE",
                "playerPosition": "TE",
                "playerName": "E. Ebron",
                "playerId": "2543466",
                "points": 4.4
            },
            {
                "teamPosition": "R/W/T",
                "playerPosition": "RB",
                "playerName": "J. McKissic",
                "playerId": "2556440",
                "points": 2.0
            },
            {
                "teamPosition": "K",
                "playerPosition": "K",
                "playerName": "M. Gay",
                "playerId": "2562271",
                "points": 4.0
            },
            {
                "teamPosition": "DEF",
                "playerPosition": "DEF",
                "playerName": "Titans",
                "playerId": "100012",
                "points": 11.0
            },
            {
                "teamPosition": "DL",
                "playerPosition": "DL",
                "playerName": "B. Graham",
                "playerId": "496788",
                "points": 4.5
            },
            {
                "teamPosition": "LB",
                "playerPosition": "LB",
                "playerName": "R. Evans",
                "playerId": "2560718",
                "points": 4.0
            },
            {
                "teamPosition": "DB",
                "playerPosition": "DB",
                "playerName": "E. Reid",
                "playerId": "2540152",
                "points": 14.0
            }
        ],
        "bench": [
            {
                "teamPosition": "BN",
                "playerPosition": "QB",
                "playerName": "D. Brees",
                "playerId": "2504775",
                "points": 27.44
            },
            {
                "teamPosition": "BN",
                "playerPosition": "RB",
                "playerName": "L. Murray",
                "playerId": "2541161",
                "points": 12.4
            },
            {
                "teamPosition": "BN",
                "playerPosition": "TE",
                "playerName": "H. Henry",
                "playerId": "2555341",
                "points": 0.0
            },
            {
                "teamPosition": "BN",
                "playerPosition": "RB",
                "playerName": "M. Mack",
                "playerId": "2558123",
                "points": 0.0
            },
            {
                "teamPosition": "BN",
                "playerPosition": "WR",
                "playerName": "J. Smith-Schuster",
                "playerId": "2558149",
                "points": 0.0
            },
            {
                "teamPosition": "BN",
                "playerPosition": "RB",
                "playerName": "M. Breida",
                "playerId": "2558918",
                "points": 0.0
            },
            {
                "teamPosition": "BN",
                "playerPosition": "DEF",
                "playerName": "Rams",
                "playerId": "100017",
                "points": 2.0
            },
            {
                "teamPosition": "BN",
                "playerPosition": "DEF",
                "playerName": "Eagles",
                "playerId": "100025",
                "points": 21.0
            },
            {
                "teamPosition": "BN",
                "playerPosition": "LB",
                "playerName": "J. Hicks",
                "playerId": "2552315",
                "points": 0.0
            }
        ]
    },
    "teamLoser": {
        "teamId": "2",
        "points": 42.8,
        "standings": "2-10-0",
        "starters": [
            {
                "teamPosition": "QB",
                "playerPosition": "QB",
                "playerName": "P. Rivers",
                "playerId": "2506121",
                "points": 0.0
            },
            {
                "teamPosition": "RB",
                "playerPosition": "RB",
                "playerName": "L. Bell",
                "playerId": "2540175",
                "points": 10.8
            },
            {
                "teamPosition": "RB",
                "playerPosition": "RB",
                "playerName": "M. Gordon",
                "playerId": "2552469",
                "points": 0.0
            },
            {
                "teamPosition": "WR",
                "playerPosition": "WR",
                "playerName": "J. Edelman",
                "playerId": "238498",
                "points": 9.3
            },
            {
                "teamPosition": "WR",
                "playerPosition": "WR",
                "playerName": "T. Williams",
                "playerId": "2553913",
                "points": 1.8
            },
            {
                "teamPosition": "TE",
                "playerPosition": "TE",
                "playerName": "G. Olsen",
                "playerId": "2495700",
                "points": 4.4
            },
            {
                "teamPosition": "R/W/T",
                "playerPosition": "RB",
                "playerName": "L. McCoy",
                "playerId": "79607",
                "points": 0.0
            },
            {
                "teamPosition": "K",
                "playerPosition": "K",
                "playerName": "R. Gould",
                "playerId": "2506264",
                "points": 0.0
            },
            {
                "teamPosition": "DEF",
                "playerPosition": "DEF",
                "playerName": "Panthers",
                "playerId": "100004",
                "points": 7.0
            },
            {
                "teamPosition": "DL",
                "playerPosition": "DL",
                "playerName": "C. Campbell",
                "playerId": "744",
                "points": 3.0
            },
            {
                "teamPosition": "LB",
                "playerPosition": "LB",
                "playerName": "K. Mack",
                "playerId": "2543463",
                "points": 6.5
            },
            {
                "teamPosition": "DB",
                "playerPosition": "DB",
                "playerName": "M. Butler",
                "playerId": "2550613",
                "points": 0.0
            }
        ],
        "bench": [
            {
                "teamPosition": "BN",
                "playerPosition": "QB",
                "playerName": "M. Ryan",
                "playerId": "310",
                "points": 5.64
            },
            {
                "teamPosition": "BN",
                "playerPosition": "WR",
                "playerName": "R. Cobb",
                "playerId": "2495448",
                "points": 9.6
            },
            {
                "teamPosition": "BN",
                "playerPosition": "WR",
                "playerName": "S. Shepard",
                "playerId": "2555295",
                "points": 3.7
            },
            {
                "teamPosition": "BN",
                "playerPosition": "TE",
                "playerName": "G. Kittle",
                "playerId": "2558266",
                "points": 19.9
            },
            {
                "teamPosition": "BN",
                "playerPosition": "RB",
                "playerName": "D. Williams",
                "playerId": "2560935",
                "points": 0.0
            },
            {
                "teamPosition": "BN",
                "playerPosition": "WR",
                "playerName": "D. Johnson",
                "playerId": "2562674",
                "points": 2.9
            },
            {
                "teamPosition": "BN",
                "playerPosition": "DEF",
                "playerName": "Giants",
                "playerId": "100023",
                "points": 13.0
            },
            {
                "teamPosition": "BN",
                "playerPosition": "DL",
                "playerName": "C. Jordan",
                "playerId": "2495184",
                "points": 6.0
            },
            {
                "teamPosition": "BN",
                "playerPosition": "LB",
                "playerName": "D. Davis",
                "playerId": "2533008",
                "points": 13.0
            }
        ]
    }
}