{
    "week": 12,
    "teamWinner": {
        "teamId": "10",
        "points": 125.8,
        "standings": "7-5-0",
        "starters": [
            {
                "teamPosition": "QB",
                "playerPosition": "QB",
                "playerName": "T. Brady",
                "playerId": "2504211",
                "points": 14.3
            },
            {
                "teamPosition": "RB",
                "playerPosition": "RB",
                "playerName": "L. Fournette",
                "playerId": "2557973",
                "points": 27.9
            },
            {
                "teamPosition": "RB",
                "playerPosition": "RB",
                "playerName": "S. Michel",
                "playerId": "2560809",
                "points": 8.5
            },
            {
                "teamPosition": "WR",
                "playerPosition": "WR",
                "playerName": "O. Beckham",
                "playerId": "2543496",
                "points": 14.4
            },
            {
                "teamPosition": "WR",
                "playerPosition": "WR",
                "playerName": "T. Boyd",
                "playerId": "2555466",
                "points": 12.1
            },
            {
                "teamPosition": "TE",
                "playerPosition": "TE",
                "playerName": "J. Witten",
                "playerId": "2505629",
                "points": 0.5
            },
            {
                "teamPosition": "R/W/T",
                "playerPosition": "RB",
                "playerName": "K. Hunt",
                "playerId": "2557917",
                "points": 9.6
            },
            {
                "teamPosition": "K",
                "playerPosition": "K",
                "playerName": "Y. Koo",
                "playerId": "2559205",
                "points": 7.0
            },
            {
                "teamPosition": "DEF",
                "playerPosition": "DEF",
                "playerName": "Ravens",
                "playerId": "100002",
                "points": 21.0
            },
            {
                "teamPosition": "DL",
                "playerPosition": "DL",
                "playerName": "G. Jarrett",
                "playerId": "2552327",
                "points": 1.0
            },
            {
                "teamPosition": "LB",
                "playerPosition": "LB",
                "playerName": "K. Van Noy",
                "playerId": "2543699",
                "points": 4.5
            },
            {
                "teamPosition": "DB",
                "playerPosition": "DB",
                "playerName": "S. Williams",
                "playerId": "2539233",
                "points": 5.0
            }
        ],
        "bench": [
            {
                "teamPosition": "BN",
                "playerPosition": "WR",
                "playerName": "D. Amendola",
                "playerId": "2649",
                "points": 2.1
            },
            {
                "teamPosition": "BN",
                "playerPosition": "QB",
                "playerName": "R. Fitzpatrick",
                "playerId": "2506581",
                "points": 26.06
            },
            {
                "teamPosition": "BN",
                "playerPosition": "RB",
                "playerName": "R. Burkhead",
                "playerId": "2539265",
                "points": 1.7
            },
            {
                "teamPosition": "BN",
                "playerPosition": "WR",
                "playerName": "D. Westbrook",
                "playerId": "2557895",
                "points": 6.9
            },
            {
                "teamPosition": "BN",
                "playerPosition": "RB",
                "playerName": "N. Hines",
                "playerId": "2560742",
                "points": 6.1
            },
            {
                "teamPosition": "BN",
                "playerPosition": "K",
                "playerName": "M. Badgley",
                "playerId": "2560965",
                "points": 0.0
            },
            {
                "teamPosition": "BN",
                "playerPosition": "DEF",
                "playerName": "Chiefs",
                "playerId": "100016",
                "points": 0.0
            },
            {
                "teamPosition": "BN",
                "playerPosition": "DB",
                "playerName": "J. Jenkins",
                "playerId": "2532875",
                "points": 6.5
            },
            {
                "teamPosition": "BN",
                "playerPosition": "LB",
                "playerName": "T. Watt",
                "playerId": "2558064",
                "points": 7.0
            }
        ]
    },
    "teamLoser": {
        "teamId": "5",
        "points": 98.96,
        "standings": "3-9-0",
        "starters": [
            {
                "teamPosition": "QB",
                "playerPosition": "QB",
                "playerName": "A. Rodgers",
                "playerId": "2506363",
                "points": 9.46
            },
            {
                "teamPosition": "RB",
                "playerPosition": "RB",
                "playerName": "J. Samuels",
                "playerId": "2560862",
                "points": 3.2
            },
            {
                "teamPosition": "RB",
                "playerPosition": "RB",
                "playerName": "D. Singletary",
                "playerId": "2562734",
                "points": 11.4
            },
            {
                "teamPosition": "WR",
                "playerPosition": "WR",
                "playerName": "J. Brown",
                "playerId": "2543847",
                "points": 9.9
            },
            {
                "teamPosition": "WR",
                "playerPosition": "WR",
                "playerName": "D. Parker",
                "playerId": "2552409",
                "points": 9.1
            },
            {
                "teamPosition": "TE",
                "playerPosition": "TE",
                "playerName": "Z. Ertz",
                "playerId": "2540158",
                "points": 15.1
            },
            {
                "teamPosition": "R/W/T",
                "playerPosition": "RB",
                "playerName": "B. Scarbrough",
                "playerId": "2560865",
                "points": 5.8
            },
            {
                "teamPosition": "K",
                "playerPosition": "K",
                "playerName": "N. Folk",
                "playerId": "2507225",
                "points": 7.0
            },
            {
                "teamPosition": "DEF",
                "playerPosition": "DEF",
                "playerName": "Falcons",
                "playerId": "100001",
                "points": 7.0
            },
            {
                "teamPosition": "DL",
                "playerPosition": "DL",
                "playerName": "M. Crosby",
                "playerId": "2562439",
                "points": 5.5
            },
            {
                "teamPosition": "LB",
                "playerPosition": "LB",
                "playerName": "J. Schobert",
                "playerId": "2555166",
                "points": 11.0
            },
            {
                "teamPosition": "DB",
                "playerPosition": "DB",
                "playerName": "L. Ryan",
                "playerId": "2540162",
                "points": 4.5
            }
        ],
        "bench": [
            {
                "teamPosition": "BN",
                "playerPosition": "RB",
                "playerName": "F. Gore",
                "playerId": "2506404",
                "points": 6.5
            },
            {
                "teamPosition": "BN",
                "playerPosition": "WR",
                "playerName": "B. Cooks",
                "playerId": "2543498",
                "points": 3.3
            },
            {
                "teamPosition": "BN",
                "playerPosition": "WR",
                "playerName": "C. Conley",
                "playerId": "2552652",
                "points": 4.9
            },
            {
                "teamPosition": "BN",
                "playerPosition": "RB",
                "playerName": "J. Conner",
                "playerId": "2557978",
                "points": 0.0
            },
            {
                "teamPosition": "BN",
                "playerPosition": "WR",
                "playerName": "M. Brown",
                "playerId": "2562379",
                "points": 16.2
            },
            {
                "teamPosition": "BN",
                "playerPosition": "RB",
                "playerName": "M. Sanders",
                "playerId": "2562722",
                "points": 8.6
            },
            {
                "teamPosition": "BN",
                "playerPosition": "K",
                "playerName": "H. Butker",
                "playerId": "2558245",
                "points": 0.0
            },
            {
                "teamPosition": "BN",
                "playerPosition": "DEF",
                "playerName": "Jets",
                "playerId": "100024",
                "points": 25.0
            },
            {
                "teamPosition": "BN",
                "playerPosition": "DL",
                "playerName": "C. Jones",
                "playerId": "2533538",
                "points": 0.0
            }
        ]
    }
}