{
    "week": 9,
    "teamWinner": {
        "teamId": "6",
        "points": 95.0,
        "standings": "5-4-0",
        "starters": [
            {
                "teamPosition": "QB",
                "playerPosition": "QB",
                "playerName": "R. Wilson",
                "playerId": "2532975",
                "points": 20.7
            },
            {
                "teamPosition": "RB",
                "playerPosition": "RB",
                "playerName": "M. Gordon",
                "playerId": "2552469",
                "points": 3.3
            },
            {
                "teamPosition": "RB",
                "playerPosition": "RB",
                "playerName": "D. Swift",
                "playerId": "2563965",
                "points": 8.7
            },
            {
                "teamPosition": "WR",
                "playerPosition": "WR",
                "playerName": "J. Jones",
                "playerId": "2495454",
                "points": 11.4
            },
            {
                "teamPosition": "WR",
                "playerPosition": "WR",
                "playerName": "S. Diggs",
                "playerId": "2552608",
                "points": 11.8
            },
            {
                "teamPosition": "TE",
                "playerPosition": "TE",
                "playerName": "D. Waller",
                "playerId": "2552408",
                "points": 8.2
            },
            {
                "teamPosition": "R/W/T",
                "playerPosition": "TE",
                "playerName": "T. Hockenson",
                "playerId": "2562378",
                "points": 9.9
            },
            {
                "teamPosition": "K",
                "playerPosition": "K",
                "playerName": "H. Butker",
                "playerId": "2558245",
                "points": 5.0
            },
            {
                "teamPosition": "DEF",
                "playerPosition": "DEF",
                "playerName": "Cardinals",
                "playerId": "100026",
                "points": 5.0
            },
            {
                "teamPosition": "DL",
                "playerPosition": "DL",
                "playerName": "C. Jordan",
                "playerId": "2495184",
                "points": 0.0
            },
            {
                "teamPosition": "LB",
                "playerPosition": "LB",
                "playerName": "T. Watt",
                "playerId": "2558064",
                "points": 4.3
            },
            {
                "teamPosition": "DB",
                "playerPosition": "DB",
                "playerName": "J. Simmons",
                "playerId": "2555550",
                "points": 6.7
            }
        ],
        "bench": [
            {
                "teamPosition": "BN",
                "playerPosition": "WR",
                "playerName": "A. Cooper",
                "playerId": "2552487",
                "points": 8.1
            },
            {
                "teamPosition": "BN",
                "playerPosition": "RB",
                "playerName": "J. Williams",
                "playerId": "2558204",
                "points": 0.0
            },
            {
                "teamPosition": "BN",
                "playerPosition": "RB",
                "playerName": "N. Chubb",
                "playerId": "2561021",
                "points": 0.0
            },
            {
                "teamPosition": "BN",
                "playerPosition": "QB",
                "playerName": "D. Lock",
                "playerId": "2562305",
                "points": 32.22
            },
            {
                "teamPosition": "BN",
                "playerPosition": "RB",
                "playerName": "A. Mattison",
                "playerId": "2562682",
                "points": 6.9
            },
            {
                "teamPosition": "BN",
                "playerPosition": "QB",
                "playerName": "G. Minshew",
                "playerId": "2562796",
                "points": 0.0
            },
            {
                "teamPosition": "BN",
                "playerPosition": "WR",
                "playerName": "P. Williams",
                "playerId": "2562805",
                "points": 12.0
            },
            {
                "teamPosition": "BN",
                "playerPosition": "WR",
                "playerName": "T. Higgins",
                "playerId": "2563731",
                "points": 0.0
            },
            {
                "teamPosition": "BN",
                "playerPosition": "DEF",
                "playerName": "Browns",
                "playerId": "100007",
                "points": 0.0
            }
        ]
    },
    "teamLoser": {
        "teamId": "3",
        "points": 84.42,
        "standings": "2-7-0",
        "starters": [
            {
                "teamPosition": "QB",
                "playerPosition": "QB",
                "playerName": "R. Tannehill",
                "playerId": "2532956",
                "points": 18.62
            },
            {
                "teamPosition": "RB",
                "playerPosition": "RB",
                "playerName": "J. Jacobs",
                "playerId": "2562377",
                "points": 12.8
            },
            {
                "teamPosition": "RB",
                "playerPosition": "RB",
                "playerName": "C. Edwards-Helaire",
                "playerId": "2564271",
                "points": 9.4
            },
            {
                "teamPosition": "WR",
                "playerPosition": "WR",
                "playerName": "S. Shepard",
                "playerId": "2555295",
                "points": 5.7
            },
            {
                "teamPosition": "WR",
                "playerPosition": "WR",
                "playerName": "D. Moore",
                "playerId": "2560813",
                "points": 1.8
            },
            {
                "teamPosition": "TE",
                "playerPosition": "TE",
                "playerName": "T. Burton",
                "playerId": "2550284",
                "points": 0.6
            },
            {
                "teamPosition": "R/W/T",
                "playerPosition": "RB",
                "playerName": "J. Dobbins",
                "playerId": "2563548",
                "points": 3.5
            },
            {
                "teamPosition": "K",
                "playerPosition": "K",
                "playerName": "W. Lutz",
                "playerId": "2556601",
                "points": 7.0
            },
            {
                "teamPosition": "DEF",
                "playerPosition": "DEF",
                "playerName": "Texans",
                "playerId": "100013",
                "points": 8.0
            },
            {
                "teamPosition": "DL",
                "playerPosition": "DL",
                "playerName": "J. Watt",
                "playerId": "2495488",
                "points": 5.2
            },
            {
                "teamPosition": "LB",
                "playerPosition": "LB",
                "playerName": "D. Leonard",
                "playerId": "2560789",
                "points": 9.4
            },
            {
                "teamPosition": "DB",
                "playerPosition": "DB",
                "playerName": "B. Baker",
                "playerId": "2558009",
                "points": 2.4
            }
        ],
        "bench": [
            {
                "teamPosition": "BN",
                "playerPosition": "TE",
                "playerName": "J. Graham",
                "playerId": "497236",
                "points": 11.5
            },
            {
                "teamPosition": "BN",
                "playerPosition": "WR",
                "playerName": "C. Beasley",
                "playerId": "2535698",
                "points": 3.9
            },
            {
                "teamPosition": "BN",
                "playerPosition": "WR",
                "playerName": "N. Agholor",
                "playerId": "2552600",
                "points": 11.5
            },
            {
                "teamPosition": "BN",
                "playerPosition": "RB",
                "playerName": "J. Wilkins",
                "playerId": "2560933",
                "points": 3.8
            },
            {
                "teamPosition": "BN",
                "playerPosition": "RB",
                "playerName": "B. Scott",
                "playerId": "2561146",
                "points": 0.0
            },
            {
                "teamPosition": "BN",
                "playerPosition": "RB",
                "playerName": "D. Henderson",
                "playerId": "2562574",
                "points": 0.0
            },
            {
                "teamPosition": "BN",
                "playerPosition": "WR",
                "playerName": "D. Samuel",
                "playerId": "2562721",
                "points": 0.0
            },
            {
                "teamPosition": "BN",
                "playerPosition": "DEF",
                "playerName": "Saints",
                "playerId": "100022",
                "points": 27.0
            },
            {
                "teamPosition": "BN",
                "playerPosition": "DL",
                "playerName": "M. Garrett",
                "playerId": "2557965",
                "points": 0.0
            }
        ]
    }
}