{
    "week": 9,
    "teamWinner": {
        "teamId": "2",
        "points": 126.4,
        "standings": "5-4-0",
        "starters": [
            {
                "teamPosition": "QB",
                "playerPosition": "QB",
                "playerName": "A. Rodgers",
                "playerId": "2506363",
                "points": 36.9
            },
            {
                "teamPosition": "RB",
                "playerPosition": "RB",
                "playerName": "L. Fournette",
                "playerId": "2557973",
                "points": 4.1
            },
            {
                "teamPosition": "RB",
                "playerPosition": "RB",
                "playerName": "J. Conner",
                "playerId": "2557978",
                "points": 2.0
            },
            {
                "teamPosition": "WR",
                "playerPosition": "WR",
                "playerName": "A. Thielen",
                "playerId": "2541785",
                "points": 3.8
            },
            {
                "teamPosition": "WR",
                "playerPosition": "WR",
                "playerName": "C. Kirk",
                "playerId": "2560781",
                "points": 19.3
            },
            {
                "teamPosition": "TE",
                "playerPosition": "TE",
                "playerName": "N. Fant",
                "playerId": "2562383",
                "points": 4.5
            },
            {
                "teamPosition": "R/W/T",
                "playerPosition": "WR",
                "playerName": "W. Fuller",
                "playerId": "2555346",
                "points": 17.0
            },
            {
                "teamPosition": "K",
                "playerPosition": "K",
                "playerName": "D. Carlson",
                "playerId": "2560993",
                "points": 6.0
            },
            {
                "teamPosition": "DEF",
                "playerPosition": "DEF",
                "playerName": "Ravens",
                "playerId": "100002",
                "points": 19.0
            },
            {
                "teamPosition": "DL",
                "playerPosition": "DL",
                "playerName": "E. Ogbah",
                "playerId": "2555278",
                "points": 7.7
            },
            {
                "teamPosition": "LB",
                "playerPosition": "LB",
                "playerName": "A. Walker",
                "playerId": "2558851",
                "points": 4.6
            },
            {
                "teamPosition": "DB",
                "playerPosition": "DB",
                "playerName": "M. Maye",
                "playerId": "2557995",
                "points": 1.5
            }
        ],
        "bench": [
            {
                "teamPosition": "BN",
                "playerPosition": "WR",
                "playerName": "D. Bryant",
                "playerId": "497278",
                "points": 0.0
            },
            {
                "teamPosition": "BN",
                "playerPosition": "RB",
                "playerName": "J. Howard",
                "playerId": "2555418",
                "points": 7.9
            },
            {
                "teamPosition": "BN",
                "playerPosition": "WR",
                "playerName": "C. Samuel",
                "playerId": "2558066",
                "points": 17.8
            },
            {
                "teamPosition": "BN",
                "playerPosition": "WR",
                "playerName": "J. Smith-Schuster",
                "playerId": "2558149",
                "points": 15.3
            },
            {
                "teamPosition": "BN",
                "playerPosition": "RB",
                "playerName": "A. Ekeler",
                "playerId": "2559169",
                "points": 0.0
            },
            {
                "teamPosition": "BN",
                "playerPosition": "WR",
                "playerName": "G. Ward",
                "playerId": "2559278",
                "points": 0.0
            },
            {
                "teamPosition": "BN",
                "playerPosition": "TE",
                "playerName": "D. Schultz",
                "playerId": "2560866",
                "points": 4.8
            },
            {
                "teamPosition": "BN",
                "playerPosition": "WR",
                "playerName": "H. Renfrow",
                "playerId": "2562712",
                "points": 6.0
            },
            {
                "teamPosition": "BN",
                "playerPosition": "DEF",
                "playerName": "Football Team",
                "playerId": "100032",
                "points": 10.0
            }
        ]
    },
    "teamLoser": {
        "teamId": "7",
        "points": 94.76,
        "standings": "3-6-0",
        "starters": [
            {
                "teamPosition": "QB",
                "playerPosition": "QB",
                "playerName": "M. Ryan",
                "playerId": "310",
                "points": 27.36
            },
            {
                "teamPosition": "RB",
                "playerPosition": "RB",
                "playerName": "D. Johnson",
                "playerId": "2553435",
                "points": 1.6
            },
            {
                "teamPosition": "RB",
                "playerPosition": "RB",
                "playerName": "J. Hasty",
                "playerId": "2565108",
                "points": 1.3
            },
            {
                "teamPosition": "WR",
                "playerPosition": "WR",
                "playerName": "T. Lockett",
                "playerId": "2552430",
                "points": 4.0
            },
            {
                "teamPosition": "WR",
                "playerPosition": "WR",
                "playerName": "D. Johnson",
                "playerId": "2562674",
                "points": 8.1
            },
            {
                "teamPosition": "TE",
                "playerPosition": "TE",
                "playerName": "J. Smith",
                "playerId": "2558207",
                "points": 9.2
            },
            {
                "teamPosition": "R/W/T",
                "playerPosition": "RB",
                "playerName": "J. Jackson",
                "playerId": "2560756",
                "points": 0.0
            },
            {
                "teamPosition": "K",
                "playerPosition": "K",
                "playerName": "M. Crosby",
                "playerId": "2507232",
                "points": 9.0
            },
            {
                "teamPosition": "DEF",
                "playerPosition": "DEF",
                "playerName": "Giants",
                "playerId": "100023",
                "points": 25.0
            },
            {
                "teamPosition": "DL",
                "playerPosition": "DL",
                "playerName": "C. Campbell",
                "playerId": "744",
                "points": 0.3
            },
            {
                "teamPosition": "LB",
                "playerPosition": "LB",
                "playerName": "R. Smith",
                "playerId": "2560877",
                "points": 8.0
            },
            {
                "teamPosition": "DB",
                "playerPosition": "DB",
                "playerName": "B. Poole",
                "playerId": "2556445",
                "points": 0.9
            }
        ],
        "bench": [
            {
                "teamPosition": "BN",
                "playerPosition": "QB",
                "playerName": "B. Roethlisberger",
                "playerId": "2506109",
                "points": 31.04
            },
            {
                "teamPosition": "BN",
                "playerPosition": "WR",
                "playerName": "A. Jeffery",
                "playerId": "2533039",
                "points": 0.0
            },
            {
                "teamPosition": "BN",
                "playerPosition": "RB",
                "playerName": "E. Elliott",
                "playerId": "2555224",
                "points": 6.9
            },
            {
                "teamPosition": "BN",
                "playerPosition": "RB",
                "playerName": "K. Drake",
                "playerId": "2555230",
                "points": 0.0
            },
            {
                "teamPosition": "BN",
                "playerPosition": "WR",
                "playerName": "D. Chark",
                "playerId": "2561018",
                "points": 21.6
            },
            {
                "teamPosition": "BN",
                "playerPosition": "RB",
                "playerName": "M. Sanders",
                "playerId": "2562722",
                "points": 0.0
            },
            {
                "teamPosition": "BN",
                "playerPosition": "RB",
                "playerName": "Z. Moss",
                "playerId": "2563617",
                "points": 10.8
            },
            {
                "teamPosition": "BN",
                "playerPosition": "WR",
                "playerName": "H. Ruggs",
                "playerId": "2564433",
                "points": 1.0
            },
            {
                "teamPosition": "BN",
                "playerPosition": "RB",
                "playerName": "L. Perine",
                "playerId": "2564808",
                "points": 3.8
            }
        ]
    }
}