{
    "week": 1,
    "teamWinner": {
        "teamId": "1",
        "points": 125.7,
        "standings": "1-0-0",
        "starters": [
            {
                "teamPosition": "QB",
                "playerPosition": "QB",
                "playerName": "D. Brees",
                "playerId": "2504775",
                "points": 23.8
            },
            {
                "teamPosition": "RB",
                "playerPosition": "RB",
                "playerName": "T. Gurley",
                "playerId": "2552475",
                "points": 10.1
            },
            {
                "teamPosition": "RB",
                "playerPosition": "RB",
                "playerName": "M. Mack",
                "playerId": "2558123",
                "points": 26.4
            },
            {
                "teamPosition": "WR",
                "playerPosition": "WR",
                "playerName": "R. Woods",
                "playerId": "2540169",
                "points": 9.6
            },
            {
                "teamPosition": "WR",
                "playerPosition": "WR",
                "playerName": "J. Smith-Schuster",
                "playerId": "2558149",
                "points": 7.8
            },
            {
                "teamPosition": "TE",
                "playerPosition": "TE",
                "playerName": "E. Ebron",
                "playerId": "2543466",
                "points": 0.8
            },
            {
                "teamPosition": "R/W/T",
                "playerPosition": "RB",
                "playerName": "M. Breida",
                "playerId": "2558918",
                "points": 3.7
            },
            {
                "teamPosition": "K",
                "playerPosition": "K",
                "playerName": "S. Gostkowski",
                "playerId": "2506922",
                "points": 12.0
            },
            {
                "teamPosition": "DEF",
                "playerPosition": "DEF",
                "playerName": "Rams",
                "playerId": "100017",
                "points": 18.0
            },
            {
                "teamPosition": "DL",
                "playerPosition": "DL",
                "playerName": "J. Watt",
                "playerId": "2495488",
                "points": 0.0
            },
            {
                "teamPosition": "LB",
                "playerPosition": "LB",
                "playerName": "D. Leonard",
                "playerId": "2560789",
                "points": 7.0
            },
            {
                "teamPosition": "DB",
                "playerPosition": "DB",
                "playerName": "J. Adams",
                "playerId": "2557979",
                "points": 6.5
            }
        ],
        "bench": [
            {
                "teamPosition": "BN",
                "playerPosition": "RB",
                "playerName": "A. Peterson",
                "playerId": "2507164",
                "points": 0.0
            },
            {
                "teamPosition": "BN",
                "playerPosition": "WR",
                "playerName": "M. Goodwin",
                "playerId": "2539964",
                "points": 0.7
            },
            {
                "teamPosition": "BN",
                "playerPosition": "WR",
                "playerName": "K. Stills",
                "playerId": "2540202",
                "points": 9.7
            },
            {
                "teamPosition": "BN",
                "playerPosition": "RB",
                "playerName": "C. Hyde",
                "playerId": "2543743",
                "points": 8.5
            },
            {
                "teamPosition": "BN",
                "playerPosition": "WR",
                "playerName": "N. Agholor",
                "playerId": "2552600",
                "points": 1.1
            },
            {
                "teamPosition": "BN",
                "playerPosition": "WR",
                "playerName": "C. Ridley",
                "playerId": "2560854",
                "points": 12.4
            },
            {
                "teamPosition": "BN",
                "playerPosition": "DEF",
                "playerName": "Broncos",
                "playerId": "100009",
                "points": 0.0
            },
            {
                "teamPosition": "BN",
                "playerPosition": "DEF",
                "playerName": "Colts",
                "playerId": "100014",
                "points": 15.0
            },
            {
                "teamPosition": "BN",
                "playerPosition": "DB",
                "playerName": "M. Jenkins",
                "playerId": "79848",
                "points": 3.0
            }
        ]
    },
    "teamLoser": {
        "teamId": "2",
        "points": 95.74,
        "standings": "0-1-0",
        "starters": [
            {
                "teamPosition": "QB",
                "playerPosition": "QB",
                "playerName": "M. Ryan",
                "playerId": "310",
                "points": 20.56
            },
            {
                "teamPosition": "RB",
                "playerPosition": "RB",
                "playerName": "L. McCoy",
                "playerId": "79607",
                "points": 9.3
            },
            {
                "teamPosition": "RB",
                "playerPosition": "RB",
                "playerName": "L. Bell",
                "playerId": "2540175",
                "points": 17.2
            },
            {
                "teamPosition": "WR",
                "playerPosition": "WR",
                "playerName": "J. Edelman",
                "playerId": "238498",
                "points": 10.38
            },
            {
                "teamPosition": "WR",
                "playerPosition": "WR",
                "playerName": "M. Williams",
                "playerId": "2558846",
                "points": 2.9
            },
            {
                "teamPosition": "TE",
                "playerPosition": "TE",
                "playerName": "G. Kittle",
                "playerId": "2558266",
                "points": 6.4
            },
            {
                "teamPosition": "R/W/T",
                "playerPosition": "WR",
                "playerName": "C. Davis",
                "playerId": "2557848",
                "points": 0.0
            },
            {
                "teamPosition": "K",
                "playerPosition": "K",
                "playerName": "K. Fairbairn",
                "playerId": "2556521",
                "points": 4.0
            },
            {
                "teamPosition": "DEF",
                "playerPosition": "DEF",
                "playerName": "Browns",
                "playerId": "100007",
                "points": 4.0
            },
            {
                "teamPosition": "DL",
                "playerPosition": "DL",
                "playerName": "C. Campbell",
                "playerId": "744",
                "points": 3.0
            },
            {
                "teamPosition": "LB",
                "playerPosition": "LB",
                "playerName": "K. Mack",
                "playerId": "2543463",
                "points": 7.0
            },
            {
                "teamPosition": "DB",
                "playerPosition": "DB",
                "playerName": "M. Butler",
                "playerId": "2550613",
                "points": 11.0
            }
        ],
        "bench": [
            {
                "teamPosition": "BN",
                "playerPosition": "TE",
                "playerName": "G. Olsen",
                "playerId": "2495700",
                "points": 3.6
            },
            {
                "teamPosition": "BN",
                "playerPosition": "QB",
                "playerName": "P. Rivers",
                "playerId": "2506121",
                "points": 27.92
            },
            {
                "teamPosition": "BN",
                "playerPosition": "RB",
                "playerName": "M. Gordon",
                "playerId": "2552469",
                "points": 0.0
            },
            {
                "teamPosition": "BN",
                "playerPosition": "WR",
                "playerName": "T. Williams",
                "playerId": "2553913",
                "points": 16.5
            },
            {
                "teamPosition": "BN",
                "playerPosition": "RB",
                "playerName": "J. Richard",
                "playerId": "2556885",
                "points": 0.3
            },
            {
                "teamPosition": "BN",
                "playerPosition": "DEF",
                "playerName": "Chiefs",
                "playerId": "100016",
                "points": 10.0
            },
            {
                "teamPosition": "BN",
                "playerPosition": "DL",
                "playerName": "C. Jordan",
                "playerId": "2495184",
                "points": 6.5
            },
            {
                "teamPosition": "BN",
                "playerPosition": "LB",
                "playerName": "D. Davis",
                "playerId": "2533008",
                "points": 4.5
            },
            {
                "teamPosition": "BN",
                "playerPosition": "DB",
                "playerName": "D. Randall",
                "playerId": "2552389",
                "points": 5.0
            }
        ]
    }
}