{
    "week": 2,
    "teamWinner": {
        "teamId": "1",
        "points": 134.28,
        "standings": "1-1-0",
        "starters": [
            {
                "teamPosition": "QB",
                "playerPosition": "QB",
                "playerName": "D. Brees",
                "playerId": "2504775",
                "points": 15.48
            },
            {
                "teamPosition": "RB",
                "playerPosition": "RB",
                "playerName": "C. Carson",
                "playerId": "2558865",
                "points": 16.8
            },
            {
                "teamPosition": "RB",
                "playerPosition": "RB",
                "playerName": "J. Robinson",
                "playerId": "2564223",
                "points": 18.0
            },
            {
                "teamPosition": "WR",
                "playerPosition": "WR",
                "playerName": "A. Green",
                "playerId": "2495450",
                "points": 2.9
            },
            {
                "teamPosition": "WR",
                "playerPosition": "WR",
                "playerName": "C. Ridley",
                "playerId": "2560854",
                "points": 22.9
            },
            {
                "teamPosition": "TE",
                "playerPosition": "TE",
                "playerName": "D. Goedert",
                "playerId": "2560995",
                "points": 3.0
            },
            {
                "teamPosition": "R/W/T",
                "playerPosition": "WR",
                "playerName": "M. Valdes-Scantling",
                "playerId": "2560907",
                "points": 6.4
            },
            {
                "teamPosition": "K",
                "playerPosition": "K",
                "playerName": "Z. Gonzalez",
                "playerId": "2558178",
                "points": 9.0
            },
            {
                "teamPosition": "DEF",
                "playerPosition": "DEF",
                "playerName": "Steelers",
                "playerId": "100027",
                "points": 25.0
            },
            {
                "teamPosition": "DL",
                "playerPosition": "DL",
                "playerName": "J. Bosa",
                "playerId": "2555249",
                "points": 3.8
            },
            {
                "teamPosition": "LB",
                "playerPosition": "LB",
                "playerName": "B. Wagner",
                "playerId": "2532966",
                "points": 4.5
            },
            {
                "teamPosition": "DB",
                "playerPosition": "DB",
                "playerName": "J. Adams",
                "playerId": "2557979",
                "points": 6.5
            }
        ],
        "bench": [
            {
                "teamPosition": "BN",
                "playerPosition": "TE",
                "playerName": "K. Rudolph",
                "playerId": "2495438",
                "points": 0.0
            },
            {
                "teamPosition": "BN",
                "playerPosition": "TE",
                "playerName": "J. Doyle",
                "playerId": "2540232",
                "points": 0.0
            },
            {
                "teamPosition": "BN",
                "playerPosition": "RB",
                "playerName": "T. Coleman",
                "playerId": "2552453",
                "points": 4.0
            },
            {
                "teamPosition": "BN",
                "playerPosition": "RB",
                "playerName": "D. Johnson",
                "playerId": "2552461",
                "points": 0.0
            },
            {
                "teamPosition": "BN",
                "playerPosition": "RB",
                "playerName": "J. Howard",
                "playerId": "2555418",
                "points": 6.4
            },
            {
                "teamPosition": "BN",
                "playerPosition": "WR",
                "playerName": "M. Thomas",
                "playerId": "2556370",
                "points": 0.0
            },
            {
                "teamPosition": "BN",
                "playerPosition": "WR",
                "playerName": "C. Davis",
                "playerId": "2557848",
                "points": 9.6
            },
            {
                "teamPosition": "BN",
                "playerPosition": "RB",
                "playerName": "P. Lindsay",
                "playerId": "2559947",
                "points": 0.0
            },
            {
                "teamPosition": "BN",
                "playerPosition": "RB",
                "playerName": "M. Gaskin",
                "playerId": "2562270",
                "points": 8.2
            }
        ]
    },
    "teamLoser": {
        "teamId": "3",
        "points": 107.8,
        "standings": "1-1-0",
        "starters": [
            {
                "teamPosition": "QB",
                "playerPosition": "QB",
                "playerName": "D. Prescott",
                "playerId": "2555260",
                "points": 40.8
            },
            {
                "teamPosition": "RB",
                "playerPosition": "RB",
                "playerName": "D. Henry",
                "playerId": "2556075",
                "points": 8.4
            },
            {
                "teamPosition": "RB",
                "playerPosition": "RB",
                "playerName": "J. Jacobs",
                "playerId": "2562377",
                "points": 10.5
            },
            {
                "teamPosition": "WR",
                "playerPosition": "WR",
                "playerName": "T. Hilton",
                "playerId": "2532865",
                "points": 2.8
            },
            {
                "teamPosition": "WR",
                "playerPosition": "WR",
                "playerName": "M. Gallup",
                "playerId": "2560735",
                "points": 5.8
            },
            {
                "teamPosition": "TE",
                "playerPosition": "TE",
                "playerName": "L. Thomas",
                "playerId": "2543767",
                "points": 2.6
            },
            {
                "teamPosition": "R/W/T",
                "playerPosition": "RB",
                "playerName": "J. Dobbins",
                "playerId": "2563548",
                "points": 6.1
            },
            {
                "teamPosition": "K",
                "playerPosition": "K",
                "playerName": "G. Zuerlein",
                "playerId": "2534797",
                "points": 9.0
            },
            {
                "teamPosition": "DEF",
                "playerPosition": "DEF",
                "playerName": "Saints",
                "playerId": "100022",
                "points": 9.0
            },
            {
                "teamPosition": "DL",
                "playerPosition": "DL",
                "playerName": "M. Garrett",
                "playerId": "2557965",
                "points": 5.8
            },
            {
                "teamPosition": "LB",
                "playerPosition": "LB",
                "playerName": "D. Leonard",
                "playerId": "2560789",
                "points": 4.3
            },
            {
                "teamPosition": "DB",
                "playerPosition": "DB",
                "playerName": "B. Baker",
                "playerId": "2558009",
                "points": 2.7
            }
        ],
        "bench": [
            {
                "teamPosition": "BN",
                "playerPosition": "WR",
                "playerName": "J. Edelman",
                "playerId": "238498",
                "points": 17.9
            },
            {
                "teamPosition": "BN",
                "playerPosition": "WR",
                "playerName": "L. Fitzgerald",
                "playerId": "2506106",
                "points": 5.0
            },
            {
                "teamPosition": "BN",
                "playerPosition": "QB",
                "playerName": "R. Tannehill",
                "playerId": "2532956",
                "points": 34.76
            },
            {
                "teamPosition": "BN",
                "playerPosition": "TE",
                "playerName": "E. Engram",
                "playerId": "2557858",
                "points": 6.5
            },
            {
                "teamPosition": "BN",
                "playerPosition": "WR",
                "playerName": "K. Golladay",
                "playerId": "2558052",
                "points": 0.0
            },
            {
                "teamPosition": "BN",
                "playerPosition": "WR",
                "playerName": "K. Cole",
                "playerId": "2559153",
                "points": 11.8
            },
            {
                "teamPosition": "BN",
                "playerPosition": "RB",
                "playerName": "J. Kelley",
                "playerId": "2565054",
                "points": 11.3
            },
            {
                "teamPosition": "BN",
                "playerPosition": "WR",
                "playerName": "A. Gandy-Golden",
                "playerId": "2565273",
                "points": 0.3
            },
            {
                "teamPosition": "BN",
                "playerPosition": "DL",
                "playerName": "D. Hunter",
                "playerId": "2552603",
                "points": 0.0
            }
        ]
    }
}