{
    "week": 14,
    "teamWinner": {
        "teamId": "2",
        "points": 117.3,
        "standings": "11-3-0",
        "starters": [
            {
                "teamPosition": "QB",
                "playerPosition": "QB",
                "playerName": "C. Newton",
                "playerId": "2495455",
                "points": 29.0
            },
            {
                "teamPosition": "RB",
                "playerPosition": "RB",
                "playerName": "C. Ivory",
                "playerId": "2507999",
                "points": 10.7
            },
            {
                "teamPosition": "RB",
                "playerPosition": "RB",
                "playerName": "M. Gordon",
                "playerId": "2552469",
                "points": 6.3
            },
            {
                "teamPosition": "WR",
                "playerPosition": "WR",
                "playerName": "R. Cobb",
                "playerId": "2495448",
                "points": 9.0
            },
            {
                "teamPosition": "WR",
                "playerPosition": "WR",
                "playerName": "J. Jones",
                "playerId": "2495454",
                "points": 8.8
            },
            {
                "teamPosition": "TE",
                "playerPosition": "TE",
                "playerName": "T. Kelce",
                "playerId": "2540258",
                "points": 1.8
            },
            {
                "teamPosition": "W/R",
                "playerPosition": "RB",
                "playerName": "L. Murray",
                "playerId": "2541161",
                "points": 2.7
            },
            {
                "teamPosition": "K",
                "playerPosition": "K",
                "playerName": "S. Gostkowski",
                "playerId": "2506922",
                "points": 13.0
            },
            {
                "teamPosition": "DEF",
                "playerPosition": "DEF",
                "playerName": "Panthers",
                "playerId": "100004",
                "points": 36.0
            }
        ],
        "bench": [
            {
                "teamPosition": "BN",
                "playerPosition": "RB",
                "playerName": "J. Forsett",
                "playerId": "927",
                "points": 0.0
            },
            {
                "teamPosition": "BN",
                "playerPosition": "RB",
                "playerName": "M. Lynch",
                "playerId": "2495663",
                "points": 0.0
            },
            {
                "teamPosition": "BN",
                "playerPosition": "QB",
                "playerName": "D. Brees",
                "playerId": "2504775",
                "points": 24.48
            },
            {
                "teamPosition": "BN",
                "playerPosition": "TE",
                "playerName": "B. Watson",
                "playerId": "2506122",
                "points": 7.0
            },
            {
                "teamPosition": "BN",
                "playerPosition": "WR",
                "playerName": "A. Cooper",
                "playerId": "2552487",
                "points": 0.0
            },
            {
                "teamPosition": "BN",
                "playerPosition": "K",
                "playerName": "M. Bryant",
                "playerId": "2504797",
                "points": 0.0
            }
        ]
    },
    "teamLoser": {
        "teamId": "7",
        "points": 93.48,
        "standings": "7-7-0",
        "starters": [
            {
                "teamPosition": "QB",
                "playerPosition": "QB",
                "playerName": "J. Winston",
                "playerId": "2552033",
                "points": 15.68
            },
            {
                "teamPosition": "RB",
                "playerPosition": "RB",
                "playerName": "T. Gurley",
                "playerId": "2552475",
                "points": 26.7
            },
            {
                "teamPosition": "RB",
                "playerPosition": "RB",
                "playerName": "T. Rawls",
                "playerId": "2553733",
                "points": 4.4
            },
            {
                "teamPosition": "WR",
                "playerPosition": "WR",
                "playerName": "M. Evans",
                "playerId": "2543468",
                "points": 3.9
            },
            {
                "teamPosition": "WR",
                "playerPosition": "WR",
                "playerName": "A. Robinson",
                "playerId": "2543509",
                "points": 6.4
            },
            {
                "teamPosition": "TE",
                "playerPosition": "TE",
                "playerName": "G. Olsen",
                "playerId": "2495700",
                "points": 5.2
            },
            {
                "teamPosition": "W/R",
                "playerPosition": "RB",
                "playerName": "D. Freeman",
                "playerId": "2543583",
                "points": 4.2
            },
            {
                "teamPosition": "K",
                "playerPosition": "K",
                "playerName": "C. Santos",
                "playerId": "2550636",
                "points": 6.0
            },
            {
                "teamPosition": "DEF",
                "playerPosition": "DEF",
                "playerName": "Chiefs",
                "playerId": "100016",
                "points": 21.0
            }
        ],
        "bench": [
            {
                "teamPosition": "BN",
                "playerPosition": "QB",
                "playerName": "M. Ryan",
                "playerId": "310",
                "points": 3.86
            },
            {
                "teamPosition": "BN",
                "playerPosition": "WR",
                "playerName": "D. Thomas",
                "playerId": "497328",
                "points": 7.5
            },
            {
                "teamPosition": "BN",
                "playerPosition": "WR",
                "playerName": "L. Fitzgerald",
                "playerId": "2506106",
                "points": 4.1
            },
            {
                "teamPosition": "BN",
                "playerPosition": "RB",
                "playerName": "A. Peterson",
                "playerId": "2507164",
                "points": 12.6
            },
            {
                "teamPosition": "BN",
                "playerPosition": "WR",
                "playerName": "R. Matthews",
                "playerId": "2532903",
                "points": 0.0
            },
            {
                "teamPosition": "BN",
                "playerPosition": "QB",
                "playerName": "B. Bortles",
                "playerId": "2543477",
                "points": 31.7
            }
        ]
    }
}