{
    "week": 6,
    "teamWinner": {
        "teamId": "7",
        "points": 127.2,
        "standings": "3-3-0",
        "starters": [
            {
                "teamPosition": "QB",
                "playerPosition": "QB",
                "playerName": "M. Ryan",
                "playerId": "310",
                "points": 22.8
            },
            {
                "teamPosition": "RB",
                "playerPosition": "RB",
                "playerName": "A. Peterson",
                "playerId": "2507164",
                "points": 5.7
            },
            {
                "teamPosition": "RB",
                "playerPosition": "RB",
                "playerName": "D. Freeman",
                "playerId": "2543583",
                "points": 27.6
            },
            {
                "teamPosition": "WR",
                "playerPosition": "WR",
                "playerName": "D. Thomas",
                "playerId": "497328",
                "points": 11.1
            },
            {
                "teamPosition": "WR",
                "playerPosition": "WR",
                "playerName": "L. Fitzgerald",
                "playerId": "2506106",
                "points": 9.3
            },
            {
                "teamPosition": "TE",
                "playerPosition": "TE",
                "playerName": "G. Olsen",
                "playerId": "2495700",
                "points": 19.1
            },
            {
                "teamPosition": "W/R",
                "playerPosition": "WR",
                "playerName": "A. Robinson",
                "playerId": "2543509",
                "points": 14.6
            },
            {
                "teamPosition": "K",
                "playerPosition": "K",
                "playerName": "C. Santos",
                "playerId": "2550636",
                "points": 6.0
            },
            {
                "teamPosition": "DEF",
                "playerPosition": "DEF",
                "playerName": "Jets",
                "playerId": "100024",
                "points": 11.0
            }
        ],
        "bench": [
            {
                "teamPosition": "BN",
                "playerPosition": "RB",
                "playerName": "C. Johnson",
                "playerId": "262",
                "points": 4.5
            },
            {
                "teamPosition": "BN",
                "playerPosition": "TE",
                "playerName": "J. Thomas",
                "playerId": "2495353",
                "points": 13.8
            },
            {
                "teamPosition": "BN",
                "playerPosition": "WR",
                "playerName": "R. Matthews",
                "playerId": "2532903",
                "points": 8.5
            },
            {
                "teamPosition": "BN",
                "playerPosition": "WR",
                "playerName": "M. Evans",
                "playerId": "2543468",
                "points": 0.0
            },
            {
                "teamPosition": "BN",
                "playerPosition": "QB",
                "playerName": "B. Bortles",
                "playerId": "2543477",
                "points": 25.94
            },
            {
                "teamPosition": "BN",
                "playerPosition": "RB",
                "playerName": "T. Gurley",
                "playerId": "2552475",
                "points": 0.0
            }
        ]
    },
    "teamLoser": {
        "teamId": "1",
        "points": 107.1,
        "standings": "3-3-0",
        "starters": [
            {
                "teamPosition": "QB",
                "playerPosition": "QB",
                "playerName": "P. Manning",
                "playerId": "2501863",
                "points": 8.6
            },
            {
                "teamPosition": "RB",
                "playerPosition": "RB",
                "playerName": "L. McCoy",
                "playerId": "79607",
                "points": 15.4
            },
            {
                "teamPosition": "RB",
                "playerPosition": "RB",
                "playerName": "L. Bell",
                "playerId": "2540175",
                "points": 8.8
            },
            {
                "teamPosition": "WR",
                "playerPosition": "WR",
                "playerName": "J. Jones",
                "playerId": "2507183",
                "points": 9.0
            },
            {
                "teamPosition": "WR",
                "playerPosition": "WR",
                "playerName": "D. Hopkins",
                "playerId": "2540165",
                "points": 26.8
            },
            {
                "teamPosition": "TE",
                "playerPosition": "TE",
                "playerName": "A. Gates",
                "playerId": "2505299",
                "points": 9.5
            },
            {
                "teamPosition": "W/R",
                "playerPosition": "WR",
                "playerName": "A. Hurns",
                "playerId": "2550353",
                "points": 9.0
            },
            {
                "teamPosition": "K",
                "playerPosition": "K",
                "playerName": "M. Crosby",
                "playerId": "2507232",
                "points": 9.0
            },
            {
                "teamPosition": "DEF",
                "playerPosition": "DEF",
                "playerName": "Packers",
                "playerId": "100011",
                "points": 11.0
            }
        ],
        "bench": [
            {
                "teamPosition": "BN",
                "playerPosition": "WR",
                "playerName": "D. Bryant",
                "playerId": "497278",
                "points": 0.0
            },
            {
                "teamPosition": "BN",
                "playerPosition": "WR",
                "playerName": "S. Smith",
                "playerId": "2504595",
                "points": 19.7
            },
            {
                "teamPosition": "BN",
                "playerPosition": "QB",
                "playerName": "P. Rivers",
                "playerId": "2506121",
                "points": 33.12
            },
            {
                "teamPosition": "BN",
                "playerPosition": "RB",
                "playerName": "A. Ellington",
                "playerId": "2539217",
                "points": 5.4
            },
            {
                "teamPosition": "BN",
                "playerPosition": "WR",
                "playerName": "J. Matthews",
                "playerId": "2543500",
                "points": 3.9
            },
            {
                "teamPosition": "BN",
                "playerPosition": "DEF",
                "playerName": "Rams",
                "playerId": "100017",
                "points": 0.0
            }
        ]
    }
}