{
    "week": 10,
    "teamWinner": {
        "teamId": "1",
        "points": 95.9,
        "standings": "6-4-0",
        "starters": [
            {
                "teamPosition": "QB",
                "playerPosition": "QB",
                "playerName": "M. Ryan",
                "playerId": "310",
                "points": 17.6
            },
            {
                "teamPosition": "RB",
                "playerPosition": "RB",
                "playerName": "D. Freeman",
                "playerId": "2543583",
                "points": 0.3
            },
            {
                "teamPosition": "RB",
                "playerPosition": "RB",
                "playerName": "L. Fournette",
                "playerId": "2557973",
                "points": 4.6
            },
            {
                "teamPosition": "WR",
                "playerPosition": "WR",
                "playerName": "D. Jackson",
                "playerId": "1581",
                "points": 8.2
            },
            {
                "teamPosition": "WR",
                "playerPosition": "WR",
                "playerName": "M. Goodwin",
                "playerId": "2539964",
                "points": 17.1
            },
            {
                "teamPosition": "TE",
                "playerPosition": "TE",
                "playerName": "E. Engram",
                "playerId": "2557858",
                "points": 9.1
            },
            {
                "teamPosition": "R/W/T",
                "playerPosition": "RB",
                "playerName": "J. Mixon",
                "playerId": "2557976",
                "points": 10.0
            },
            {
                "teamPosition": "K",
                "playerPosition": "K",
                "playerName": "G. Zuerlein",
                "playerId": "2534797",
                "points": 16.0
            },
            {
                "teamPosition": "DEF",
                "playerPosition": "DEF",
                "playerName": "Jets",
                "playerId": "100024",
                "points": 6.0
            },
            {
                "teamPosition": "LB",
                "playerPosition": "LB",
                "playerName": "L. Kuechly",
                "playerId": "2533056",
                "points": 7.0
            }
        ],
        "bench": [
            {
                "teamPosition": "BN",
                "playerPosition": "RB",
                "playerName": "L. Blount",
                "playerId": "497149",
                "points": 0.0
            },
            {
                "teamPosition": "BN",
                "playerPosition": "QB",
                "playerName": "A. Smith",
                "playerId": "2506340",
                "points": 0.0
            },
            {
                "teamPosition": "BN",
                "playerPosition": "RB",
                "playerName": "C. Thompson",
                "playerId": "2540011",
                "points": 6.7
            },
            {
                "teamPosition": "BN",
                "playerPosition": "WR",
                "playerName": "D. Adams",
                "playerId": "2543495",
                "points": 15.0
            },
            {
                "teamPosition": "BN",
                "playerPosition": "RB",
                "playerName": "K. Drake",
                "playerId": "2555230",
                "points": 16.2
            },
            {
                "teamPosition": "BN",
                "playerPosition": "DEF",
                "playerName": "Chiefs",
                "playerId": "100016",
                "points": 0.0
            },
            {
                "teamPosition": "BN",
                "playerPosition": "DEF",
                "playerName": "Eagles",
                "playerId": "100025",
                "points": 0.0
            }
        ]
    },
    "teamLoser": {
        "teamId": "2",
        "points": 71.34,
        "standings": "4-6-0",
        "starters": [
            {
                "teamPosition": "QB",
                "playerPosition": "QB",
                "playerName": "D. Prescott",
                "playerId": "2555260",
                "points": 9.24
            },
            {
                "teamPosition": "RB",
                "playerPosition": "RB",
                "playerName": "D. Murray",
                "playerId": "2495207",
                "points": 25.2
            },
            {
                "teamPosition": "RB",
                "playerPosition": "RB",
                "playerName": "T. Cohen",
                "playerId": "2558250",
                "points": 1.1
            },
            {
                "teamPosition": "WR",
                "playerPosition": "WR",
                "playerName": "T. Ginn",
                "playerId": "2507166",
                "points": 0.3
            },
            {
                "teamPosition": "WR",
                "playerPosition": "WR",
                "playerName": "B. Cooks",
                "playerId": "2543498",
                "points": 7.4
            },
            {
                "teamPosition": "TE",
                "playerPosition": "TE",
                "playerName": "J. Witten",
                "playerId": "2505629",
                "points": 5.9
            },
            {
                "teamPosition": "R/W/T",
                "playerPosition": "WR",
                "playerName": "M. Jones",
                "playerId": "2532884",
                "points": 2.2
            },
            {
                "teamPosition": "K",
                "playerPosition": "K",
                "playerName": "G. Gano",
                "playerId": "71309",
                "points": 10.0
            },
            {
                "teamPosition": "DEF",
                "playerPosition": "DEF",
                "playerName": "Jaguars",
                "playerId": "100015",
                "points": 9.0
            },
            {
                "teamPosition": "LB",
                "playerPosition": "LB",
                "playerName": "B. Martinez",
                "playerId": "2555161",
                "points": 1.0
            }
        ],
        "bench": [
            {
                "teamPosition": "BN",
                "playerPosition": "WR",
                "playerName": "C. Hogan",
                "playerId": "2530515",
                "points": 0.0
            },
            {
                "teamPosition": "BN",
                "playerPosition": "WR",
                "playerName": "R. Woods",
                "playerId": "2540169",
                "points": 30.1
            },
            {
                "teamPosition": "BN",
                "playerPosition": "RB",
                "playerName": "D. Johnson",
                "playerId": "2552461",
                "points": 8.8
            },
            {
                "teamPosition": "BN",
                "playerPosition": "WR",
                "playerName": "N. Agholor",
                "playerId": "2552600",
                "points": 0.0
            },
            {
                "teamPosition": "BN",
                "playerPosition": "RB",
                "playerName": "J. Allen",
                "playerId": "2552631",
                "points": 0.0
            },
            {
                "teamPosition": "BN",
                "playerPosition": "RB",
                "playerName": "R. Kelley",
                "playerId": "2556414",
                "points": 1.4
            },
            {
                "teamPosition": "BN",
                "playerPosition": "DEF",
                "playerName": "Bills",
                "playerId": "100003",
                "points": 0.0
            }
        ]
    }
}