{
    "week": 10,
    "teamWinner": {
        "teamId": "6",
        "points": 134.72,
        "standings": "6-4-0",
        "starters": [
            {
                "teamPosition": "QB",
                "playerPosition": "QB",
                "playerName": "R. Wilson",
                "playerId": "2532975",
                "points": 22.42
            },
            {
                "teamPosition": "RB",
                "playerPosition": "RB",
                "playerName": "M. Ingram",
                "playerId": "2495466",
                "points": 31.1
            },
            {
                "teamPosition": "RB",
                "playerPosition": "RB",
                "playerName": "T. Gurley",
                "playerId": "2552475",
                "points": 13.6
            },
            {
                "teamPosition": "WR",
                "playerPosition": "WR",
                "playerName": "A. Brown",
                "playerId": "2508061",
                "points": 4.7
            },
            {
                "teamPosition": "WR",
                "playerPosition": "WR",
                "playerName": "A. Thielen",
                "playerId": "2541785",
                "points": 22.6
            },
            {
                "teamPosition": "TE",
                "playerPosition": "TE",
                "playerName": "D. Walker",
                "playerId": "2495966",
                "points": 6.3
            },
            {
                "teamPosition": "R/W/T",
                "playerPosition": "RB",
                "playerName": "C. McCaffrey",
                "playerId": "2557997",
                "points": 17.0
            },
            {
                "teamPosition": "K",
                "playerPosition": "K",
                "playerName": "J. Tucker",
                "playerId": "2536340",
                "points": 0.0
            },
            {
                "teamPosition": "DEF",
                "playerPosition": "DEF",
                "playerName": "Patriots",
                "playerId": "100021",
                "points": 15.0
            },
            {
                "teamPosition": "LB",
                "playerPosition": "LB",
                "playerName": "P. Posluszny",
                "playerId": "2495712",
                "points": 2.0
            }
        ],
        "bench": [
            {
                "teamPosition": "BN",
                "playerPosition": "WR",
                "playerName": "J. Maclin",
                "playerId": "80429",
                "points": 0.0
            },
            {
                "teamPosition": "BN",
                "playerPosition": "QB",
                "playerName": "K. Cousins",
                "playerId": "2532820",
                "points": 28.58
            },
            {
                "teamPosition": "BN",
                "playerPosition": "WR",
                "playerName": "C. Beasley",
                "playerId": "2535698",
                "points": 2.3
            },
            {
                "teamPosition": "BN",
                "playerPosition": "RB",
                "playerName": "T. Riddick",
                "playerId": "2540020",
                "points": 10.7
            },
            {
                "teamPosition": "BN",
                "playerPosition": "WR",
                "playerName": "M. Bryant",
                "playerId": "2543572",
                "points": 6.3
            },
            {
                "teamPosition": "BN",
                "playerPosition": "QB",
                "playerName": "J. Winston",
                "playerId": "2552033",
                "points": 0.0
            },
            {
                "teamPosition": "BN",
                "playerPosition": "TE",
                "playerName": "H. Henry",
                "playerId": "2555341",
                "points": 0.7
            }
        ]
    },
    "teamLoser": {
        "teamId": "7",
        "points": 93.86,
        "standings": "4-6-0",
        "starters": [
            {
                "teamPosition": "QB",
                "playerPosition": "QB",
                "playerName": "C. Newton",
                "playerId": "2495455",
                "points": 43.66
            },
            {
                "teamPosition": "RB",
                "playerPosition": "RB",
                "playerName": "M. Gillislee",
                "playerId": "2539663",
                "points": 0.0
            },
            {
                "teamPosition": "RB",
                "playerPosition": "RB",
                "playerName": "D. Cook",
                "playerId": "2557991",
                "points": 0.0
            },
            {
                "teamPosition": "WR",
                "playerPosition": "WR",
                "playerName": "J. Nelson",
                "playerId": "1032",
                "points": 2.0
            },
            {
                "teamPosition": "WR",
                "playerPosition": "WR",
                "playerName": "O. Beckham",
                "playerId": "2543496",
                "points": 0.0
            },
            {
                "teamPosition": "TE",
                "playerPosition": "TE",
                "playerName": "R. Gronkowski",
                "playerId": "497240",
                "points": 7.4
            },
            {
                "teamPosition": "R/W/T",
                "playerPosition": "RB",
                "playerName": "T. Montgomery",
                "playerId": "2552429",
                "points": 12.8
            },
            {
                "teamPosition": "K",
                "playerPosition": "K",
                "playerName": "S. Hauschka",
                "playerId": "2507374",
                "points": 4.0
            },
            {
                "teamPosition": "DEF",
                "playerPosition": "DEF",
                "playerName": "Rams",
                "playerId": "100017",
                "points": 24.0
            },
            {
                "teamPosition": "LB",
                "playerPosition": "LB",
                "playerName": "D. Johnson",
                "playerId": "2506353",
                "points": 0.0
            }
        ],
        "bench": [
            {
                "teamPosition": "BN",
                "playerPosition": "WR",
                "playerName": "G. Tate",
                "playerId": "497326",
                "points": 15.7
            },
            {
                "teamPosition": "BN",
                "playerPosition": "RB",
                "playerName": "B. Powell",
                "playerId": "2495328",
                "points": -0.4
            },
            {
                "teamPosition": "BN",
                "playerPosition": "RB",
                "playerName": "J. Rodgers",
                "playerId": "2495471",
                "points": 1.2
            },
            {
                "teamPosition": "BN",
                "playerPosition": "QB",
                "playerName": "P. Rivers",
                "playerId": "2506121",
                "points": 20.3
            },
            {
                "teamPosition": "BN",
                "playerPosition": "RB",
                "playerName": "K. Williams",
                "playerId": "2539980",
                "points": 0.0
            },
            {
                "teamPosition": "BN",
                "playerPosition": "WR",
                "playerName": "K. Allen",
                "playerId": "2540154",
                "points": 5.4
            },
            {
                "teamPosition": "BN",
                "playerPosition": "RB",
                "playerName": "A. Abdullah",
                "playerId": "2552374",
                "points": 11.5
            }
        ]
    }
}