{
    "week": 10,
    "teamWinner": {
        "teamId": "8",
        "points": 103.74,
        "standings": "4-6-0",
        "starters": [
            {
                "teamPosition": "QB",
                "playerPosition": "QB",
                "playerName": "B. Roethlisberger",
                "playerId": "2506109",
                "points": 21.94
            },
            {
                "teamPosition": "RB",
                "playerPosition": "RB",
                "playerName": "O. Darkwa",
                "playerId": "2550481",
                "points": 10.8
            },
            {
                "teamPosition": "RB",
                "playerPosition": "RB",
                "playerName": "M. Gordon",
                "playerId": "2552469",
                "points": 4.2
            },
            {
                "teamPosition": "WR",
                "playerPosition": "WR",
                "playerName": "D. Hopkins",
                "playerId": "2540165",
                "points": 11.1
            },
            {
                "teamPosition": "WR",
                "playerPosition": "WR",
                "playerName": "S. Diggs",
                "playerId": "2552608",
                "points": 13.8
            },
            {
                "teamPosition": "TE",
                "playerPosition": "TE",
                "playerName": "J. Thomas",
                "playerId": "2495353",
                "points": 6.8
            },
            {
                "teamPosition": "R/W/T",
                "playerPosition": "WR",
                "playerName": "S. Watkins",
                "playerId": "2543457",
                "points": 10.1
            },
            {
                "teamPosition": "K",
                "playerPosition": "K",
                "playerName": "R. Succop",
                "playerId": "89802",
                "points": 7.0
            },
            {
                "teamPosition": "DEF",
                "playerPosition": "DEF",
                "playerName": "Lions",
                "playerId": "100010",
                "points": 18.0
            },
            {
                "teamPosition": "LB",
                "playerPosition": "LB",
                "playerName": "J. Houston",
                "playerId": "2495493",
                "points": 0.0
            }
        ],
        "bench": [
            {
                "teamPosition": "BN",
                "playerPosition": "RB",
                "playerName": "J. Charles",
                "playerId": "925",
                "points": 3.8
            },
            {
                "teamPosition": "BN",
                "playerPosition": "WR",
                "playerName": "M. Sanu",
                "playerId": "2533040",
                "points": 3.9
            },
            {
                "teamPosition": "BN",
                "playerPosition": "TE",
                "playerName": "E. Ebron",
                "playerId": "2543466",
                "points": 9.9
            },
            {
                "teamPosition": "BN",
                "playerPosition": "WR",
                "playerName": "M. Evans",
                "playerId": "2543468",
                "points": 0.0
            },
            {
                "teamPosition": "BN",
                "playerPosition": "QB",
                "playerName": "D. Carr",
                "playerId": "2543499",
                "points": 0.0
            },
            {
                "teamPosition": "BN",
                "playerPosition": "RB",
                "playerName": "D. Henry",
                "playerId": "2556075",
                "points": 5.2
            },
            {
                "teamPosition": "BN",
                "playerPosition": "DEF",
                "playerName": "Giants",
                "playerId": "100023",
                "points": 7.0
            }
        ]
    },
    "teamLoser": {
        "teamId": "5",
        "points": 92.98,
        "standings": "4-6-0",
        "starters": [
            {
                "teamPosition": "QB",
                "playerPosition": "QB",
                "playerName": "J. McCown",
                "playerId": "2505076",
                "points": 14.48
            },
            {
                "teamPosition": "RB",
                "playerPosition": "RB",
                "playerName": "D. Martin",
                "playerId": "2532899",
                "points": 5.1
            },
            {
                "teamPosition": "RB",
                "playerPosition": "RB",
                "playerName": "A. Kamara",
                "playerId": "2558019",
                "points": 19.8
            },
            {
                "teamPosition": "WR",
                "playerPosition": "WR",
                "playerName": "A. Green",
                "playerId": "2495450",
                "points": 18.5
            },
            {
                "teamPosition": "WR",
                "playerPosition": "WR",
                "playerName": "J. Jones",
                "playerId": "2495454",
                "points": 5.7
            },
            {
                "teamPosition": "TE",
                "playerPosition": "TE",
                "playerName": "T. Kroft",
                "playerId": "2552586",
                "points": 0.4
            },
            {
                "teamPosition": "R/W/T",
                "playerPosition": "RB",
                "playerName": "M. Forte",
                "playerId": "234",
                "points": 0.0
            },
            {
                "teamPosition": "K",
                "playerPosition": "K",
                "playerName": "K. Forbath",
                "playerId": "2495150",
                "points": 10.0
            },
            {
                "teamPosition": "DEF",
                "playerPosition": "DEF",
                "playerName": "Seahawks",
                "playerId": "100030",
                "points": 10.0
            },
            {
                "teamPosition": "LB",
                "playerPosition": "LB",
                "playerName": "R. Shazier",
                "playerId": "2543486",
                "points": 9.0
            }
        ],
        "bench": [
            {
                "teamPosition": "BN",
                "playerPosition": "TE",
                "playerName": "J. Cook",
                "playerId": "71265",
                "points": 0.0
            },
            {
                "teamPosition": "BN",
                "playerPosition": "QB",
                "playerName": "T. Taylor",
                "playerId": "2495240",
                "points": 1.94
            },
            {
                "teamPosition": "BN",
                "playerPosition": "RB",
                "playerName": "M. Lynch",
                "playerId": "2495663",
                "points": 0.0
            },
            {
                "teamPosition": "BN",
                "playerPosition": "WR",
                "playerName": "K. Benjamin",
                "playerId": "2543471",
                "points": 4.2
            },
            {
                "teamPosition": "BN",
                "playerPosition": "RB",
                "playerName": "A. Collins",
                "playerId": "2555430",
                "points": 0.0
            },
            {
                "teamPosition": "BN",
                "playerPosition": "K",
                "playerName": "J. Elliott",
                "playerId": "2558172",
                "points": 0.0
            },
            {
                "teamPosition": "BN",
                "playerPosition": "LB",
                "playerName": "T. Smith",
                "playerId": "2543711",
                "points": 6.0
            }
        ]
    }
}