{
    "week": 8,
    "teamWinner": {
        "teamId": "8",
        "points": 132.24,
        "standings": "4-4-0",
        "starters": [
            {
                "teamPosition": "QB",
                "playerPosition": "QB",
                "playerName": "T. Brady",
                "playerId": "2504211",
                "points": 38.34
            },
            {
                "teamPosition": "RB",
                "playerPosition": "RB",
                "playerName": "R. Jennings",
                "playerId": "71345",
                "points": 8.5
            },
            {
                "teamPosition": "RB",
                "playerPosition": "RB",
                "playerName": "F. Gore",
                "playerId": "2506404",
                "points": 9.2
            },
            {
                "teamPosition": "WR",
                "playerPosition": "WR",
                "playerName": "A. Green",
                "playerId": "2495450",
                "points": 17.8
            },
            {
                "teamPosition": "WR",
                "playerPosition": "WR",
                "playerName": "A. Brown",
                "playerId": "2508061",
                "points": 10.7
            },
            {
                "teamPosition": "TE",
                "playerPosition": "TE",
                "playerName": "J. Witten",
                "playerId": "2505629",
                "points": 1.6
            },
            {
                "teamPosition": "W/R",
                "playerPosition": "WR",
                "playerName": "J. Edelman",
                "playerId": "238498",
                "points": 20.1
            },
            {
                "teamPosition": "K",
                "playerPosition": "K",
                "playerName": "A. Vinatieri",
                "playerId": "2503471",
                "points": 20.0
            },
            {
                "teamPosition": "DEF",
                "playerPosition": "DEF",
                "playerName": "Seahawks",
                "playerId": "100030",
                "points": 6.0
            }
        ],
        "bench": [
            {
                "teamPosition": "BN",
                "playerPosition": "WR",
                "playerName": "D. Amendola",
                "playerId": "2649",
                "points": 1.1
            },
            {
                "teamPosition": "BN",
                "playerPosition": "RB",
                "playerName": "J. Starks",
                "playerId": "497206",
                "points": 1.8
            },
            {
                "teamPosition": "BN",
                "playerPosition": "RB",
                "playerName": "S. Vereen",
                "playerId": "2495473",
                "points": 12.3
            },
            {
                "teamPosition": "BN",
                "playerPosition": "QB",
                "playerName": "E. Manning",
                "playerId": "2505996",
                "points": 50.0
            },
            {
                "teamPosition": "BN",
                "playerPosition": "WR",
                "playerName": "J. Kearse",
                "playerId": "2532887",
                "points": 0.0
            },
            {
                "teamPosition": "BN",
                "playerPosition": "DEF",
                "playerName": "Texans",
                "playerId": "100013",
                "points": 33.0
            }
        ]
    },
    "teamLoser": {
        "teamId": "3",
        "points": 94.04,
        "standings": "2-6-0",
        "starters": [
            {
                "teamPosition": "QB",
                "playerPosition": "QB",
                "playerName": "A. Luck",
                "playerId": "2533031",
                "points": 15.74
            },
            {
                "teamPosition": "RB",
                "playerPosition": "RB",
                "playerName": "M. Ingram",
                "playerId": "2495466",
                "points": 11.9
            },
            {
                "teamPosition": "RB",
                "playerPosition": "RB",
                "playerName": "C. West",
                "playerId": "2550268",
                "points": 18.2
            },
            {
                "teamPosition": "WR",
                "playerPosition": "WR",
                "playerName": "E. Decker",
                "playerId": "497284",
                "points": 12.0
            },
            {
                "teamPosition": "WR",
                "playerPosition": "WR",
                "playerName": "T. Hilton",
                "playerId": "2532865",
                "points": 1.5
            },
            {
                "teamPosition": "TE",
                "playerPosition": "TE",
                "playerName": "M. Bennett",
                "playerId": "1062",
                "points": 3.2
            },
            {
                "teamPosition": "W/R",
                "playerPosition": "WR",
                "playerName": "S. Diggs",
                "playerId": "2552608",
                "points": 15.5
            },
            {
                "teamPosition": "K",
                "playerPosition": "K",
                "playerName": "J. Brown",
                "playerId": "2505459",
                "points": 7.0
            },
            {
                "teamPosition": "DEF",
                "playerPosition": "DEF",
                "playerName": "Vikings",
                "playerId": "100020",
                "points": 9.0
            }
        ],
        "bench": [
            {
                "teamPosition": "BN",
                "playerPosition": "RB",
                "playerName": "A. Foster",
                "playerId": "79555",
                "points": 0.0
            },
            {
                "teamPosition": "BN",
                "playerPosition": "WR",
                "playerName": "E. Sanders",
                "playerId": "497322",
                "points": 2.2
            },
            {
                "teamPosition": "BN",
                "playerPosition": "QB",
                "playerName": "T. Taylor",
                "playerId": "2495240",
                "points": 0.0
            },
            {
                "teamPosition": "BN",
                "playerPosition": "QB",
                "playerName": "R. Tannehill",
                "playerId": "2532956",
                "points": 5.9
            },
            {
                "teamPosition": "BN",
                "playerPosition": "TE",
                "playerName": "E. Ebron",
                "playerId": "2543466",
                "points": 2.4
            },
            {
                "teamPosition": "BN",
                "playerPosition": "RB",
                "playerName": "T. Yeldon",
                "playerId": "2552471",
                "points": 0.0
            }
        ]
    }
}