{
    "week": 1,
    "teamWinner": {
        "teamId": "3",
        "points": 158.48,
        "standings": "1-0-0",
        "starters": [
            {
                "teamPosition": "QB",
                "playerPosition": "QB",
                "playerName": "P. Mahomes",
                "playerId": "2558125",
                "points": 38.38
            },
            {
                "teamPosition": "RB",
                "playerPosition": "RB",
                "playerName": "M. Davis",
                "playerId": "2553439",
                "points": 8.7
            },
            {
                "teamPosition": "RB",
                "playerPosition": "RB",
                "playerName": "D. Cook",
                "playerId": "2557991",
                "points": 15.4
            },
            {
                "teamPosition": "WR",
                "playerPosition": "WR",
                "playerName": "C. Kupp",
                "playerId": "2557898",
                "points": 21.3
            },
            {
                "teamPosition": "WR",
                "playerPosition": "WR",
                "playerName": "A. Brown",
                "playerId": "2562238",
                "points": 15.9
            },
            {
                "teamPosition": "TE",
                "playerPosition": "TE",
                "playerName": "N. Fant",
                "playerId": "2562383",
                "points": 9.2
            },
            {
                "teamPosition": "R/W/T",
                "playerPosition": "WR",
                "playerName": "D. Chark",
                "playerId": "2561018",
                "points": 16.1
            },
            {
                "teamPosition": "K",
                "playerPosition": "K",
                "playerName": "R. Blankenship",
                "playerId": "2564106",
                "points": 2.0
            },
            {
                "teamPosition": "DEF",
                "playerPosition": "DEF",
                "playerName": "Broncos",
                "playerId": "100009",
                "points": 13.0
            },
            {
                "teamPosition": "DL",
                "playerPosition": "DL",
                "playerName": "D. Hunter",
                "playerId": "2552603",
                "points": 6.5
            },
            {
                "teamPosition": "LB",
                "playerPosition": "LB",
                "playerName": "T. Edmunds",
                "playerId": "2560713",
                "points": 4.5
            },
            {
                "teamPosition": "DB",
                "playerPosition": "DB",
                "playerName": "J. Poyer",
                "playerId": "2539290",
                "points": 7.5
            }
        ],
        "bench": [
            {
                "teamPosition": "BN",
                "playerPosition": "WR",
                "playerName": "A. Green",
                "playerId": "2495450",
                "points": 3.5
            },
            {
                "teamPosition": "BN",
                "playerPosition": "RB",
                "playerName": "L. Bell",
                "playerId": "2540175",
                "points": 0.0
            },
            {
                "teamPosition": "BN",
                "playerPosition": "TE",
                "playerName": "H. Henry",
                "playerId": "2555341",
                "points": 4.6
            },
            {
                "teamPosition": "BN",
                "playerPosition": "RB",
                "playerName": "J. Williams",
                "playerId": "2558204",
                "points": 21.0
            },
            {
                "teamPosition": "BN",
                "playerPosition": "RB",
                "playerName": "Z. Moss",
                "playerId": "2563617",
                "points": 0.0
            },
            {
                "teamPosition": "BN",
                "playerPosition": "WR",
                "playerName": "M. Callaway",
                "playerId": "2565310",
                "points": 1.9
            },
            {
                "teamPosition": "BN",
                "playerPosition": "RB",
                "playerName": "M. Carter",
                "playerId": "2566382",
                "points": 2.5
            },
            {
                "teamPosition": "RES",
                "playerPosition": "WR",
                "playerName": "R. Bateman",
                "playerId": "2565836",
                "points": 0.0
            }
        ]
    },
    "teamLoser": {
        "teamId": "14",
        "points": 125.54,
        "standings": "0-1-0",
        "starters": [
            {
                "teamPosition": "QB",
                "playerPosition": "QB",
                "playerName": "K. Cousins",
                "playerId": "2532820",
                "points": 24.74
            },
            {
                "teamPosition": "RB",
                "playerPosition": "RB",
                "playerName": "M. Gaskin",
                "playerId": "2562270",
                "points": 10.1
            },
            {
                "teamPosition": "RB",
                "playerPosition": "RB",
                "playerName": "D. Harris",
                "playerId": "2562281",
                "points": 8.7
            },
            {
                "teamPosition": "WR",
                "playerPosition": "WR",
                "playerName": "D. Hopkins",
                "playerId": "2540165",
                "points": 23.3
            },
            {
                "teamPosition": "WR",
                "playerPosition": "WR",
                "playerName": "T. McLaurin",
                "playerId": "2562489",
                "points": 8.2
            },
            {
                "teamPosition": "TE",
                "playerPosition": "TE",
                "playerName": "T. Kelce",
                "playerId": "2540258",
                "points": 22.6
            },
            {
                "teamPosition": "R/W/T",
                "playerPosition": "RB",
                "playerName": "R. Jones",
                "playerId": "2560770",
                "points": -2.6
            },
            {
                "teamPosition": "K",
                "playerPosition": "K",
                "playerName": "G. Gano",
                "playerId": "71309",
                "points": 1.0
            },
            {
                "teamPosition": "DEF",
                "playerPosition": "DEF",
                "playerName": "Browns",
                "playerId": "100007",
                "points": 3.0
            },
            {
                "teamPosition": "DL",
                "playerPosition": "DL",
                "playerName": "D. Buckner",
                "playerId": "2555275",
                "points": 7.5
            },
            {
                "teamPosition": "LB",
                "playerPosition": "LB",
                "playerName": "J. Baker",
                "playerId": "2560966",
                "points": 10.5
            },
            {
                "teamPosition": "DB",
                "playerPosition": "DB",
                "playerName": "M. Humphrey",
                "playerId": "2558067",
                "points": 8.5
            }
        ],
        "bench": [
            {
                "teamPosition": "BN",
                "playerPosition": "RB",
                "playerName": "D. Freeman",
                "playerId": "2543583",
                "points": 0.0
            },
            {
                "teamPosition": "BN",
                "playerPosition": "WR",
                "playerName": "N. Agholor",
                "playerId": "2552600",
                "points": 15.7
            },
            {
                "teamPosition": "BN",
                "playerPosition": "RB",
                "playerName": "J. McKissic",
                "playerId": "2556440",
                "points": 0.8
            },
            {
                "teamPosition": "BN",
                "playerPosition": "WR",
                "playerName": "C. Davis",
                "playerId": "2557848",
                "points": 24.2
            },
            {
                "teamPosition": "BN",
                "playerPosition": "QB",
                "playerName": "J. Fields",
                "playerId": "2565920",
                "points": 6.7
            },
            {
                "teamPosition": "RES",
                "playerPosition": "WR",
                "playerName": "T. Smith",
                "playerId": "2560878",
                "points": 0.0
            }
        ]
    }
}