{
    "week": 1,
    "teamWinner": {
        "teamId": "10",
        "points": 137.36,
        "standings": "1-0-0",
        "starters": [
            {
                "teamPosition": "QB",
                "playerPosition": "QB",
                "playerName": "J. Hurts",
                "playerId": "2564832",
                "points": 36.96
            },
            {
                "teamPosition": "RB",
                "playerPosition": "RB",
                "playerName": "C. Edmonds",
                "playerId": "2560711",
                "points": 13.1
            },
            {
                "teamPosition": "RB",
                "playerPosition": "RB",
                "playerName": "A. Gibson",
                "playerId": "2565276",
                "points": 7.3
            },
            {
                "teamPosition": "WR",
                "playerPosition": "WR",
                "playerName": "S. Diggs",
                "playerId": "2552608",
                "points": 11.4
            },
            {
                "teamPosition": "WR",
                "playerPosition": "WR",
                "playerName": "M. Brown",
                "playerId": "2562379",
                "points": 16.4
            },
            {
                "teamPosition": "TE",
                "playerPosition": "TE",
                "playerName": "M. Andrews",
                "playerId": "2560957",
                "points": 3.5
            },
            {
                "teamPosition": "R/W/T",
                "playerPosition": "RB",
                "playerName": "D. Henderson",
                "playerId": "2562574",
                "points": 15.2
            },
            {
                "teamPosition": "K",
                "playerPosition": "K",
                "playerName": "J. Tucker",
                "playerId": "2536340",
                "points": 9.0
            },
            {
                "teamPosition": "DEF",
                "playerPosition": "DEF",
                "playerName": "Colts",
                "playerId": "100014",
                "points": 9.0
            },
            {
                "teamPosition": "DL",
                "playerPosition": "DL",
                "playerName": "D. Lawrence",
                "playerId": "2543490",
                "points": 6.5
            },
            {
                "teamPosition": "LB",
                "playerPosition": "LB",
                "playerName": "J. Smith",
                "playerId": "2555310",
                "points": 3.0
            },
            {
                "teamPosition": "DB",
                "playerPosition": "DB",
                "playerName": "J. Simmons",
                "playerId": "2555550",
                "points": 6.0
            }
        ],
        "bench": [
            {
                "teamPosition": "BN",
                "playerPosition": "RB",
                "playerName": "M. Ingram",
                "playerId": "2495466",
                "points": 14.5
            },
            {
                "teamPosition": "BN",
                "playerPosition": "RB",
                "playerName": "L. Murray",
                "playerId": "2541161",
                "points": 8.8
            },
            {
                "teamPosition": "BN",
                "playerPosition": "WR",
                "playerName": "R. Anderson",
                "playerId": "2556462",
                "points": 13.2
            },
            {
                "teamPosition": "BN",
                "playerPosition": "RB",
                "playerName": "W. Gallman",
                "playerId": "2557952",
                "points": 0.0
            },
            {
                "teamPosition": "BN",
                "playerPosition": "TE",
                "playerName": "B. Jarwin",
                "playerId": "2559193",
                "points": 3.5
            },
            {
                "teamPosition": "BN",
                "playerPosition": "WR",
                "playerName": "P. Campbell",
                "playerId": "2562495",
                "points": 2.9
            },
            {
                "teamPosition": "BN",
                "playerPosition": "WR",
                "playerName": "H. Ruggs",
                "playerId": "2564433",
                "points": 5.6
            }
        ]
    },
    "teamLoser": {
        "teamId": "7",
        "points": 135.76,
        "standings": "0-1-0",
        "starters": [
            {
                "teamPosition": "QB",
                "playerPosition": "QB",
                "playerName": "K. Murray",
                "playerId": "2562382",
                "points": 41.46
            },
            {
                "teamPosition": "RB",
                "playerPosition": "RB",
                "playerName": "C. McCaffrey",
                "playerId": "2557997",
                "points": 23.2
            },
            {
                "teamPosition": "RB",
                "playerPosition": "RB",
                "playerName": "C. Carson",
                "playerId": "2558865",
                "points": 9.2
            },
            {
                "teamPosition": "WR",
                "playerPosition": "WR",
                "playerName": "A. Robinson",
                "playerId": "2543509",
                "points": 6.5
            },
            {
                "teamPosition": "WR",
                "playerPosition": "WR",
                "playerName": "B. Aiyuk",
                "playerId": "2565093",
                "points": 0.0
            },
            {
                "teamPosition": "TE",
                "playerPosition": "TE",
                "playerName": "A. Hooper",
                "playerId": "2555415",
                "points": 4.2
            },
            {
                "teamPosition": "R/W/T",
                "playerPosition": "WR",
                "playerName": "A. Brown",
                "playerId": "2508061",
                "points": 21.2
            },
            {
                "teamPosition": "K",
                "playerPosition": "K",
                "playerName": "R. Succop",
                "playerId": "89802",
                "points": 6.0
            },
            {
                "teamPosition": "DEF",
                "playerPosition": "DEF",
                "playerName": "Patriots",
                "playerId": "100021",
                "points": 9.0
            },
            {
                "teamPosition": "DL",
                "playerPosition": "DL",
                "playerName": "N. Bosa",
                "playerId": "2562629",
                "points": 6.0
            },
            {
                "teamPosition": "LB",
                "playerPosition": "LB",
                "playerName": "Z. Cunningham",
                "playerId": "2558094",
                "points": 6.0
            },
            {
                "teamPosition": "DB",
                "playerPosition": "DB",
                "playerName": "J. Peppers",
                "playerId": "2557980",
                "points": 3.0
            }
        ],
        "bench": [
            {
                "teamPosition": "BN",
                "playerPosition": "RB",
                "playerName": "T. Johnson",
                "playerId": "2562293",
                "points": 3.6
            },
            {
                "teamPosition": "BN",
                "playerPosition": "WR",
                "playerName": "D. Mooney",
                "playerId": "2563707",
                "points": 5.1
            },
            {
                "teamPosition": "BN",
                "playerPosition": "WR",
                "playerName": "B. Edwards",
                "playerId": "2564418",
                "points": 10.1
            },
            {
                "teamPosition": "BN",
                "playerPosition": "WR",
                "playerName": "J. Waddle",
                "playerId": "2566292",
                "points": 14.1
            },
            {
                "teamPosition": "BN",
                "playerPosition": "WR",
                "playerName": "R. Moore",
                "playerId": "2566433",
                "points": 8.8
            },
            {
                "teamPosition": "BN",
                "playerPosition": "QB",
                "playerName": "T. Lance",
                "playerId": "2566532",
                "points": 6.4
            },
            {
                "teamPosition": "BN",
                "playerPosition": "RB",
                "playerName": "T. Sermon",
                "playerId": "2566544",
                "points": 0.0
            }
        ]
    }
}