{
    "week": 3,
    "teamWinner": {
        "teamId": "3",
        "points": 126.92,
        "standings": "2-1-0",
        "starters": [
            {
                "teamPosition": "QB",
                "playerPosition": "QB",
                "playerName": "T. Brady",
                "playerId": "2504211",
                "points": 41.72
            },
            {
                "teamPosition": "RB",
                "playerPosition": "RB",
                "playerName": "L. Bell",
                "playerId": "2540175",
                "points": 15.8
            },
            {
                "teamPosition": "RB",
                "playerPosition": "RB",
                "playerName": "C. Hyde",
                "playerId": "2543743",
                "points": 21.4
            },
            {
                "teamPosition": "WR",
                "playerPosition": "WR",
                "playerName": "M. Crabtree",
                "playerId": "71269",
                "points": 0.7
            },
            {
                "teamPosition": "WR",
                "playerPosition": "WR",
                "playerName": "D. Bryant",
                "playerId": "497278",
                "points": 7.2
            },
            {
                "teamPosition": "TE",
                "playerPosition": "TE",
                "playerName": "Z. Ertz",
                "playerId": "2540158",
                "points": 8.5
            },
            {
                "teamPosition": "R/W/T",
                "playerPosition": "WR",
                "playerName": "A. Jeffery",
                "playerId": "2533039",
                "points": 5.6
            },
            {
                "teamPosition": "K",
                "playerPosition": "K",
                "playerName": "M. Prater",
                "playerId": "2506677",
                "points": 19.0
            },
            {
                "teamPosition": "DEF",
                "playerPosition": "DEF",
                "playerName": "Cowboys",
                "playerId": "100008",
                "points": 7.0
            },
            {
                "teamPosition": "LB",
                "playerPosition": null,
                "playerName": null,
                "playerId": null,
                "points": null
            }
        ],
        "bench": [
            {
                "teamPosition": "BN",
                "playerPosition": "WR",
                "playerName": "D. Baldwin",
                "playerId": "2530747",
                "points": 16.5
            },
            {
                "teamPosition": "BN",
                "playerPosition": "WR",
                "playerName": "J. Kearse",
                "playerId": "2532887",
                "points": 4.2
            },
            {
                "teamPosition": "BN",
                "playerPosition": "RB",
                "playerName": "T. West",
                "playerId": "2543664",
                "points": -1.4
            },
            {
                "teamPosition": "BN",
                "playerPosition": "WR",
                "playerName": "D. Parker",
                "playerId": "2552409",
                "points": 13.6
            },
            {
                "teamPosition": "BN",
                "playerPosition": "WR",
                "playerName": "R. Higgins",
                "playerId": "2555468",
                "points": 1.0
            },
            {
                "teamPosition": "BN",
                "playerPosition": "DEF",
                "playerName": "Texans",
                "playerId": "100013",
                "points": 11.0
            }
        ]
    },
    "teamLoser": {
        "teamId": "5",
        "points": 93.16,
        "standings": "0-3-0",
        "starters": [
            {
                "teamPosition": "QB",
                "playerPosition": "QB",
                "playerName": "T. Siemian",
                "playerId": "2553457",
                "points": 4.56
            },
            {
                "teamPosition": "RB",
                "playerPosition": "RB",
                "playerName": "M. Lynch",
                "playerId": "2495663",
                "points": 2.6
            },
            {
                "teamPosition": "RB",
                "playerPosition": "RB",
                "playerName": "C. Anderson",
                "playerId": "2540269",
                "points": 4.3
            },
            {
                "teamPosition": "WR",
                "playerPosition": "WR",
                "playerName": "A. Green",
                "playerId": "2495450",
                "points": 17.1
            },
            {
                "teamPosition": "WR",
                "playerPosition": "WR",
                "playerName": "J. Jones",
                "playerId": "2495454",
                "points": 9.1
            },
            {
                "teamPosition": "TE",
                "playerPosition": "TE",
                "playerName": "J. Cook",
                "playerId": "71265",
                "points": 10.3
            },
            {
                "teamPosition": "R/W/T",
                "playerPosition": "RB",
                "playerName": "C. Carson",
                "playerId": "2558865",
                "points": 11.2
            },
            {
                "teamPosition": "K",
                "playerPosition": "K",
                "playerName": "M. Bryant",
                "playerId": "2504797",
                "points": 14.0
            },
            {
                "teamPosition": "DEF",
                "playerPosition": "DEF",
                "playerName": "Seahawks",
                "playerId": "100030",
                "points": -1.0
            },
            {
                "teamPosition": "LB",
                "playerPosition": "LB",
                "playerName": "R. Shazier",
                "playerId": "2543486",
                "points": 21.0
            }
        ],
        "bench": [
            {
                "teamPosition": "BN",
                "playerPosition": "QB",
                "playerName": "E. Manning",
                "playerId": "2505996",
                "points": 26.64
            },
            {
                "teamPosition": "BN",
                "playerPosition": "RB",
                "playerName": "D. Martin",
                "playerId": "2532899",
                "points": 0.0
            },
            {
                "teamPosition": "BN",
                "playerPosition": "QB",
                "playerName": "A. Luck",
                "playerId": "2533031",
                "points": 0.0
            },
            {
                "teamPosition": "BN",
                "playerPosition": "TE",
                "playerName": "T. Eifert",
                "playerId": "2540148",
                "points": 0.0
            },
            {
                "teamPosition": "BN",
                "playerPosition": "WR",
                "playerName": "K. Benjamin",
                "playerId": "2543471",
                "points": 0.8
            },
            {
                "teamPosition": "BN",
                "playerPosition": "K",
                "playerName": "G. Tavecchio",
                "playerId": "2535686",
                "points": 3.0
            },
            {
                "teamPosition": "BN",
                "playerPosition": "DEF",
                "playerName": "Dolphins",
                "playerId": "100019",
                "points": 7.0
            }
        ]
    }
}