{
    "week": 3,
    "teamWinner": {
        "teamId": "8",
        "points": 89.02,
        "standings": "2-1-0",
        "starters": [
            {
                "teamPosition": "QB",
                "playerPosition": "QB",
                "playerName": "D. Carr",
                "playerId": "2543499",
                "points": 5.22
            },
            {
                "teamPosition": "RB",
                "playerPosition": "RB",
                "playerName": "M. Gordon",
                "playerId": "2552469",
                "points": 13.9
            },
            {
                "teamPosition": "RB",
                "playerPosition": "RB",
                "playerName": "D. Henry",
                "playerId": "2556075",
                "points": 6.4
            },
            {
                "teamPosition": "WR",
                "playerPosition": "WR",
                "playerName": "D. Hopkins",
                "playerId": "2540165",
                "points": 8.6
            },
            {
                "teamPosition": "WR",
                "playerPosition": "WR",
                "playerName": "S. Diggs",
                "playerId": "2552608",
                "points": 30.3
            },
            {
                "teamPosition": "TE",
                "playerPosition": "TE",
                "playerName": "E. Ebron",
                "playerId": "2543466",
                "points": 0.9
            },
            {
                "teamPosition": "R/W/T",
                "playerPosition": "WR",
                "playerName": "M. Evans",
                "playerId": "2543468",
                "points": 6.7
            },
            {
                "teamPosition": "K",
                "playerPosition": "K",
                "playerName": "A. Vinatieri",
                "playerId": "2503471",
                "points": 7.0
            },
            {
                "teamPosition": "DEF",
                "playerPosition": "DEF",
                "playerName": "Giants",
                "playerId": "100023",
                "points": 7.0
            },
            {
                "teamPosition": "LB",
                "playerPosition": "LB",
                "playerName": "A. Barr",
                "playerId": "2543459",
                "points": 3.0
            }
        ],
        "bench": [
            {
                "teamPosition": "BN",
                "playerPosition": "TE",
                "playerName": "J. Thomas",
                "playerId": "2495353",
                "points": 1.6
            },
            {
                "teamPosition": "BN",
                "playerPosition": "WR",
                "playerName": "B. Marshall",
                "playerId": "2495893",
                "points": 7.6
            },
            {
                "teamPosition": "BN",
                "playerPosition": "QB",
                "playerName": "B. Roethlisberger",
                "playerId": "2506109",
                "points": 12.0
            },
            {
                "teamPosition": "BN",
                "playerPosition": "WR",
                "playerName": "M. Sanu",
                "playerId": "2533040",
                "points": 8.8
            },
            {
                "teamPosition": "BN",
                "playerPosition": "WR",
                "playerName": "S. Watkins",
                "playerId": "2543457",
                "points": 22.6
            },
            {
                "teamPosition": "BN",
                "playerPosition": "DEF",
                "playerName": "Steelers",
                "playerId": "100027",
                "points": 10.0
            },
            {
                "teamPosition": "BN",
                "playerPosition": "LB",
                "playerName": "J. Collins",
                "playerId": "2539311",
                "points": 0.0
            }
        ]
    },
    "teamLoser": {
        "teamId": "9",
        "points": 81.24,
        "standings": "0-3-0",
        "starters": [
            {
                "teamPosition": "QB",
                "playerPosition": "QB",
                "playerName": "C. Wentz",
                "playerId": "2555259",
                "points": 15.24
            },
            {
                "teamPosition": "RB",
                "playerPosition": "RB",
                "playerName": "T. Coleman",
                "playerId": "2552453",
                "points": 8.9
            },
            {
                "teamPosition": "RB",
                "playerPosition": "RB",
                "playerName": "E. Elliott",
                "playerId": "2555224",
                "points": 15.4
            },
            {
                "teamPosition": "WR",
                "playerPosition": "WR",
                "playerName": "E. Sanders",
                "playerId": "497322",
                "points": 7.5
            },
            {
                "teamPosition": "WR",
                "playerPosition": "WR",
                "playerName": "D. Thomas",
                "playerId": "497328",
                "points": 9.8
            },
            {
                "teamPosition": "TE",
                "playerPosition": "TE",
                "playerName": "C. Fleener",
                "playerId": "2532838",
                "points": 2.1
            },
            {
                "teamPosition": "R/W/T",
                "playerPosition": "RB",
                "playerName": "L. Miller",
                "playerId": "2533034",
                "points": 6.3
            },
            {
                "teamPosition": "K",
                "playerPosition": "K",
                "playerName": "S. Gostkowski",
                "playerId": "2506922",
                "points": 4.0
            },
            {
                "teamPosition": "DEF",
                "playerPosition": "DEF",
                "playerName": "Browns",
                "playerId": "100007",
                "points": 6.0
            },
            {
                "teamPosition": "LB",
                "playerPosition": "LB",
                "playerName": "J. Brown",
                "playerId": "2556148",
                "points": 6.0
            }
        ],
        "bench": [
            {
                "teamPosition": "BN",
                "playerPosition": "TE",
                "playerName": "J. Graham",
                "playerId": "497236",
                "points": 7.2
            },
            {
                "teamPosition": "BN",
                "playerPosition": "WR",
                "playerName": "E. Decker",
                "playerId": "497284",
                "points": 4.9
            },
            {
                "teamPosition": "BN",
                "playerPosition": "WR",
                "playerName": "T. Pryor",
                "playerId": "2531332",
                "points": 1.9
            },
            {
                "teamPosition": "BN",
                "playerPosition": "WR",
                "playerName": "T. Hilton",
                "playerId": "2532865",
                "points": 22.3
            },
            {
                "teamPosition": "BN",
                "playerPosition": "WR",
                "playerName": "D. Moncrief",
                "playerId": "2543614",
                "points": 4.4
            },
            {
                "teamPosition": "BN",
                "playerPosition": "QB",
                "playerName": "M. Mariota",
                "playerId": "2552466",
                "points": 23.7
            },
            {
                "teamPosition": "BN",
                "playerPosition": "RB",
                "playerName": "D. Johnson",
                "playerId": "2553435",
                "points": 0.0
            }
        ]
    }
}