{
    "week": 12,
    "teamWinner": {
        "teamId": "12",
        "points": 123.3,
        "standings": "6-6-0",
        "starters": [
            {
                "teamPosition": "QB",
                "playerPosition": "QB",
                "playerName": "K. Murray",
                "playerId": "2562382",
                "points": 6.9
            },
            {
                "teamPosition": "RB",
                "playerPosition": "RB",
                "playerName": "M. Davis",
                "playerId": "2553439",
                "points": 8.5
            },
            {
                "teamPosition": "RB",
                "playerPosition": "RB",
                "playerName": "N. Hines",
                "playerId": "2560742",
                "points": 9.5
            },
            {
                "teamPosition": "WR",
                "playerPosition": "WR",
                "playerName": "R. Woods",
                "playerId": "2540169",
                "points": 8.8
            },
            {
                "teamPosition": "WR",
                "playerPosition": "WR",
                "playerName": "J. Jefferson",
                "playerId": "2564556",
                "points": 19.0
            },
            {
                "teamPosition": "TE",
                "playerPosition": "TE",
                "playerName": "E. Engram",
                "playerId": "2557858",
                "points": 9.2
            },
            {
                "teamPosition": "R/W/T",
                "playerPosition": "WR",
                "playerName": "K. Allen",
                "playerId": "2540154",
                "points": 12.0
            },
            {
                "teamPosition": "K",
                "playerPosition": "K",
                "playerName": "Y. Koo",
                "playerId": "2559205",
                "points": 15.0
            },
            {
                "teamPosition": "DEF",
                "playerPosition": "DEF",
                "playerName": "Dolphins",
                "playerId": "100019",
                "points": 23.0
            },
            {
                "teamPosition": "DL",
                "playerPosition": "DL",
                "playerName": "C. Dunlap",
                "playerId": "496780",
                "points": 1.9
            },
            {
                "teamPosition": "LB",
                "playerPosition": "LB",
                "playerName": "A. Singleton",
                "playerId": "2553739",
                "points": 2.4
            },
            {
                "teamPosition": "DB",
                "playerPosition": "DB",
                "playerName": "J. Adams",
                "playerId": "2557979",
                "points": 7.1
            }
        ],
        "bench": [
            {
                "teamPosition": "BN",
                "playerPosition": "RB",
                "playerName": "M. Ingram",
                "playerId": "2495466",
                "points": 0.0
            },
            {
                "teamPosition": "BN",
                "playerPosition": "WR",
                "playerName": "A. Brown",
                "playerId": "2508061",
                "points": 1.1
            },
            {
                "teamPosition": "BN",
                "playerPosition": "WR",
                "playerName": "D. Hopkins",
                "playerId": "2540165",
                "points": 5.5
            },
            {
                "teamPosition": "BN",
                "playerPosition": "WR",
                "playerName": "J. Brown",
                "playerId": "2543847",
                "points": 0.0
            },
            {
                "teamPosition": "BN",
                "playerPosition": "RB",
                "playerName": "M. Brown",
                "playerId": "2552382",
                "points": -1.5
            },
            {
                "teamPosition": "BN",
                "playerPosition": "QB",
                "playerName": "J. Goff",
                "playerId": "2555334",
                "points": -0.98
            },
            {
                "teamPosition": "BN",
                "playerPosition": "TE",
                "playerName": "T. Higbee",
                "playerId": "2555364",
                "points": 0.6
            },
            {
                "teamPosition": "BN",
                "playerPosition": "RB",
                "playerName": "S. Michel",
                "playerId": "2560809",
                "points": 0.0
            },
            {
                "teamPosition": "BN",
                "playerPosition": "RB",
                "playerName": "D. Harris",
                "playerId": "2562281",
                "points": 4.7
            }
        ]
    },
    "teamLoser": {
        "teamId": "3",
        "points": 75.04,
        "standings": "4-8-0",
        "starters": [
            {
                "teamPosition": "QB",
                "playerPosition": "QB",
                "playerName": "B. Roethlisberger",
                "playerId": "2506109",
                "points": 13.54
            },
            {
                "teamPosition": "RB",
                "playerPosition": "RB",
                "playerName": "J. Jacobs",
                "playerId": "2562377",
                "points": 0.4
            },
            {
                "teamPosition": "RB",
                "playerPosition": "RB",
                "playerName": "C. Edwards-Helaire",
                "playerId": "2564271",
                "points": 3.9
            },
            {
                "teamPosition": "WR",
                "playerPosition": "WR",
                "playerName": "S. Shepard",
                "playerId": "2555295",
                "points": 6.8
            },
            {
                "teamPosition": "WR",
                "playerPosition": "WR",
                "playerName": "D. Moore",
                "playerId": "2560813",
                "points": 6.1
            },
            {
                "teamPosition": "TE",
                "playerPosition": "TE",
                "playerName": "D. Schultz",
                "playerId": "2560866",
                "points": 2.4
            },
            {
                "teamPosition": "R/W/T",
                "playerPosition": "RB",
                "playerName": "J. McKissic",
                "playerId": "2556440",
                "points": 2.7
            },
            {
                "teamPosition": "K",
                "playerPosition": "K",
                "playerName": "W. Lutz",
                "playerId": "2556601",
                "points": 7.0
            },
            {
                "teamPosition": "DEF",
                "playerPosition": "DEF",
                "playerName": "Saints",
                "playerId": "100022",
                "points": 23.0
            },
            {
                "teamPosition": "DL",
                "playerPosition": "DL",
                "playerName": "J. Allen",
                "playerId": "2557844",
                "points": 3.5
            },
            {
                "teamPosition": "LB",
                "playerPosition": "LB",
                "playerName": "E. Wilson",
                "playerId": "2559012",
                "points": 3.9
            },
            {
                "teamPosition": "DB",
                "playerPosition": "DB",
                "playerName": "B. Baker",
                "playerId": "2558009",
                "points": 1.8
            }
        ],
        "bench": [
            {
                "teamPosition": "BN",
                "playerPosition": "TE",
                "playerName": "J. Graham",
                "playerId": "497236",
                "points": 3.2
            },
            {
                "teamPosition": "BN",
                "playerPosition": "QB",
                "playerName": "R. Tannehill",
                "playerId": "2532956",
                "points": 21.14
            },
            {
                "teamPosition": "BN",
                "playerPosition": "WR",
                "playerName": "C. Beasley",
                "playerId": "2535698",
                "points": 9.3
            },
            {
                "teamPosition": "BN",
                "playerPosition": "RB",
                "playerName": "B. Hill",
                "playerId": "2558112",
                "points": 5.5
            },
            {
                "teamPosition": "BN",
                "playerPosition": "RB",
                "playerName": "K. Ballage",
                "playerId": "2560967",
                "points": 0.0
            },
            {
                "teamPosition": "BN",
                "playerPosition": "RB",
                "playerName": "B. Scott",
                "playerId": "2561146",
                "points": 4.7
            },
            {
                "teamPosition": "BN",
                "playerPosition": "RB",
                "playerName": "D. Henderson",
                "playerId": "2562574",
                "points": 1.9
            },
            {
                "teamPosition": "BN",
                "playerPosition": "WR",
                "playerName": "B. Aiyuk",
                "playerId": "2565093",
                "points": 0.0
            },
            {
                "teamPosition": "BN",
                "playerPosition": "DL",
                "playerName": "M. Garrett",
                "playerId": "2557965",
                "points": 0.0
            }
        ]
    }
}