{
    "week": 9,
    "teamWinner": {
        "teamId": "11",
        "points": 126.98,
        "standings": "8-1-0",
        "starters": [
            {
                "teamPosition": "QB",
                "playerPosition": "QB",
                "playerName": "D. Prescott",
                "playerId": "2555260",
                "points": 19.88
            },
            {
                "teamPosition": "RB",
                "playerPosition": "RB",
                "playerName": "A. Kamara",
                "playerId": "2558019",
                "points": 18.4
            },
            {
                "teamPosition": "RB",
                "playerPosition": "RB",
                "playerName": "D. Williams",
                "playerId": "2560935",
                "points": 9.2
            },
            {
                "teamPosition": "WR",
                "playerPosition": "WR",
                "playerName": "D. Moore",
                "playerId": "2560813",
                "points": 6.1
            },
            {
                "teamPosition": "WR",
                "playerPosition": "WR",
                "playerName": "C. Sutton",
                "playerId": "2560888",
                "points": 3.4
            },
            {
                "teamPosition": "TE",
                "playerPosition": "TE",
                "playerName": "D. Waller",
                "playerId": "2552408",
                "points": 12.7
            },
            {
                "teamPosition": "R/W/T",
                "playerPosition": "WR",
                "playerName": "D. Samuel",
                "playerId": "2562721",
                "points": 8.8
            },
            {
                "teamPosition": "K",
                "playerPosition": "K",
                "playerName": "Y. Koo",
                "playerId": "2559205",
                "points": 6.0
            },
            {
                "teamPosition": "DEF",
                "playerPosition": "DEF",
                "playerName": "Patriots",
                "playerId": "100021",
                "points": 29.0
            },
            {
                "teamPosition": "DL",
                "playerPosition": "DL",
                "playerName": "D. Buckner",
                "playerId": "2555275",
                "points": 5.5
            },
            {
                "teamPosition": "LB",
                "playerPosition": "LB",
                "playerName": "T. Edmunds",
                "playerId": "2560713",
                "points": 5.5
            },
            {
                "teamPosition": "DB",
                "playerPosition": "DB",
                "playerName": "V. Bell",
                "playerId": "2555530",
                "points": 2.5
            }
        ],
        "bench": [
            {
                "teamPosition": "BN",
                "playerPosition": "TE",
                "playerName": "T. Higbee",
                "playerId": "2555364",
                "points": 7.6
            },
            {
                "teamPosition": "BN",
                "playerPosition": "WR",
                "playerName": "Z. Pascal",
                "playerId": "2558877",
                "points": 7.8
            },
            {
                "teamPosition": "BN",
                "playerPosition": "WR",
                "playerName": "T. Patrick",
                "playerId": "2558985",
                "points": 16.5
            },
            {
                "teamPosition": "BN",
                "playerPosition": "WR",
                "playerName": "M. Valdes-Scantling",
                "playerId": "2560907",
                "points": 2.9
            },
            {
                "teamPosition": "BN",
                "playerPosition": "QB",
                "playerName": "S. Darnold",
                "playerId": "2561036",
                "points": -1.92
            },
            {
                "teamPosition": "BN",
                "playerPosition": "RB",
                "playerName": "C. Hubbard",
                "playerId": "2565899",
                "points": 4.1
            },
            {
                "teamPosition": "BN",
                "playerPosition": "DEF",
                "playerName": "Packers",
                "playerId": "100011",
                "points": 7.0
            },
            {
                "teamPosition": "RES",
                "playerPosition": "RB",
                "playerName": "C. Edwards-Helaire",
                "playerId": "2564271",
                "points": 0.0
            }
        ]
    },
    "teamLoser": {
        "teamId": "9",
        "points": 86.5,
        "standings": "6-3-0",
        "starters": [
            {
                "teamPosition": "QB",
                "playerPosition": "QB",
                "playerName": "B. Roethlisberger",
                "playerId": "2506109",
                "points": 19.3
            },
            {
                "teamPosition": "RB",
                "playerPosition": "RB",
                "playerName": "C. Hyde",
                "playerId": "2543743",
                "points": 3.8
            },
            {
                "teamPosition": "RB",
                "playerPosition": "RB",
                "playerName": "E. Mitchell",
                "playerId": "2566538",
                "points": 10.4
            },
            {
                "teamPosition": "WR",
                "playerPosition": "WR",
                "playerName": "T. Boyd",
                "playerId": "2555466",
                "points": 1.6
            },
            {
                "teamPosition": "WR",
                "playerPosition": "WR",
                "playerName": "C. Claypool",
                "playerId": "2564970",
                "points": 5.8
            },
            {
                "teamPosition": "TE",
                "playerPosition": "TE",
                "playerName": "G. Kittle",
                "playerId": "2558266",
                "points": 15.1
            },
            {
                "teamPosition": "R/W/T",
                "playerPosition": "WR",
                "playerName": "N. Agholor",
                "playerId": "2552600",
                "points": 0.0
            },
            {
                "teamPosition": "K",
                "playerPosition": "K",
                "playerName": "H. Butker",
                "playerId": "2558245",
                "points": 6.0
            },
            {
                "teamPosition": "DEF",
                "playerPosition": "DEF",
                "playerName": "49ers",
                "playerId": "100029",
                "points": 3.0
            },
            {
                "teamPosition": "DL",
                "playerPosition": "DL",
                "playerName": "C. Heyward",
                "playerId": "2508109",
                "points": 5.0
            },
            {
                "teamPosition": "LB",
                "playerPosition": "LB",
                "playerName": "F. Oluokun",
                "playerId": "2561132",
                "points": 6.0
            },
            {
                "teamPosition": "DB",
                "playerPosition": "DB",
                "playerName": "K. Byard",
                "playerId": "2555158",
                "points": 10.5
            }
        ],
        "bench": [
            {
                "teamPosition": "BN",
                "playerPosition": "QB",
                "playerName": "A. Rodgers",
                "playerId": "2506363",
                "points": 0.0
            },
            {
                "teamPosition": "BN",
                "playerPosition": "WR",
                "playerName": "M. Evans",
                "playerId": "2543468",
                "points": 0.0
            },
            {
                "teamPosition": "BN",
                "playerPosition": "WR",
                "playerName": "S. Shepard",
                "playerId": "2555295",
                "points": 0.0
            },
            {
                "teamPosition": "BN",
                "playerPosition": "TE",
                "playerName": "J. Smith",
                "playerId": "2558207",
                "points": 1.3
            },
            {
                "teamPosition": "BN",
                "playerPosition": "TE",
                "playerName": "T. Conklin",
                "playerId": "2561027",
                "points": 7.0
            },
            {
                "teamPosition": "BN",
                "playerPosition": "RB",
                "playerName": "D. Singletary",
                "playerId": "2562734",
                "points": 10.4
            },
            {
                "teamPosition": "BN",
                "playerPosition": "DEF",
                "playerName": "Vikings",
                "playerId": "100020",
                "points": 19.0
            },
            {
                "teamPosition": "RES",
                "playerPosition": "RB",
                "playerName": "D. Henry",
                "playerId": "2556075",
                "points": 0.0
            }
        ]
    }
}