{
    "week": 2,
    "teamWinner": {
        "teamId": "1",
        "points": 95.94,
        "standings": "1-1-0",
        "starters": [
            {
                "teamPosition": "QB",
                "playerPosition": "QB",
                "playerName": "P. Manning",
                "playerId": "2501863",
                "points": 25.24
            },
            {
                "teamPosition": "RB",
                "playerPosition": "RB",
                "playerName": "J. Stewart",
                "playerId": "949",
                "points": 5.9
            },
            {
                "teamPosition": "RB",
                "playerPosition": "RB",
                "playerName": "L. McCoy",
                "playerId": "79607",
                "points": 11.6
            },
            {
                "teamPosition": "WR",
                "playerPosition": "WR",
                "playerName": "J. Jones",
                "playerId": "2507183",
                "points": 8.9
            },
            {
                "teamPosition": "WR",
                "playerPosition": "WR",
                "playerName": "D. Hopkins",
                "playerId": "2540165",
                "points": 5.3
            },
            {
                "teamPosition": "TE",
                "playerPosition": "TE",
                "playerName": "D. Walker",
                "playerId": "2495966",
                "points": 0.0
            },
            {
                "teamPosition": "W/R",
                "playerPosition": "WR",
                "playerName": "J. Matthews",
                "playerId": "2543500",
                "points": 14.0
            },
            {
                "teamPosition": "K",
                "playerPosition": "K",
                "playerName": "M. Crosby",
                "playerId": "2507232",
                "points": 17.0
            },
            {
                "teamPosition": "DEF",
                "playerPosition": "DEF",
                "playerName": "Rams",
                "playerId": "100017",
                "points": 8.0
            }
        ],
        "bench": [
            {
                "teamPosition": "BN",
                "playerPosition": "WR",
                "playerName": "D. Bryant",
                "playerId": "497278",
                "points": 0.0
            },
            {
                "teamPosition": "BN",
                "playerPosition": "WR",
                "playerName": "S. Smith",
                "playerId": "2504595",
                "points": 15.0
            },
            {
                "teamPosition": "BN",
                "playerPosition": "QB",
                "playerName": "P. Rivers",
                "playerId": "2506121",
                "points": 17.14
            },
            {
                "teamPosition": "BN",
                "playerPosition": "RB",
                "playerName": "A. Ellington",
                "playerId": "2539217",
                "points": 0.0
            },
            {
                "teamPosition": "BN",
                "playerPosition": "RB",
                "playerName": "L. Bell",
                "playerId": "2540175",
                "points": 0.0
            },
            {
                "teamPosition": "BN",
                "playerPosition": "DEF",
                "playerName": "Packers",
                "playerId": "100011",
                "points": 13.0
            }
        ]
    },
    "teamLoser": {
        "teamId": "3",
        "points": 84.7,
        "standings": "0-2-0",
        "starters": [
            {
                "teamPosition": "QB",
                "playerPosition": "QB",
                "playerName": "A. Luck",
                "playerId": "2533031",
                "points": 7.4
            },
            {
                "teamPosition": "RB",
                "playerPosition": "RB",
                "playerName": "M. Ingram",
                "playerId": "2495466",
                "points": 9.8
            },
            {
                "teamPosition": "RB",
                "playerPosition": "RB",
                "playerName": "D. Martin",
                "playerId": "2532899",
                "points": 7.8
            },
            {
                "teamPosition": "WR",
                "playerPosition": "WR",
                "playerName": "E. Decker",
                "playerId": "497284",
                "points": 15.7
            },
            {
                "teamPosition": "WR",
                "playerPosition": "WR",
                "playerName": "A. Boldin",
                "playerId": "2505587",
                "points": 12.0
            },
            {
                "teamPosition": "TE",
                "playerPosition": "TE",
                "playerName": "M. Bennett",
                "playerId": "1062",
                "points": 4.8
            },
            {
                "teamPosition": "W/R",
                "playerPosition": "RB",
                "playerName": "B. Sankey",
                "playerId": "2543682",
                "points": 4.2
            },
            {
                "teamPosition": "K",
                "playerPosition": "K",
                "playerName": "D. Bailey",
                "playerId": "2495259",
                "points": 8.0
            },
            {
                "teamPosition": "DEF",
                "playerPosition": "DEF",
                "playerName": "Vikings",
                "playerId": "100020",
                "points": 15.0
            }
        ],
        "bench": [
            {
                "teamPosition": "BN",
                "playerPosition": "QB",
                "playerName": "J. Flacco",
                "playerId": "382",
                "points": 24.56
            },
            {
                "teamPosition": "BN",
                "playerPosition": "RB",
                "playerName": "A. Foster",
                "playerId": "79555",
                "points": 0.0
            },
            {
                "teamPosition": "BN",
                "playerPosition": "WR",
                "playerName": "E. Sanders",
                "playerId": "497322",
                "points": 20.7
            },
            {
                "teamPosition": "BN",
                "playerPosition": "WR",
                "playerName": "G. Tate",
                "playerId": "497326",
                "points": 8.0
            },
            {
                "teamPosition": "BN",
                "playerPosition": "TE",
                "playerName": "A. Gates",
                "playerId": "2505299",
                "points": 0.0
            },
            {
                "teamPosition": "BN",
                "playerPosition": "WR",
                "playerName": "T. Hilton",
                "playerId": "2532865",
                "points": 4.5
            }
        ]
    }
}