{
    "week": 2,
    "teamWinner": {
        "teamId": "8",
        "points": 128.44,
        "standings": "2-0-0",
        "starters": [
            {
                "teamPosition": "QB",
                "playerPosition": "QB",
                "playerName": "T. Brady",
                "playerId": "2504211",
                "points": 35.24
            },
            {
                "teamPosition": "RB",
                "playerPosition": "RB",
                "playerName": "J. Charles",
                "playerId": "925",
                "points": 14.7
            },
            {
                "teamPosition": "RB",
                "playerPosition": "RB",
                "playerName": "R. Jennings",
                "playerId": "71345",
                "points": 2.4
            },
            {
                "teamPosition": "WR",
                "playerPosition": "WR",
                "playerName": "A. Green",
                "playerId": "2495450",
                "points": 10.5
            },
            {
                "teamPosition": "WR",
                "playerPosition": "WR",
                "playerName": "A. Brown",
                "playerId": "2508061",
                "points": 27.5
            },
            {
                "teamPosition": "TE",
                "playerPosition": "TE",
                "playerName": "V. Davis",
                "playerId": "2495826",
                "points": 6.2
            },
            {
                "teamPosition": "W/R",
                "playerPosition": "WR",
                "playerName": "J. Edelman",
                "playerId": "238498",
                "points": 22.9
            },
            {
                "teamPosition": "K",
                "playerPosition": "K",
                "playerName": "A. Vinatieri",
                "playerId": "2503471",
                "points": 1.0
            },
            {
                "teamPosition": "DEF",
                "playerPosition": "DEF",
                "playerName": "Seahawks",
                "playerId": "100030",
                "points": 8.0
            }
        ],
        "bench": [
            {
                "teamPosition": "BN",
                "playerPosition": "RB",
                "playerName": "D. McFadden",
                "playerId": "284",
                "points": 5.2
            },
            {
                "teamPosition": "BN",
                "playerPosition": "WR",
                "playerName": "M. Crabtree",
                "playerId": "71269",
                "points": 17.1
            },
            {
                "teamPosition": "BN",
                "playerPosition": "QB",
                "playerName": "C. Kaepernick",
                "playerId": "2495186",
                "points": 30.5
            },
            {
                "teamPosition": "BN",
                "playerPosition": "WR",
                "playerName": "L. Fitzgerald",
                "playerId": "2506106",
                "points": 29.2
            },
            {
                "teamPosition": "BN",
                "playerPosition": "QB",
                "playerName": "A. Smith",
                "playerId": "2506340",
                "points": 3.14
            },
            {
                "teamPosition": "BN",
                "playerPosition": "TE",
                "playerName": "L. Donnell",
                "playerId": "2537933",
                "points": 8.8
            }
        ]
    },
    "teamLoser": {
        "teamId": "5",
        "points": 123.66,
        "standings": "1-1-0",
        "starters": [
            {
                "teamPosition": "QB",
                "playerPosition": "QB",
                "playerName": "A. Rodgers",
                "playerId": "2506363",
                "points": 26.26
            },
            {
                "teamPosition": "RB",
                "playerPosition": "RB",
                "playerName": "D. Williams",
                "playerId": "2495979",
                "points": 27.2
            },
            {
                "teamPosition": "RB",
                "playerPosition": "RB",
                "playerName": "J. Hill",
                "playerId": "2543603",
                "points": 0.1
            },
            {
                "teamPosition": "WR",
                "playerPosition": "WR",
                "playerName": "C. Johnson",
                "playerId": "2495647",
                "points": 14.3
            },
            {
                "teamPosition": "WR",
                "playerPosition": "WR",
                "playerName": "T. Williams",
                "playerId": "2539205",
                "points": 14.4
            },
            {
                "teamPosition": "TE",
                "playerPosition": "TE",
                "playerName": "J. Witten",
                "playerId": "2505629",
                "points": 5.6
            },
            {
                "teamPosition": "W/R",
                "playerPosition": "RB",
                "playerName": "A. Abdullah",
                "playerId": "2552374",
                "points": 1.8
            },
            {
                "teamPosition": "K",
                "playerPosition": "K",
                "playerName": "B. McManus",
                "playerId": "2541556",
                "points": 10.0
            },
            {
                "teamPosition": "DEF",
                "playerPosition": "DEF",
                "playerName": "Cardinals",
                "playerId": "100026",
                "points": 24.0
            }
        ],
        "bench": [
            {
                "teamPosition": "BN",
                "playerPosition": "QB",
                "playerName": "M. Stafford",
                "playerId": "79860",
                "points": 22.44
            },
            {
                "teamPosition": "BN",
                "playerPosition": "WR",
                "playerName": "J. Maclin",
                "playerId": "80429",
                "points": 5.5
            },
            {
                "teamPosition": "BN",
                "playerPosition": "WR",
                "playerName": "A. Jeffery",
                "playerId": "2533039",
                "points": 0.0
            },
            {
                "teamPosition": "BN",
                "playerPosition": "TE",
                "playerName": "T. Eifert",
                "playerId": "2540148",
                "points": 10.9
            },
            {
                "teamPosition": "BN",
                "playerPosition": "RB",
                "playerName": "C. Anderson",
                "playerId": "2540269",
                "points": 2.9
            },
            {
                "teamPosition": "BN",
                "playerPosition": "WR",
                "playerName": "M. Bryant",
                "playerId": "2543572",
                "points": 0.0
            }
        ]
    }
}