{
    "week": 4,
    "teamWinner": {
        "teamId": "2",
        "points": 108.6,
        "standings": "1-3-0",
        "starters": [
            {
                "teamPosition": "QB",
                "playerPosition": "QB",
                "playerName": "P. Rivers",
                "playerId": "2506121",
                "points": 23.4
            },
            {
                "teamPosition": "RB",
                "playerPosition": "RB",
                "playerName": "L. McCoy",
                "playerId": "79607",
                "points": 14.9
            },
            {
                "teamPosition": "RB",
                "playerPosition": "RB",
                "playerName": "D. Williams",
                "playerId": "2560935",
                "points": 13.6
            },
            {
                "teamPosition": "WR",
                "playerPosition": "WR",
                "playerName": "R. Cobb",
                "playerId": "2495448",
                "points": 5.1
            },
            {
                "teamPosition": "WR",
                "playerPosition": "WR",
                "playerName": "T. Williams",
                "playerId": "2553913",
                "points": 9.6
            },
            {
                "teamPosition": "TE",
                "playerPosition": "TE",
                "playerName": "G. Olsen",
                "playerId": "2495700",
                "points": 0.5
            },
            {
                "teamPosition": "R/W/T",
                "playerPosition": "RB",
                "playerName": "M. Gordon",
                "playerId": "2552469",
                "points": 0.0
            },
            {
                "teamPosition": "K",
                "playerPosition": "K",
                "playerName": "K. Fairbairn",
                "playerId": "2556521",
                "points": 3.0
            },
            {
                "teamPosition": "DEF",
                "playerPosition": "DEF",
                "playerName": "Panthers",
                "playerId": "100004",
                "points": 25.0
            },
            {
                "teamPosition": "DL",
                "playerPosition": "DL",
                "playerName": "C. Campbell",
                "playerId": "744",
                "points": 1.5
            },
            {
                "teamPosition": "LB",
                "playerPosition": "LB",
                "playerName": "K. Mack",
                "playerId": "2543463",
                "points": 6.5
            },
            {
                "teamPosition": "DB",
                "playerPosition": "DB",
                "playerName": "M. Butler",
                "playerId": "2550613",
                "points": 5.5
            }
        ],
        "bench": [
            {
                "teamPosition": "BN",
                "playerPosition": "QB",
                "playerName": "M. Ryan",
                "playerId": "310",
                "points": 13.68
            },
            {
                "teamPosition": "BN",
                "playerPosition": "WR",
                "playerName": "J. Edelman",
                "playerId": "238498",
                "points": 2.0
            },
            {
                "teamPosition": "BN",
                "playerPosition": "RB",
                "playerName": "L. Bell",
                "playerId": "2540175",
                "points": 0.0
            },
            {
                "teamPosition": "BN",
                "playerPosition": "TE",
                "playerName": "G. Kittle",
                "playerId": "2558266",
                "points": 0.0
            },
            {
                "teamPosition": "BN",
                "playerPosition": "WR",
                "playerName": "M. Williams",
                "playerId": "2558846",
                "points": 0.0
            },
            {
                "teamPosition": "BN",
                "playerPosition": "DEF",
                "playerName": "Browns",
                "playerId": "100007",
                "points": 20.0
            },
            {
                "teamPosition": "BN",
                "playerPosition": "DL",
                "playerName": "C. Jordan",
                "playerId": "2495184",
                "points": 2.5
            },
            {
                "teamPosition": "BN",
                "playerPosition": "LB",
                "playerName": "D. Davis",
                "playerId": "2533008",
                "points": 7.5
            },
            {
                "teamPosition": "BN",
                "playerPosition": "DB",
                "playerName": "D. Randall",
                "playerId": "2552389",
                "points": 4.5
            }
        ]
    },
    "teamLoser": {
        "teamId": "8",
        "points": 93.8,
        "standings": "1-3-0",
        "starters": [
            {
                "teamPosition": "QB",
                "playerPosition": "QB",
                "playerName": "D. Jones",
                "playerId": "2562299",
                "points": 12.3
            },
            {
                "teamPosition": "RB",
                "playerPosition": "RB",
                "playerName": "C. McCaffrey",
                "playerId": "2557997",
                "points": 24.9
            },
            {
                "teamPosition": "RB",
                "playerPosition": "RB",
                "playerName": "P. Lindsay",
                "playerId": "2559947",
                "points": 6.0
            },
            {
                "teamPosition": "WR",
                "playerPosition": "WR",
                "playerName": "S. Shepard",
                "playerId": "2555295",
                "points": 10.9
            },
            {
                "teamPosition": "WR",
                "playerPosition": "WR",
                "playerName": "C. Samuel",
                "playerId": "2558066",
                "points": 4.3
            },
            {
                "teamPosition": "TE",
                "playerPosition": "TE",
                "playerName": "T. Kelce",
                "playerId": "2540258",
                "points": 8.5
            },
            {
                "teamPosition": "R/W/T",
                "playerPosition": "WR",
                "playerName": "M. Hardman",
                "playerId": "2562580",
                "points": -3.1
            },
            {
                "teamPosition": "K",
                "playerPosition": "K",
                "playerName": "C. Boswell",
                "playerId": "2550545",
                "points": 7.0
            },
            {
                "teamPosition": "DEF",
                "playerPosition": "DEF",
                "playerName": "Broncos",
                "playerId": "100009",
                "points": 10.0
            },
            {
                "teamPosition": "DL",
                "playerPosition": "DL",
                "playerName": "M. Garrett",
                "playerId": "2557965",
                "points": 1.0
            },
            {
                "teamPosition": "LB",
                "playerPosition": "LB",
                "playerName": "J. Smith",
                "playerId": "2555310",
                "points": 10.0
            },
            {
                "teamPosition": "DB",
                "playerPosition": "DB",
                "playerName": "E. Jackson",
                "playerId": "2558176",
                "points": 2.0
            }
        ],
        "bench": [
            {
                "teamPosition": "BN",
                "playerPosition": "TE",
                "playerName": "D. Walker",
                "playerId": "2495966",
                "points": -0.6
            },
            {
                "teamPosition": "BN",
                "playerPosition": "WR",
                "playerName": "J. Landry",
                "playerId": "2543488",
                "points": 16.7
            },
            {
                "teamPosition": "BN",
                "playerPosition": "WR",
                "playerName": "S. Diggs",
                "playerId": "2552608",
                "points": 6.8
            },
            {
                "teamPosition": "BN",
                "playerPosition": "QB",
                "playerName": "J. Brissett",
                "playerId": "2555261",
                "points": 27.5
            },
            {
                "teamPosition": "BN",
                "playerPosition": "RB",
                "playerName": "C. Carson",
                "playerId": "2558865",
                "points": 14.5
            },
            {
                "teamPosition": "BN",
                "playerPosition": "RB",
                "playerName": "G. Edwards",
                "playerId": "2561324",
                "points": 3.6
            },
            {
                "teamPosition": "BN",
                "playerPosition": "DEF",
                "playerName": "49ers",
                "playerId": "100029",
                "points": 0.0
            },
            {
                "teamPosition": "BN",
                "playerPosition": "DL",
                "playerName": "A. Donald",
                "playerId": "2543485",
                "points": 2.5
            },
            {
                "teamPosition": "BN",
                "playerPosition": "LB",
                "playerName": "S. Barrett",
                "playerId": "2550541",
                "points": 11.5
            }
        ]
    }
}