{
    "1": {
        "1": {
            "pickOverall": 1,
            "pickRound": 1,
            "playerId": "2533031",
            "playerName": "Andrew Luck",
            "playerPosition": "QB",
            "round": 1,
            "teamId": "3"
        },
        "2": {
            "pickOverall": 2,
            "pickRound": 2,
            "playerId": "2543496",
            "playerName": "Odell Beckham",
            "playerPosition": "WR",
            "round": 1,
            "teamId": "4"
        },
        "3": {
            "pickOverall": 3,
            "pickRound": 3,
            "playerId": "2506363",
            "playerName": "Aaron Rodgers",
            "playerPosition": "QB",
            "round": 1,
            "teamId": "5"
        },
        "4": {
            "pickOverall": 4,
            "pickRound": 4,
            "playerId": "2495663",
            "playerName": "Marshawn Lynch",
            "playerPosition": "RB",
            "round": 1,
            "teamId": "2"
        },
        "5": {
            "pickOverall": 5,
            "pickRound": 5,
            "playerId": "2540175",
            "playerName": "Le'Veon Bell",
            "playerPosition": "RB",
            "round": 1,
            "teamId": "1"
        },
        "6": {
            "pickOverall": 6,
            "pickRound": 6,
            "playerId": "2507164",
            "playerName": "Adrian Peterson",
            "playerPosition": "RB",
            "round": 1,
            "teamId": "7"
        },
        "7": {
            "pickOverall": 7,
            "pickRound": 7,
            "playerId": "2508061",
            "playerName": "Antonio Brown",
            "playerPosition": "WR",
            "round": 1,
            "teamId": "8"
        },
        "8": {
            "pickOverall": 8,
            "pickRound": 8,
            "playerId": "2532975",
            "playerName": "Russell Wilson",
            "playerPosition": "QB",
            "round": 1,
            "teamId": "6"
        }
    },
    "2": {
        "1": {
            "pickOverall": 9,
            "pickRound": 1,
            "playerId": "2495207",
            "playerName": "DeMarco Murray",
            "playerPosition": "RB",
            "round": 2,
            "teamId": "6"
        },
        "2": {
            "pickOverall": 10,
            "pickRound": 2,
            "playerId": "925",
            "playerName": "Jamaal Charles",
            "playerPosition": "RB",
            "round": 2,
            "teamId": "8"
        },
        "3": {
            "pickOverall": 11,
            "pickRound": 3,
            "playerId": "2540168",
            "playerName": "Eddie Lacy",
            "playerPosition": "RB",
            "round": 2,
            "teamId": "7"
        },
        "4": {
            "pickOverall": 12,
            "pickRound": 4,
            "playerId": "2501863",
            "playerName": "Peyton Manning",
            "playerPosition": "QB",
            "round": 2,
            "teamId": "1"
        },
        "5": {
            "pickOverall": 13,
            "pickRound": 5,
            "playerId": "2504775",
            "playerName": "Drew Brees",
            "playerPosition": "QB",
            "round": 2,
            "teamId": "2"
        },
        "6": {
            "pickOverall": 14,
            "pickRound": 6,
            "playerId": "2543603",
            "playerName": "Jeremy Hill",
            "playerPosition": "RB",
            "round": 2,
            "teamId": "5"
        },
        "7": {
            "pickOverall": 15,
            "pickRound": 7,
            "playerId": "234",
            "playerName": "Matt Forte",
            "playerPosition": "RB",
            "round": 2,
            "teamId": "4"
        },
        "8": {
            "pickOverall": 16,
            "pickRound": 8,
            "playerId": "2532865",
            "playerName": "T.Y. Hilton",
            "playerPosition": "WR",
            "round": 2,
            "teamId": "3"
        }
    },
    "3": {
        "1": {
            "pickOverall": 17,
            "pickRound": 1,
            "playerId": "497322",
            "playerName": "Emmanuel Sanders",
            "playerPosition": "WR",
            "round": 3,
            "teamId": "3"
        },
        "2": {
            "pickOverall": 18,
            "pickRound": 2,
            "playerId": "497240",
            "playerName": "Rob Gronkowski",
            "playerPosition": "TE",
            "round": 3,
            "teamId": "4"
        },
        "3": {
            "pickOverall": 19,
            "pickRound": 3,
            "playerId": "2495647",
            "playerName": "Calvin Johnson",
            "playerPosition": "WR",
            "round": 3,
            "teamId": "5"
        },
        "4": {
            "pickOverall": 20,
            "pickRound": 4,
            "playerId": "2495454",
            "playerName": "Julio Jones",
            "playerPosition": "WR",
            "round": 3,
            "teamId": "2"
        },
        "5": {
            "pickOverall": 21,
            "pickRound": 5,
            "playerId": "497278",
            "playerName": "Dez Bryant",
            "playerPosition": "WR",
            "round": 3,
            "teamId": "1"
        },
        "6": {
            "pickOverall": 22,
            "pickRound": 6,
            "playerId": "497328",
            "playerName": "Demaryius Thomas",
            "playerPosition": "WR",
            "round": 3,
            "teamId": "7"
        },
        "7": {
            "pickOverall": 23,
            "pickRound": 7,
            "playerId": "2495450",
            "playerName": "A.J. Green",
            "playerPosition": "WR",
            "round": 3,
            "teamId": "8"
        },
        "8": {
            "pickOverall": 24,
            "pickRound": 8,
            "playerId": "497236",
            "playerName": "Jimmy Graham",
            "playerPosition": "TE",
            "round": 3,
            "teamId": "6"
        }
    },
    "4": {
        "1": {
            "pickOverall": 25,
            "pickRound": 1,
            "playerId": "2506109",
            "playerName": "Ben Roethlisberger",
            "playerPosition": "QB",
            "round": 4,
            "teamId": "6"
        },
        "2": {
            "pickOverall": 26,
            "pickRound": 2,
            "playerId": "2495826",
            "playerName": "Vernon Davis",
            "playerPosition": "TE",
            "round": 4,
            "teamId": "8"
        },
        "3": {
            "pickOverall": 27,
            "pickRound": 3,
            "playerId": "2543468",
            "playerName": "Mike Evans",
            "playerPosition": "WR",
            "round": 4,
            "teamId": "7"
        },
        "4": {
            "pickOverall": 28,
            "pickRound": 4,
            "playerId": "79607",
            "playerName": "LeSean McCoy",
            "playerPosition": "RB",
            "round": 4,
            "teamId": "1"
        },
        "5": {
            "pickOverall": 29,
            "pickRound": 5,
            "playerId": "2495448",
            "playerName": "Randall Cobb",
            "playerPosition": "WR",
            "round": 4,
            "teamId": "2"
        },
        "6": {
            "pickOverall": 30,
            "pickRound": 6,
            "playerId": "2533039",
            "playerName": "Alshon Jeffery",
            "playerPosition": "WR",
            "round": 4,
            "teamId": "5"
        },
        "7": {
            "pickOverall": 31,
            "pickRound": 7,
            "playerId": "100013",
            "playerName": "Houston Texans",
            "playerPosition": "DEF",
            "round": 4,
            "teamId": "4"
        },
        "8": {
            "pickOverall": 32,
            "pickRound": 8,
            "playerId": "79555",
            "playerName": "Arian Foster",
            "playerPosition": "RB",
            "round": 4,
            "teamId": "3"
        }
    },
    "5": {
        "1": {
            "pickOverall": 33,
            "pickRound": 1,
            "playerId": "2495466",
            "playerName": "Mark Ingram",
            "playerPosition": "RB",
            "round": 5,
            "teamId": "3"
        },
        "2": {
            "pickOverall": 34,
            "pickRound": 2,
            "playerId": "2505996",
            "playerName": "Eli Manning",
            "playerPosition": "QB",
            "round": 5,
            "teamId": "4"
        },
        "3": {
            "pickOverall": 35,
            "pickRound": 3,
            "playerId": "2540269",
            "playerName": "C.J. Anderson",
            "playerPosition": "RB",
            "round": 5,
            "teamId": "5"
        },
        "4": {
            "pickOverall": 36,
            "pickRound": 4,
            "playerId": "2533034",
            "playerName": "Lamar Miller",
            "playerPosition": "RB",
            "round": 5,
            "teamId": "2"
        },
        "5": {
            "pickOverall": 37,
            "pickRound": 5,
            "playerId": "2495700",
            "playerName": "Greg Olsen",
            "playerPosition": "TE",
            "round": 5,
            "teamId": "1"
        },
        "6": {
            "pickOverall": 38,
            "pickRound": 6,
            "playerId": "2505551",
            "playerName": "Andre Johnson",
            "playerPosition": "WR",
            "round": 5,
            "teamId": "7"
        },
        "7": {
            "pickOverall": 39,
            "pickRound": 7,
            "playerId": "100030",
            "playerName": "Seattle Seahawks",
            "playerPosition": "DEF",
            "round": 5,
            "teamId": "8"
        },
        "8": {
            "pickOverall": 40,
            "pickRound": 8,
            "playerId": "2533457",
            "playerName": "Alfred Morris",
            "playerPosition": "RB",
            "round": 5,
            "teamId": "6"
        }
    },
    "6": {
        "1": {
            "pickOverall": 41,
            "pickRound": 1,
            "playerId": "1581",
            "playerName": "DeSean Jackson",
            "playerPosition": "WR",
            "round": 6,
            "teamId": "6"
        },
        "2": {
            "pickOverall": 42,
            "pickRound": 2,
            "playerId": "2504211",
            "playerName": "Tom Brady",
            "playerPosition": "QB",
            "round": 6,
            "teamId": "8"
        },
        "3": {
            "pickOverall": 43,
            "pickRound": 3,
            "playerId": "2543488",
            "playerName": "Jarvis Landry",
            "playerPosition": "WR",
            "round": 6,
            "teamId": "7"
        },
        "4": {
            "pickOverall": 44,
            "pickRound": 4,
            "playerId": "100011",
            "playerName": "Green Bay Packers",
            "playerPosition": "DEF",
            "round": 6,
            "teamId": "1"
        },
        "5": {
            "pickOverall": 45,
            "pickRound": 5,
            "playerId": "927",
            "playerName": "Justin Forsett",
            "playerPosition": "RB",
            "round": 6,
            "teamId": "2"
        },
        "6": {
            "pickOverall": 46,
            "pickRound": 6,
            "playerId": "100026",
            "playerName": "Arizona Cardinals",
            "playerPosition": "DEF",
            "round": 6,
            "teamId": "5"
        },
        "7": {
            "pickOverall": 47,
            "pickRound": 7,
            "playerId": "2543457",
            "playerName": "Sammy Watkins",
            "playerPosition": "WR",
            "round": 6,
            "teamId": "4"
        },
        "8": {
            "pickOverall": 48,
            "pickRound": 8,
            "playerId": "1062",
            "playerName": "Martellus Bennett",
            "playerPosition": "TE",
            "round": 6,
            "teamId": "3"
        }
    },
    "7": {
        "1": {
            "pickOverall": 49,
            "pickRound": 1,
            "playerId": "382",
            "playerName": "Joe Flacco",
            "playerPosition": "QB",
            "round": 7,
            "teamId": "3"
        },
        "2": {
            "pickOverall": 50,
            "pickRound": 2,
            "playerId": "2506404",
            "playerName": "Frank Gore",
            "playerPosition": "RB",
            "round": 7,
            "teamId": "4"
        },
        "3": {
            "pickOverall": 51,
            "pickRound": 3,
            "playerId": "2532838",
            "playerName": "Coby Fleener",
            "playerPosition": "TE",
            "round": 7,
            "teamId": "5"
        },
        "4": {
            "pickOverall": 52,
            "pickRound": 4,
            "playerId": "2540258",
            "playerName": "Travis Kelce",
            "playerPosition": "TE",
            "round": 7,
            "teamId": "2"
        },
        "5": {
            "pickOverall": 53,
            "pickRound": 5,
            "playerId": "949",
            "playerName": "Jonathan Stewart",
            "playerPosition": "RB",
            "round": 7,
            "teamId": "1"
        },
        "6": {
            "pickOverall": 54,
            "pickRound": 6,
            "playerId": "2533046",
            "playerName": "Dwayne Allen",
            "playerPosition": "TE",
            "round": 7,
            "teamId": "7"
        },
        "7": {
            "pickOverall": 55,
            "pickRound": 7,
            "playerId": "238498",
            "playerName": "Julian Edelman",
            "playerPosition": "WR",
            "round": 7,
            "teamId": "8"
        },
        "8": {
            "pickOverall": 56,
            "pickRound": 8,
            "playerId": "100029",
            "playerName": "San Francisco 49ers",
            "playerPosition": "DEF",
            "round": 7,
            "teamId": "6"
        }
    },
    "8": {
        "1": {
            "pickOverall": 57,
            "pickRound": 1,
            "playerId": "2495459",
            "playerName": "Torrey Smith",
            "playerPosition": "WR",
            "round": 8,
            "teamId": "6"
        },
        "2": {
            "pickOverall": 58,
            "pickRound": 2,
            "playerId": "71345",
            "playerName": "Rashad Jennings",
            "playerPosition": "RB",
            "round": 8,
            "teamId": "8"
        },
        "3": {
            "pickOverall": 59,
            "pickRound": 3,
            "playerId": "310",
            "playerName": "Matt Ryan",
            "playerPosition": "QB",
            "round": 8,
            "teamId": "7"
        },
        "4": {
            "pickOverall": 60,
            "pickRound": 4,
            "playerId": "2540165",
            "playerName": "DeAndre Hopkins",
            "playerPosition": "WR",
            "round": 8,
            "teamId": "1"
        },
        "5": {
            "pickOverall": 61,
            "pickRound": 5,
            "playerId": "100003",
            "playerName": "Buffalo Bills",
            "playerPosition": "DEF",
            "round": 8,
            "teamId": "2"
        },
        "6": {
            "pickOverall": 62,
            "pickRound": 6,
            "playerId": "497145",
            "playerName": "Joique Bell",
            "playerPosition": "RB",
            "round": 8,
            "teamId": "5"
        },
        "7": {
            "pickOverall": 63,
            "pickRound": 7,
            "playerId": "2507855",
            "playerName": "Victor Cruz",
            "playerPosition": "WR",
            "round": 8,
            "teamId": "4"
        },
        "8": {
            "pickOverall": 64,
            "pickRound": 8,
            "playerId": "100001",
            "playerName": "Atlanta Falcons",
            "playerPosition": "DEF",
            "round": 8,
            "teamId": "3"
        }
    },
    "9": {
        "1": {
            "pickOverall": 65,
            "pickRound": 1,
            "playerId": "497326",
            "playerName": "Golden Tate",
            "playerPosition": "WR",
            "round": 9,
            "teamId": "3"
        },
        "2": {
            "pickOverall": 66,
            "pickRound": 2,
            "playerId": "2543498",
            "playerName": "Brandin Cooks",
            "playerPosition": "WR",
            "round": 9,
            "teamId": "4"
        },
        "3": {
            "pickOverall": 67,
            "pickRound": 3,
            "playerId": "80429",
            "playerName": "Jeremy Maclin",
            "playerPosition": "WR",
            "round": 9,
            "teamId": "5"
        },
        "4": {
            "pickOverall": 68,
            "pickRound": 4,
            "playerId": "2506922",
            "playerName": "Stephen Gostkowski",
            "playerPosition": "K",
            "round": 9,
            "teamId": "2"
        },
        "5": {
            "pickOverall": 69,
            "pickRound": 5,
            "playerId": "2539217",
            "playerName": "Andre Ellington",
            "playerPosition": "RB",
            "round": 9,
            "teamId": "1"
        },
        "6": {
            "pickOverall": 70,
            "pickRound": 6,
            "playerId": "2543743",
            "playerName": "Carlos Hyde",
            "playerPosition": "RB",
            "round": 9,
            "teamId": "7"
        },
        "7": {
            "pickOverall": 71,
            "pickRound": 7,
            "playerId": "2503471",
            "playerName": "Adam Vinatieri",
            "playerPosition": "K",
            "round": 9,
            "teamId": "8"
        },
        "8": {
            "pickOverall": 72,
            "pickRound": 8,
            "playerId": "2536340",
            "playerName": "Justin Tucker",
            "playerPosition": "K",
            "round": 9,
            "teamId": "6"
        }
    },
    "10": {
        "1": {
            "pickOverall": 73,
            "pickRound": 1,
            "playerId": "497149",
            "playerName": "LeGarrette Blount",
            "playerPosition": "RB",
            "round": 10,
            "teamId": "6"
        },
        "2": {
            "pickOverall": 74,
            "pickRound": 2,
            "playerId": "2506106",
            "playerName": "Larry Fitzgerald",
            "playerPosition": "WR",
            "round": 10,
            "teamId": "8"
        },
        "3": {
            "pickOverall": 75,
            "pickRound": 3,
            "playerId": "2550380",
            "playerName": "Cody Parkey",
            "playerPosition": "K",
            "round": 10,
            "teamId": "7"
        },
        "4": {
            "pickOverall": 76,
            "pickRound": 4,
            "playerId": "2543500",
            "playerName": "Jordan Matthews",
            "playerPosition": "WR",
            "round": 10,
            "teamId": "1"
        },
        "5": {
            "pickOverall": 77,
            "pickRound": 5,
            "playerId": "2541161",
            "playerName": "Latavius Murray",
            "playerPosition": "RB",
            "round": 10,
            "teamId": "2"
        },
        "6": {
            "pickOverall": 78,
            "pickRound": 6,
            "playerId": "2507401",
            "playerName": "Dan Carpenter",
            "playerPosition": "K",
            "round": 10,
            "teamId": "5"
        },
        "7": {
            "pickOverall": 79,
            "pickRound": 7,
            "playerId": "2495353",
            "playerName": "Julius Thomas",
            "playerPosition": "TE",
            "round": 10,
            "teamId": "4"
        },
        "8": {
            "pickOverall": 80,
            "pickRound": 8,
            "playerId": "1032",
            "playerName": "Jordy Nelson",
            "playerPosition": "WR",
            "round": 10,
            "teamId": "3"
        }
    },
    "11": {
        "1": {
            "pickOverall": 81,
            "pickRound": 1,
            "playerId": "2543502",
            "playerName": "Tre Mason",
            "playerPosition": "RB",
            "round": 11,
            "teamId": "3"
        },
        "2": {
            "pickOverall": 82,
            "pickRound": 2,
            "playerId": "2505354",
            "playerName": "Tony Romo",
            "playerPosition": "QB",
            "round": 11,
            "teamId": "4"
        },
        "3": {
            "pickOverall": 83,
            "pickRound": 3,
            "playerId": "79860",
            "playerName": "Matthew Stafford",
            "playerPosition": "QB",
            "round": 11,
            "teamId": "5"
        },
        "4": {
            "pickOverall": 84,
            "pickRound": 4,
            "playerId": "2552487",
            "playerName": "Amari Cooper",
            "playerPosition": "WR",
            "round": 11,
            "teamId": "2"
        },
        "5": {
            "pickOverall": 85,
            "pickRound": 5,
            "playerId": "2506121",
            "playerName": "Philip Rivers",
            "playerPosition": "QB",
            "round": 11,
            "teamId": "1"
        },
        "6": {
            "pickOverall": 86,
            "pickRound": 6,
            "playerId": "100025",
            "playerName": "Philadelphia Eagles",
            "playerPosition": "DEF",
            "round": 11,
            "teamId": "7"
        },
        "7": {
            "pickOverall": 87,
            "pickRound": 7,
            "playerId": "2506340",
            "playerName": "Alex Smith",
            "playerPosition": "QB",
            "round": 11,
            "teamId": "8"
        },
        "8": {
            "pickOverall": 88,
            "pickRound": 8,
            "playerId": "2540156",
            "playerName": "Giovani Bernard",
            "playerPosition": "RB",
            "round": 11,
            "teamId": "6"
        }
    },
    "12": {
        "1": {
            "pickOverall": 89,
            "pickRound": 1,
            "playerId": "2506369",
            "playerName": "Heath Miller",
            "playerPosition": "TE",
            "round": 12,
            "teamId": "6"
        },
        "2": {
            "pickOverall": 90,
            "pickRound": 2,
            "playerId": "71269",
            "playerName": "Michael Crabtree",
            "playerPosition": "WR",
            "round": 12,
            "teamId": "8"
        },
        "3": {
            "pickOverall": 91,
            "pickRound": 3,
            "playerId": "2552475",
            "playerName": "Todd Gurley",
            "playerPosition": "RB",
            "round": 12,
            "teamId": "7"
        },
        "4": {
            "pickOverall": 92,
            "pickRound": 4,
            "playerId": "2507232",
            "playerName": "Mason Crosby",
            "playerPosition": "K",
            "round": 12,
            "teamId": "1"
        },
        "5": {
            "pickOverall": 93,
            "pickRound": 5,
            "playerId": "2552469",
            "playerName": "Melvin Gordon",
            "playerPosition": "RB",
            "round": 12,
            "teamId": "2"
        },
        "6": {
            "pickOverall": 94,
            "pickRound": 6,
            "playerId": "2506467",
            "playerName": "Darren Sproles",
            "playerPosition": "RB",
            "round": 12,
            "teamId": "5"
        },
        "7": {
            "pickOverall": 95,
            "pickRound": 7,
            "playerId": "2540171",
            "playerName": "Joseph Randle",
            "playerPosition": "RB",
            "round": 12,
            "teamId": "4"
        },
        "8": {
            "pickOverall": 96,
            "pickRound": 8,
            "playerId": "2495259",
            "playerName": "Dan Bailey",
            "playerPosition": "K",
            "round": 12,
            "teamId": "3"
        }
    },
    "13": {
        "1": {
            "pickOverall": 97,
            "pickRound": 1,
            "playerId": "2505299",
            "playerName": "Antonio Gates",
            "playerPosition": "TE",
            "round": 13,
            "teamId": "3"
        },
        "2": {
            "pickOverall": 98,
            "pickRound": 2,
            "playerId": "2507374",
            "playerName": "Steven Hauschka",
            "playerPosition": "K",
            "round": 13,
            "teamId": "4"
        },
        "3": {
            "pickOverall": 99,
            "pickRound": 3,
            "playerId": "2505629",
            "playerName": "Jason Witten",
            "playerPosition": "TE",
            "round": 13,
            "teamId": "5"
        },
        "4": {
            "pickOverall": 100,
            "pickRound": 4,
            "playerId": "2553432",
            "playerName": "Kevin White",
            "playerPosition": "WR",
            "round": 13,
            "teamId": "2"
        },
        "5": {
            "pickOverall": 101,
            "pickRound": 5,
            "playerId": "2504595",
            "playerName": "Steve Smith",
            "playerPosition": "WR",
            "round": 13,
            "teamId": "1"
        },
        "6": {
            "pickOverall": 102,
            "pickRound": 6,
            "playerId": "2532956",
            "playerName": "Ryan Tannehill",
            "playerPosition": "QB",
            "round": 13,
            "teamId": "7"
        },
        "7": {
            "pickOverall": 103,
            "pickRound": 7,
            "playerId": "2537933",
            "playerName": "Larry Donnell",
            "playerPosition": "TE",
            "round": 13,
            "teamId": "8"
        },
        "8": {
            "pickOverall": 104,
            "pickRound": 8,
            "playerId": "100002",
            "playerName": "Baltimore Ravens",
            "playerPosition": "DEF",
            "round": 13,
            "teamId": "6"
        }
    },
    "14": {
        "1": {
            "pickOverall": 105,
            "pickRound": 1,
            "playerId": "2540154",
            "playerName": "Keenan Allen",
            "playerPosition": "WR",
            "round": 14,
            "teamId": "6"
        },
        "2": {
            "pickOverall": 106,
            "pickRound": 2,
            "playerId": "284",
            "playerName": "Darren McFadden",
            "playerPosition": "RB",
            "round": 14,
            "teamId": "8"
        },
        "3": {
            "pickOverall": 107,
            "pickRound": 3,
            "playerId": "2495267",
            "playerName": "Jordan Cameron",
            "playerPosition": "TE",
            "round": 14,
            "teamId": "7"
        },
        "4": {
            "pickOverall": 108,
            "pickRound": 4,
            "playerId": "100017",
            "playerName": "St. Louis Rams",
            "playerPosition": "DEF",
            "round": 14,
            "teamId": "1"
        },
        "5": {
            "pickOverall": 109,
            "pickRound": 5,
            "playerId": "2507999",
            "playerName": "Chris Ivory",
            "playerPosition": "RB",
            "round": 14,
            "teamId": "2"
        },
        "6": {
            "pickOverall": 110,
            "pickRound": 6,
            "playerId": "2543572",
            "playerName": "Martavis Bryant",
            "playerPosition": "WR",
            "round": 14,
            "teamId": "5"
        },
        "7": {
            "pickOverall": 111,
            "pickRound": 7,
            "playerId": "2495455",
            "playerName": "Cam Newton",
            "playerPosition": "QB",
            "round": 14,
            "teamId": "4"
        },
        "8": {
            "pickOverall": 112,
            "pickRound": 8,
            "playerId": "497284",
            "playerName": "Eric Decker",
            "playerPosition": "WR",
            "round": 14,
            "teamId": "3"
        }
    },
    "15": {
        "1": {
            "pickOverall": 113,
            "pickRound": 1,
            "playerId": "2505587",
            "playerName": "Anquan Boldin",
            "playerPosition": "WR",
            "round": 15,
            "teamId": "3"
        },
        "2": {
            "pickOverall": 114,
            "pickRound": 2,
            "playerId": "2495893",
            "playerName": "Brandon Marshall",
            "playerPosition": "WR",
            "round": 15,
            "teamId": "4"
        },
        "3": {
            "pickOverall": 115,
            "pickRound": 3,
            "playerId": "2495979",
            "playerName": "DeAngelo Williams",
            "playerPosition": "RB",
            "round": 15,
            "teamId": "5"
        },
        "4": {
            "pickOverall": 116,
            "pickRound": 4,
            "playerId": "2495824",
            "playerName": "Jay Cutler",
            "playerPosition": "QB",
            "round": 15,
            "teamId": "2"
        },
        "5": {
            "pickOverall": 117,
            "pickRound": 5,
            "playerId": "2495966",
            "playerName": "Delanie Walker",
            "playerPosition": "TE",
            "round": 15,
            "teamId": "1"
        },
        "6": {
            "pickOverall": 118,
            "pickRound": 6,
            "playerId": "2506400",
            "playerName": "Vincent Jackson",
            "playerPosition": "WR",
            "round": 15,
            "teamId": "7"
        },
        "7": {
            "pickOverall": 119,
            "pickRound": 7,
            "playerId": "2495186",
            "playerName": "Colin Kaepernick",
            "playerPosition": "QB",
            "round": 15,
            "teamId": "8"
        },
        "8": {
            "pickOverall": 120,
            "pickRound": 8,
            "playerId": "497302",
            "playerName": "Brandon LaFell",
            "playerPosition": "WR",
            "round": 15,
            "teamId": "6"
        }
    }
}