{
    "week": 5,
    "teamWinner": {
        "teamId": "6",
        "points": 158.34,
        "standings": "2-3-0",
        "starters": [
            {
                "teamPosition": "QB",
                "playerPosition": "QB",
                "playerName": "T. Brady",
                "playerId": "2504211",
                "points": 47.64
            },
            {
                "teamPosition": "RB",
                "playerPosition": "RB",
                "playerName": "A. Jones",
                "playerId": "2558116",
                "points": 12.9
            },
            {
                "teamPosition": "RB",
                "playerPosition": "RB",
                "playerName": "M. Sanders",
                "playerId": "2562722",
                "points": 7.6
            },
            {
                "teamPosition": "WR",
                "playerPosition": "WR",
                "playerName": "K. Allen",
                "playerId": "2540154",
                "points": 10.5
            },
            {
                "teamPosition": "WR",
                "playerPosition": "WR",
                "playerName": "J. Chase",
                "playerId": "2565941",
                "points": 25.9
            },
            {
                "teamPosition": "TE",
                "playerPosition": "TE",
                "playerName": "D. Goedert",
                "playerId": "2560995",
                "points": 3.8
            },
            {
                "teamPosition": "R/W/T",
                "playerPosition": "RB",
                "playerName": "J. Williams",
                "playerId": "2558204",
                "points": 7.5
            },
            {
                "teamPosition": "K",
                "playerPosition": "K",
                "playerName": "T. Bass",
                "playerId": "2563596",
                "points": 7.0
            },
            {
                "teamPosition": "DEF",
                "playerPosition": "DEF",
                "playerName": "Rams",
                "playerId": "100017",
                "points": 13.0
            },
            {
                "teamPosition": "DL",
                "playerPosition": "DL",
                "playerName": "C. Young",
                "playerId": "2565294",
                "points": 6.0
            },
            {
                "teamPosition": "LB",
                "playerPosition": "LB",
                "playerName": "F. Warner",
                "playerId": "2560917",
                "points": 8.0
            },
            {
                "teamPosition": "DB",
                "playerPosition": "DB",
                "playerName": "J. Bates",
                "playerId": "2560970",
                "points": 8.5
            }
        ],
        "bench": [
            {
                "teamPosition": "BN",
                "playerPosition": "RB",
                "playerName": "K. Juszczyk",
                "playerId": "2540230",
                "points": 5.0
            },
            {
                "teamPosition": "BN",
                "playerPosition": "TE",
                "playerName": "J. Doyle",
                "playerId": "2540232",
                "points": 0.9
            },
            {
                "teamPosition": "BN",
                "playerPosition": "QB",
                "playerName": "D. Carr",
                "playerId": "2543499",
                "points": 4.94
            },
            {
                "teamPosition": "BN",
                "playerPosition": "WR",
                "playerName": "M. Thomas",
                "playerId": "2556370",
                "points": 0.0
            },
            {
                "teamPosition": "BN",
                "playerPosition": "WR",
                "playerName": "C. Samuel",
                "playerId": "2558066",
                "points": 1.8
            },
            {
                "teamPosition": "BN",
                "playerPosition": "RB",
                "playerName": "A. Mattison",
                "playerId": "2562682",
                "points": 20.8
            },
            {
                "teamPosition": "BN",
                "playerPosition": "WR",
                "playerName": "D. Harris",
                "playerId": "2563155",
                "points": 14.7
            }
        ]
    },
    "teamLoser": {
        "teamId": "1",
        "points": 149.84,
        "standings": "2-3-0",
        "starters": [
            {
                "teamPosition": "QB",
                "playerPosition": "QB",
                "playerName": "J. Burrow",
                "playerId": "2563722",
                "points": 20.14
            },
            {
                "teamPosition": "RB",
                "playerPosition": "RB",
                "playerName": "C. Edmonds",
                "playerId": "2560711",
                "points": 2.9
            },
            {
                "teamPosition": "RB",
                "playerPosition": "RB",
                "playerName": "J. Robinson",
                "playerId": "2564223",
                "points": 21.2
            },
            {
                "teamPosition": "WR",
                "playerPosition": "WR",
                "playerName": "D. Adams",
                "playerId": "2543495",
                "points": 32.1
            },
            {
                "teamPosition": "WR",
                "playerPosition": "WR",
                "playerName": "T. Lockett",
                "playerId": "2552430",
                "points": 9.2
            },
            {
                "teamPosition": "TE",
                "playerPosition": "TE",
                "playerName": "D. Schultz",
                "playerId": "2560866",
                "points": 10.9
            },
            {
                "teamPosition": "R/W/T",
                "playerPosition": "WR",
                "playerName": "M. Pittman",
                "playerId": "2564136",
                "points": 17.9
            },
            {
                "teamPosition": "K",
                "playerPosition": "K",
                "playerName": "D. Carlson",
                "playerId": "2560993",
                "points": 2.0
            },
            {
                "teamPosition": "DEF",
                "playerPosition": "DEF",
                "playerName": "Steelers",
                "playerId": "100027",
                "points": 9.0
            },
            {
                "teamPosition": "DL",
                "playerPosition": "DL",
                "playerName": "A. Donald",
                "playerId": "2543485",
                "points": 9.0
            },
            {
                "teamPosition": "LB",
                "playerPosition": "LB",
                "playerName": "D. Leonard",
                "playerId": "2560789",
                "points": 11.5
            },
            {
                "teamPosition": "DB",
                "playerPosition": "DB",
                "playerName": "T. Mathieu",
                "playerId": "2540180",
                "points": 4.0
            }
        ],
        "bench": [
            {
                "teamPosition": "BN",
                "playerPosition": "RB",
                "playerName": "T. Coleman",
                "playerId": "2552453",
                "points": 1.1
            },
            {
                "teamPosition": "BN",
                "playerPosition": "TE",
                "playerName": "M. Williams",
                "playerId": "2552468",
                "points": 1.9
            },
            {
                "teamPosition": "BN",
                "playerPosition": "RB",
                "playerName": "J. McNichols",
                "playerId": "2557977",
                "points": 4.5
            },
            {
                "teamPosition": "BN",
                "playerPosition": "TE",
                "playerName": "M. Alie-Cox",
                "playerId": "2558832",
                "points": 6.5
            },
            {
                "teamPosition": "BN",
                "playerPosition": "QB",
                "playerName": "D. Jones",
                "playerId": "2562299",
                "points": 4.02
            },
            {
                "teamPosition": "BN",
                "playerPosition": "WR",
                "playerName": "T. Higgins",
                "playerId": "2563731",
                "points": 7.7
            },
            {
                "teamPosition": "BN",
                "playerPosition": "DEF",
                "playerName": "Cowboys",
                "playerId": "100008",
                "points": 15.0
            }
        ]
    }
}