{
    "week": 14,
    "teamWinner": {
        "teamId": "3",
        "points": 110.72,
        "standings": "10-4-0",
        "starters": [
            {
                "teamPosition": "QB",
                "playerPosition": "QB",
                "playerName": "T. Brady",
                "playerId": "2504211",
                "points": 9.32
            },
            {
                "teamPosition": "RB",
                "playerPosition": "RB",
                "playerName": "L. Bell",
                "playerId": "2540175",
                "points": 30.5
            },
            {
                "teamPosition": "RB",
                "playerPosition": "RB",
                "playerName": "J. Williams",
                "playerId": "2558204",
                "points": 23.8
            },
            {
                "teamPosition": "WR",
                "playerPosition": "WR",
                "playerName": "M. Crabtree",
                "playerId": "71269",
                "points": 9.0
            },
            {
                "teamPosition": "WR",
                "playerPosition": "WR",
                "playerName": "R. Anderson",
                "playerId": "2556462",
                "points": 2.7
            },
            {
                "teamPosition": "TE",
                "playerPosition": "TE",
                "playerName": "T. Burton",
                "playerId": "2550284",
                "points": 19.1
            },
            {
                "teamPosition": "R/W/T",
                "playerPosition": "RB",
                "playerName": "P. Barber",
                "playerId": "2556466",
                "points": 6.3
            },
            {
                "teamPosition": "K",
                "playerPosition": "K",
                "playerName": "W. Lutz",
                "playerId": "2556601",
                "points": 5.0
            },
            {
                "teamPosition": "DEF",
                "playerPosition": "DEF",
                "playerName": "Steelers",
                "playerId": "100027",
                "points": 1.0
            },
            {
                "teamPosition": "LB",
                "playerPosition": "LB",
                "playerName": "B. Martinez",
                "playerId": "2555161",
                "points": 4.0
            }
        ],
        "bench": [
            {
                "teamPosition": "BN",
                "playerPosition": "WR",
                "playerName": "D. Bryant",
                "playerId": "497278",
                "points": 14.3
            },
            {
                "teamPosition": "BN",
                "playerPosition": "WR",
                "playerName": "D. Baldwin",
                "playerId": "2530747",
                "points": 14.8
            },
            {
                "teamPosition": "BN",
                "playerPosition": "WR",
                "playerName": "A. Jeffery",
                "playerId": "2533039",
                "points": 11.2
            },
            {
                "teamPosition": "BN",
                "playerPosition": "TE",
                "playerName": "Z. Ertz",
                "playerId": "2540158",
                "points": 0.0
            },
            {
                "teamPosition": "BN",
                "playerPosition": "RB",
                "playerName": "J. McKinnon",
                "playerId": "2543715",
                "points": 5.5
            },
            {
                "teamPosition": "BN",
                "playerPosition": "RB",
                "playerName": "C. Hyde",
                "playerId": "2543743",
                "points": 13.8
            },
            {
                "teamPosition": "BN",
                "playerPosition": "QB",
                "playerName": "J. Goff",
                "playerId": "2555334",
                "points": 17.16
            }
        ]
    },
    "teamLoser": {
        "teamId": "9",
        "points": 104.24,
        "standings": "8-6-0",
        "starters": [
            {
                "teamPosition": "QB",
                "playerPosition": "QB",
                "playerName": "C. Wentz",
                "playerId": "2555259",
                "points": 34.24
            },
            {
                "teamPosition": "RB",
                "playerPosition": "RB",
                "playerName": "L. Miller",
                "playerId": "2533034",
                "points": 6.0
            },
            {
                "teamPosition": "RB",
                "playerPosition": "RB",
                "playerName": "T. Coleman",
                "playerId": "2552453",
                "points": 4.2
            },
            {
                "teamPosition": "WR",
                "playerPosition": "WR",
                "playerName": "D. Thomas",
                "playerId": "497328",
                "points": 15.3
            },
            {
                "teamPosition": "WR",
                "playerPosition": "WR",
                "playerName": "C. Kupp",
                "playerId": "2557898",
                "points": 17.8
            },
            {
                "teamPosition": "TE",
                "playerPosition": "TE",
                "playerName": "J. Graham",
                "playerId": "497236",
                "points": 1.0
            },
            {
                "teamPosition": "R/W/T",
                "playerPosition": "RB",
                "playerName": "D. Lewis",
                "playerId": "2495469",
                "points": 6.7
            },
            {
                "teamPosition": "K",
                "playerPosition": "K",
                "playerName": "S. Gostkowski",
                "playerId": "2506922",
                "points": 9.0
            },
            {
                "teamPosition": "DEF",
                "playerPosition": "DEF",
                "playerName": "Packers",
                "playerId": "100011",
                "points": 10.0
            },
            {
                "teamPosition": "LB",
                "playerPosition": "LB",
                "playerName": "V. Burfict",
                "playerId": "2533058",
                "points": 0.0
            }
        ],
        "bench": [
            {
                "teamPosition": "BN",
                "playerPosition": "WR",
                "playerName": "E. Sanders",
                "playerId": "497322",
                "points": 1.6
            },
            {
                "teamPosition": "BN",
                "playerPosition": "WR",
                "playerName": "R. Matthews",
                "playerId": "2532903",
                "points": 1.9
            },
            {
                "teamPosition": "BN",
                "playerPosition": "WR",
                "playerName": "K. Stills",
                "playerId": "2540202",
                "points": 1.8
            },
            {
                "teamPosition": "BN",
                "playerPosition": "WR",
                "playerName": "P. Richardson",
                "playerId": "2543491",
                "points": 14.2
            },
            {
                "teamPosition": "BN",
                "playerPosition": "QB",
                "playerName": "M. Mariota",
                "playerId": "2552466",
                "points": 1.46
            },
            {
                "teamPosition": "BN",
                "playerPosition": "RB",
                "playerName": "E. Elliott",
                "playerId": "2555224",
                "points": 0.0
            },
            {
                "teamPosition": "BN",
                "playerPosition": "LB",
                "playerName": "K. Van Noy",
                "playerId": "2543699",
                "points": 0.0
            }
        ]
    }
}