{
    "week": 14,
    "teamWinner": {
        "teamId": "10",
        "points": 101.34,
        "standings": "7-7-0",
        "starters": [
            {
                "teamPosition": "QB",
                "playerPosition": "QB",
                "playerName": "M. Stafford",
                "playerId": "79860",
                "points": 15.24
            },
            {
                "teamPosition": "RB",
                "playerPosition": "RB",
                "playerName": "L. McCoy",
                "playerId": "79607",
                "points": 22.6
            },
            {
                "teamPosition": "RB",
                "playerPosition": "RB",
                "playerName": "K. Hunt",
                "playerId": "2557917",
                "points": 19.8
            },
            {
                "teamPosition": "WR",
                "playerPosition": "WR",
                "playerName": "J. Landry",
                "playerId": "2543488",
                "points": 16.6
            },
            {
                "teamPosition": "WR",
                "playerPosition": "WR",
                "playerName": "A. Cooper",
                "playerId": "2552487",
                "points": 0.0
            },
            {
                "teamPosition": "TE",
                "playerPosition": "TE",
                "playerName": "K. Rudolph",
                "playerId": "2495438",
                "points": 11.1
            },
            {
                "teamPosition": "R/W/T",
                "playerPosition": "RB",
                "playerName": "J. Ajayi",
                "playerId": "2552582",
                "points": 8.0
            },
            {
                "teamPosition": "K",
                "playerPosition": "K",
                "playerName": "C. Catanzaro",
                "playerId": "2550325",
                "points": 0.0
            },
            {
                "teamPosition": "DEF",
                "playerPosition": "DEF",
                "playerName": "Bengals",
                "playerId": "100006",
                "points": 1.0
            },
            {
                "teamPosition": "LB",
                "playerPosition": "LB",
                "playerName": "M. Barron",
                "playerId": "2532789",
                "points": 7.0
            }
        ],
        "bench": [
            {
                "teamPosition": "BN",
                "playerPosition": "QB",
                "playerName": "A. Dalton",
                "playerId": "2495143",
                "points": 8.64
            },
            {
                "teamPosition": "BN",
                "playerPosition": "WR",
                "playerName": "L. Fitzgerald",
                "playerId": "2506106",
                "points": 4.4
            },
            {
                "teamPosition": "BN",
                "playerPosition": "RB",
                "playerName": "A. Peterson",
                "playerId": "2507164",
                "points": 0.0
            },
            {
                "teamPosition": "BN",
                "playerPosition": "WR",
                "playerName": "S. Shepard",
                "playerId": "2555295",
                "points": 0.7
            },
            {
                "teamPosition": "BN",
                "playerPosition": "K",
                "playerName": "B. McManus",
                "playerId": "2541556",
                "points": 14.0
            },
            {
                "teamPosition": "BN",
                "playerPosition": "DEF",
                "playerName": "Panthers",
                "playerId": "100004",
                "points": 18.0
            },
            {
                "teamPosition": "BN",
                "playerPosition": "LB",
                "playerName": "D. Davis",
                "playerId": "2533008",
                "points": 11.0
            }
        ]
    },
    "teamLoser": {
        "teamId": "2",
        "points": 87.0,
        "standings": "4-10-0",
        "starters": [
            {
                "teamPosition": "QB",
                "playerPosition": "QB",
                "playerName": "C. Keenum",
                "playerId": "2532888",
                "points": 19.2
            },
            {
                "teamPosition": "RB",
                "playerPosition": "RB",
                "playerName": "L. Murray",
                "playerId": "2541161",
                "points": 2.0
            },
            {
                "teamPosition": "RB",
                "playerPosition": "RB",
                "playerName": "D. Johnson",
                "playerId": "2552461",
                "points": 11.9
            },
            {
                "teamPosition": "WR",
                "playerPosition": "WR",
                "playerName": "M. Jones",
                "playerId": "2532884",
                "points": 6.4
            },
            {
                "teamPosition": "WR",
                "playerPosition": "WR",
                "playerName": "B. Cooks",
                "playerId": "2543498",
                "points": 4.8
            },
            {
                "teamPosition": "TE",
                "playerPosition": "TE",
                "playerName": "J. Witten",
                "playerId": "2505629",
                "points": 8.0
            },
            {
                "teamPosition": "R/W/T",
                "playerPosition": "RB",
                "playerName": "D. Murray",
                "playerId": "2495207",
                "points": 4.7
            },
            {
                "teamPosition": "K",
                "playerPosition": "K",
                "playerName": "M. Prater",
                "playerId": "2506677",
                "points": 7.0
            },
            {
                "teamPosition": "DEF",
                "playerPosition": "DEF",
                "playerName": "Jaguars",
                "playerId": "100015",
                "points": 14.0
            },
            {
                "teamPosition": "LB",
                "playerPosition": "LB",
                "playerName": "C. Mosley",
                "playerId": "2543464",
                "points": 9.0
            }
        ],
        "bench": [
            {
                "teamPosition": "BN",
                "playerPosition": "WR",
                "playerName": "T. Ginn",
                "playerId": "2507166",
                "points": 0.7
            },
            {
                "teamPosition": "BN",
                "playerPosition": "WR",
                "playerName": "C. Hogan",
                "playerId": "2530515",
                "points": 0.1
            },
            {
                "teamPosition": "BN",
                "playerPosition": "WR",
                "playerName": "R. Woods",
                "playerId": "2540169",
                "points": 0.0
            },
            {
                "teamPosition": "BN",
                "playerPosition": "QB",
                "playerName": "J. Garoppolo",
                "playerId": "2543801",
                "points": 16.06
            },
            {
                "teamPosition": "BN",
                "playerPosition": "WR",
                "playerName": "J. Crowder",
                "playerId": "2552415",
                "points": 3.4
            },
            {
                "teamPosition": "BN",
                "playerPosition": "RB",
                "playerName": "J. Allen",
                "playerId": "2552631",
                "points": 20.7
            },
            {
                "teamPosition": "BN",
                "playerPosition": "RB",
                "playerName": "A. Ekeler",
                "playerId": "2559169",
                "points": 8.9
            }
        ]
    }
}