{
    "week": 16,
    "teamWinner": {
        "teamId": "8",
        "points": 129.92,
        "standings": "8-6-0",
        "starters": [
            {
                "teamPosition": "QB",
                "playerPosition": "QB",
                "playerName": "P. Mahomes",
                "playerId": "2558125",
                "points": 22.82
            },
            {
                "teamPosition": "RB",
                "playerPosition": "RB",
                "playerName": "R. Mostert",
                "playerId": "2553728",
                "points": 0.0
            },
            {
                "teamPosition": "RB",
                "playerPosition": "RB",
                "playerName": "J. Taylor",
                "playerId": "2564148",
                "points": 20.0
            },
            {
                "teamPosition": "WR",
                "playerPosition": "WR",
                "playerName": "M. Evans",
                "playerId": "2543468",
                "points": 30.1
            },
            {
                "teamPosition": "WR",
                "playerPosition": "WR",
                "playerName": "D. Adams",
                "playerId": "2543495",
                "points": 32.2
            },
            {
                "teamPosition": "TE",
                "playerPosition": "TE",
                "playerName": "R. Rodgers",
                "playerId": "2550313",
                "points": 0.0
            },
            {
                "teamPosition": "R/W/T",
                "playerPosition": "RB",
                "playerName": "C. Edmonds",
                "playerId": "2560711",
                "points": 0.8
            },
            {
                "teamPosition": "K",
                "playerPosition": "K",
                "playerName": "R. Blankenship",
                "playerId": "2564106",
                "points": 4.0
            },
            {
                "teamPosition": "DEF",
                "playerPosition": "DEF",
                "playerName": "Bills",
                "playerId": "100003",
                "points": 11.0
            },
            {
                "teamPosition": "DL",
                "playerPosition": "DL",
                "playerName": "L. Williams",
                "playerId": "2552486",
                "points": 0.3
            },
            {
                "teamPosition": "LB",
                "playerPosition": "LB",
                "playerName": "B. Martinez",
                "playerId": "2555161",
                "points": 5.7
            },
            {
                "teamPosition": "DB",
                "playerPosition": "DB",
                "playerName": "J. Poyer",
                "playerId": "2539290",
                "points": 3.0
            }
        ],
        "bench": [
            {
                "teamPosition": "BN",
                "playerPosition": "RB",
                "playerName": "C. Hyde",
                "playerId": "2543743",
                "points": 2.6
            },
            {
                "teamPosition": "BN",
                "playerPosition": "WR",
                "playerName": "D. Parker",
                "playerId": "2552409",
                "points": 0.0
            },
            {
                "teamPosition": "BN",
                "playerPosition": "WR",
                "playerName": "K. Cole",
                "playerId": "2559153",
                "points": 2.6
            },
            {
                "teamPosition": "BN",
                "playerPosition": "QB",
                "playerName": "D. Jones",
                "playerId": "2562299",
                "points": 16.38
            },
            {
                "teamPosition": "BN",
                "playerPosition": "WR",
                "playerName": "D. Slayton",
                "playerId": "2562736",
                "points": 2.6
            },
            {
                "teamPosition": "BN",
                "playerPosition": "RB",
                "playerName": "B. Snell",
                "playerId": "2562743",
                "points": 0.6
            },
            {
                "teamPosition": "BN",
                "playerPosition": "WR",
                "playerName": "J. Jeudy",
                "playerId": "2563896",
                "points": 6.1
            },
            {
                "teamPosition": "BN",
                "playerPosition": "RB",
                "playerName": "D. Dallas",
                "playerId": "2565144",
                "points": 0.0
            },
            {
                "teamPosition": "BN",
                "playerPosition": "LB",
                "playerName": "B. Wagner",
                "playerId": "2532966",
                "points": 3.3
            }
        ]
    },
    "teamLoser": {
        "teamId": "12",
        "points": 74.68,
        "standings": "7-7-0",
        "starters": [
            {
                "teamPosition": "QB",
                "playerPosition": "QB",
                "playerName": "K. Murray",
                "playerId": "2562382",
                "points": 14.38
            },
            {
                "teamPosition": "RB",
                "playerPosition": "RB",
                "playerName": "M. Davis",
                "playerId": "2553439",
                "points": 8.8
            },
            {
                "teamPosition": "RB",
                "playerPosition": "RB",
                "playerName": "D. Harris",
                "playerId": "2562281",
                "points": 0.0
            },
            {
                "teamPosition": "WR",
                "playerPosition": "WR",
                "playerName": "D. Hopkins",
                "playerId": "2540165",
                "points": 3.8
            },
            {
                "teamPosition": "WR",
                "playerPosition": "WR",
                "playerName": "J. Jefferson",
                "playerId": "2564556",
                "points": 8.5
            },
            {
                "teamPosition": "TE",
                "playerPosition": "TE",
                "playerName": "E. Engram",
                "playerId": "2557858",
                "points": 7.0
            },
            {
                "teamPosition": "R/W/T",
                "playerPosition": "WR",
                "playerName": "A. Brown",
                "playerId": "2508061",
                "points": 9.5
            },
            {
                "teamPosition": "K",
                "playerPosition": "K",
                "playerName": "Y. Koo",
                "playerId": "2559205",
                "points": 0.0
            },
            {
                "teamPosition": "DEF",
                "playerPosition": "DEF",
                "playerName": "Dolphins",
                "playerId": "100019",
                "points": 10.0
            },
            {
                "teamPosition": "DL",
                "playerPosition": "DL",
                "playerName": "A. Highsmith",
                "playerId": "2564982",
                "points": 3.6
            },
            {
                "teamPosition": "LB",
                "playerPosition": "LB",
                "playerName": "A. Singleton",
                "playerId": "2553739",
                "points": 3.9
            },
            {
                "teamPosition": "DB",
                "playerPosition": "DB",
                "playerName": "J. Adams",
                "playerId": "2557979",
                "points": 5.2
            }
        ],
        "bench": [
            {
                "teamPosition": "BN",
                "playerPosition": "RB",
                "playerName": "M. Ingram",
                "playerId": "2495466",
                "points": 0.0
            },
            {
                "teamPosition": "BN",
                "playerPosition": "WR",
                "playerName": "K. Allen",
                "playerId": "2540154",
                "points": 0.0
            },
            {
                "teamPosition": "BN",
                "playerPosition": "WR",
                "playerName": "R. Woods",
                "playerId": "2540169",
                "points": 4.9
            },
            {
                "teamPosition": "BN",
                "playerPosition": "WR",
                "playerName": "J. Brown",
                "playerId": "2543847",
                "points": 0.0
            },
            {
                "teamPosition": "BN",
                "playerPosition": "TE",
                "playerName": "T. Higbee",
                "playerId": "2555364",
                "points": 3.4
            },
            {
                "teamPosition": "BN",
                "playerPosition": "RB",
                "playerName": "N. Hines",
                "playerId": "2560742",
                "points": 6.4
            },
            {
                "teamPosition": "BN",
                "playerPosition": "RB",
                "playerName": "S. Michel",
                "playerId": "2560809",
                "points": 6.9
            },
            {
                "teamPosition": "BN",
                "playerPosition": "RB",
                "playerName": "K. Ballage",
                "playerId": "2560967",
                "points": 2.6
            },
            {
                "teamPosition": "BN",
                "playerPosition": "QB",
                "playerName": "J. Hurts",
                "playerId": "2564832",
                "points": 15.58
            }
        ]
    }
}