{
    "week": 16,
    "teamWinner": {
        "teamId": "6",
        "points": 133.4,
        "standings": "8-6-0",
        "starters": [
            {
                "teamPosition": "QB",
                "playerPosition": "QB",
                "playerName": "R. Wilson",
                "playerId": "2532975",
                "points": 21.9
            },
            {
                "teamPosition": "RB",
                "playerPosition": "RB",
                "playerName": "N. Chubb",
                "playerId": "2561021",
                "points": 12.6
            },
            {
                "teamPosition": "RB",
                "playerPosition": "RB",
                "playerName": "D. Swift",
                "playerId": "2563965",
                "points": 3.0
            },
            {
                "teamPosition": "WR",
                "playerPosition": "WR",
                "playerName": "A. Cooper",
                "playerId": "2552487",
                "points": 12.1
            },
            {
                "teamPosition": "WR",
                "playerPosition": "WR",
                "playerName": "S. Diggs",
                "playerId": "2552608",
                "points": 33.5
            },
            {
                "teamPosition": "TE",
                "playerPosition": "TE",
                "playerName": "D. Waller",
                "playerId": "2552408",
                "points": 11.2
            },
            {
                "teamPosition": "R/W/T",
                "playerPosition": "RB",
                "playerName": "J. Dobbins",
                "playerId": "2563548",
                "points": 13.7
            },
            {
                "teamPosition": "K",
                "playerPosition": "K",
                "playerName": "H. Butker",
                "playerId": "2558245",
                "points": 6.0
            },
            {
                "teamPosition": "DEF",
                "playerPosition": "DEF",
                "playerName": "Browns",
                "playerId": "100007",
                "points": 4.0
            },
            {
                "teamPosition": "DL",
                "playerPosition": "DL",
                "playerName": "C. Jordan",
                "playerId": "2495184",
                "points": 5.5
            },
            {
                "teamPosition": "LB",
                "playerPosition": "LB",
                "playerName": "T. Watt",
                "playerId": "2558064",
                "points": 7.8
            },
            {
                "teamPosition": "DB",
                "playerPosition": "DB",
                "playerName": "J. Simmons",
                "playerId": "2555550",
                "points": 2.1
            }
        ],
        "bench": [
            {
                "teamPosition": "BN",
                "playerPosition": "WR",
                "playerName": "J. Jones",
                "playerId": "2495454",
                "points": 0.0
            },
            {
                "teamPosition": "BN",
                "playerPosition": "RB",
                "playerName": "M. Gordon",
                "playerId": "2552469",
                "points": 7.9
            },
            {
                "teamPosition": "BN",
                "playerPosition": "RB",
                "playerName": "J. Williams",
                "playerId": "2558204",
                "points": 0.0
            },
            {
                "teamPosition": "BN",
                "playerPosition": "QB",
                "playerName": "T. Hill",
                "playerId": "2558954",
                "points": 10.02
            },
            {
                "teamPosition": "BN",
                "playerPosition": "RB",
                "playerName": "K. Johnson",
                "playerId": "2560765",
                "points": 1.7
            },
            {
                "teamPosition": "BN",
                "playerPosition": "WR",
                "playerName": "A. Miller",
                "playerId": "2560810",
                "points": 1.0
            },
            {
                "teamPosition": "BN",
                "playerPosition": "QB",
                "playerName": "D. Lock",
                "playerId": "2562305",
                "points": 12.06
            },
            {
                "teamPosition": "BN",
                "playerPosition": "TE",
                "playerName": "T. Hockenson",
                "playerId": "2562378",
                "points": 2.3
            },
            {
                "teamPosition": "BN",
                "playerPosition": "WR",
                "playerName": "T. Higgins",
                "playerId": "2563731",
                "points": 15.9
            }
        ]
    },
    "teamLoser": {
        "teamId": "1",
        "points": 88.24,
        "standings": "8-6-0",
        "starters": [
            {
                "teamPosition": "QB",
                "playerPosition": "QB",
                "playerName": "D. Brees",
                "playerId": "2504775",
                "points": 6.14
            },
            {
                "teamPosition": "RB",
                "playerPosition": "RB",
                "playerName": "W. Gallman",
                "playerId": "2557952",
                "points": 5.3
            },
            {
                "teamPosition": "RB",
                "playerPosition": "RB",
                "playerName": "M. Gaskin",
                "playerId": "2562270",
                "points": 29.9
            },
            {
                "teamPosition": "WR",
                "playerPosition": "WR",
                "playerName": "C. Davis",
                "playerId": "2557848",
                "points": 0.0
            },
            {
                "teamPosition": "WR",
                "playerPosition": "WR",
                "playerName": "C. Ridley",
                "playerId": "2560854",
                "points": 12.3
            },
            {
                "teamPosition": "TE",
                "playerPosition": "TE",
                "playerName": "L. Thomas",
                "playerId": "2543767",
                "points": 6.9
            },
            {
                "teamPosition": "R/W/T",
                "playerPosition": "RB",
                "playerName": "C. Carson",
                "playerId": "2558865",
                "points": 7.9
            },
            {
                "teamPosition": "K",
                "playerPosition": "K",
                "playerName": "R. Succop",
                "playerId": "89802",
                "points": -2.0
            },
            {
                "teamPosition": "DEF",
                "playerPosition": "DEF",
                "playerName": "Cardinals",
                "playerId": "100026",
                "points": 11.0
            },
            {
                "teamPosition": "DL",
                "playerPosition": "DL",
                "playerName": "D. Buckner",
                "playerId": "2555275",
                "points": 1.9
            },
            {
                "teamPosition": "LB",
                "playerPosition": "LB",
                "playerName": "D. White",
                "playerId": "2562781",
                "points": 8.0
            },
            {
                "teamPosition": "DB",
                "playerPosition": "DB",
                "playerName": "T. Hill",
                "playerId": "2553536",
                "points": 0.9
            }
        ],
        "bench": [
            {
                "teamPosition": "BN",
                "playerPosition": "TE",
                "playerName": "R. Gronkowski",
                "playerId": "497240",
                "points": 17.8
            },
            {
                "teamPosition": "BN",
                "playerPosition": "QB",
                "playerName": "P. Rivers",
                "playerId": "2506121",
                "points": 9.8
            },
            {
                "teamPosition": "BN",
                "playerPosition": "WR",
                "playerName": "T. Hilton",
                "playerId": "2532865",
                "points": 6.0
            },
            {
                "teamPosition": "BN",
                "playerPosition": "WR",
                "playerName": "M. Thomas",
                "playerId": "2556370",
                "points": 0.0
            },
            {
                "teamPosition": "BN",
                "playerPosition": "WR",
                "playerName": "T. Patrick",
                "playerId": "2558985",
                "points": 3.9
            },
            {
                "teamPosition": "BN",
                "playerPosition": "RB",
                "playerName": "P. Lindsay",
                "playerId": "2559947",
                "points": 0.0
            },
            {
                "teamPosition": "BN",
                "playerPosition": "RB",
                "playerName": "J. Robinson",
                "playerId": "2564223",
                "points": 0.0
            },
            {
                "teamPosition": "BN",
                "playerPosition": "DEF",
                "playerName": "Steelers",
                "playerId": "100027",
                "points": 18.0
            },
            {
                "teamPosition": "BN",
                "playerPosition": "DL",
                "playerName": "Q. Williams",
                "playerId": "2562599",
                "points": 0.0
            }
        ]
    }
}