{
    "week": 5,
    "teamWinner": {
        "teamId": "3",
        "points": 105.74,
        "standings": "2-3-0",
        "starters": [
            {
                "teamPosition": "QB",
                "playerPosition": "QB",
                "playerName": "D. Prescott",
                "playerId": "2555260",
                "points": 11.44
            },
            {
                "teamPosition": "RB",
                "playerPosition": "RB",
                "playerName": "J. Jacobs",
                "playerId": "2562377",
                "points": 20.5
            },
            {
                "teamPosition": "RB",
                "playerPosition": "RB",
                "playerName": "C. Edwards-Helaire",
                "playerId": "2564271",
                "points": 8.0
            },
            {
                "teamPosition": "WR",
                "playerPosition": "WR",
                "playerName": "M. Gallup",
                "playerId": "2560735",
                "points": 7.3
            },
            {
                "teamPosition": "WR",
                "playerPosition": "WR",
                "playerName": "D. Moore",
                "playerId": "2560813",
                "points": 16.3
            },
            {
                "teamPosition": "TE",
                "playerPosition": "TE",
                "playerName": "J. Graham",
                "playerId": "497236",
                "points": 9.3
            },
            {
                "teamPosition": "R/W/T",
                "playerPosition": "RB",
                "playerName": "J. Kelley",
                "playerId": "2565054",
                "points": 4.4
            },
            {
                "teamPosition": "K",
                "playerPosition": "K",
                "playerName": "W. Lutz",
                "playerId": "2556601",
                "points": 12.0
            },
            {
                "teamPosition": "DEF",
                "playerPosition": "DEF",
                "playerName": "Saints",
                "playerId": "100022",
                "points": 6.0
            },
            {
                "teamPosition": "DL",
                "playerPosition": "DL",
                "playerName": "M. Garrett",
                "playerId": "2557965",
                "points": 4.1
            },
            {
                "teamPosition": "LB",
                "playerPosition": "LB",
                "playerName": "D. White",
                "playerId": "2562781",
                "points": 1.2
            },
            {
                "teamPosition": "DB",
                "playerPosition": "LB",
                "playerName": "J. Chinn",
                "playerId": "2563632",
                "points": 5.2
            }
        ],
        "bench": [
            {
                "teamPosition": "BN",
                "playerPosition": "WR",
                "playerName": "T. Hilton",
                "playerId": "2532865",
                "points": 6.9
            },
            {
                "teamPosition": "BN",
                "playerPosition": "QB",
                "playerName": "R. Tannehill",
                "playerId": "2532956",
                "points": 36.0
            },
            {
                "teamPosition": "BN",
                "playerPosition": "TE",
                "playerName": "R. Tonyan",
                "playerId": "2559270",
                "points": 0.0
            },
            {
                "teamPosition": "BN",
                "playerPosition": "WR",
                "playerName": "T. Smith",
                "playerId": "2560878",
                "points": 0.8
            },
            {
                "teamPosition": "BN",
                "playerPosition": "WR",
                "playerName": "R. Gage",
                "playerId": "2561061",
                "points": 1.6
            },
            {
                "teamPosition": "BN",
                "playerPosition": "RB",
                "playerName": "D. Henderson",
                "playerId": "2562574",
                "points": 18.8
            },
            {
                "teamPosition": "BN",
                "playerPosition": "WR",
                "playerName": "D. Samuel",
                "playerId": "2562721",
                "points": 2.2
            },
            {
                "teamPosition": "BN",
                "playerPosition": "RB",
                "playerName": "J. Dobbins",
                "playerId": "2563548",
                "points": 5.5
            },
            {
                "teamPosition": "BN",
                "playerPosition": "RB",
                "playerName": "C. Akers",
                "playerId": "2564319",
                "points": 6.1
            }
        ]
    },
    "teamLoser": {
        "teamId": "9",
        "points": 92.82,
        "standings": "3-2-0",
        "starters": [
            {
                "teamPosition": "QB",
                "playerPosition": "QB",
                "playerName": "T. Brady",
                "playerId": "2504211",
                "points": 17.12
            },
            {
                "teamPosition": "RB",
                "playerPosition": "RB",
                "playerName": "D. Singletary",
                "playerId": "2562734",
                "points": 3.3
            },
            {
                "teamPosition": "RB",
                "playerPosition": "RB",
                "playerName": "A. Gibson",
                "playerId": "2565276",
                "points": 5.1
            },
            {
                "teamPosition": "WR",
                "playerPosition": "WR",
                "playerName": "A. Robinson",
                "playerId": "2543509",
                "points": 9.0
            },
            {
                "teamPosition": "WR",
                "playerPosition": "WR",
                "playerName": "T. Hill",
                "playerId": "2556214",
                "points": 15.3
            },
            {
                "teamPosition": "TE",
                "playerPosition": "TE",
                "playerName": "G. Kittle",
                "playerId": "2558266",
                "points": 4.4
            },
            {
                "teamPosition": "R/W/T",
                "playerPosition": "WR",
                "playerName": "S. Miller",
                "playerId": "2562865",
                "points": 0.0
            },
            {
                "teamPosition": "K",
                "playerPosition": "K",
                "playerName": "J. Tucker",
                "playerId": "2536340",
                "points": 7.0
            },
            {
                "teamPosition": "DEF",
                "playerPosition": "DEF",
                "playerName": "Buccaneers",
                "playerId": "100031",
                "points": 11.0
            },
            {
                "teamPosition": "DL",
                "playerPosition": "DL",
                "playerName": "A. Donald",
                "playerId": "2543485",
                "points": 12.4
            },
            {
                "teamPosition": "LB",
                "playerPosition": "LB",
                "playerName": "J. Smith",
                "playerId": "2555310",
                "points": 7.3
            },
            {
                "teamPosition": "DB",
                "playerPosition": "DB",
                "playerName": "H. Smith",
                "playerId": "2532948",
                "points": 0.9
            }
        ],
        "bench": [
            {
                "teamPosition": "BN",
                "playerPosition": "WR",
                "playerName": "L. Fitzgerald",
                "playerId": "2506106",
                "points": 3.5
            },
            {
                "teamPosition": "BN",
                "playerPosition": "RB",
                "playerName": "F. Gore",
                "playerId": "2506404",
                "points": 3.0
            },
            {
                "teamPosition": "BN",
                "playerPosition": "RB",
                "playerName": "R. Burkhead",
                "playerId": "2539265",
                "points": 0.0
            },
            {
                "teamPosition": "BN",
                "playerPosition": "RB",
                "playerName": "L. Bell",
                "playerId": "2540175",
                "points": 6.7
            },
            {
                "teamPosition": "BN",
                "playerPosition": "WR",
                "playerName": "J. Landry",
                "playerId": "2543488",
                "points": 8.8
            },
            {
                "teamPosition": "BN",
                "playerPosition": "RB",
                "playerName": "M. Brown",
                "playerId": "2552382",
                "points": 2.4
            },
            {
                "teamPosition": "BN",
                "playerPosition": "QB",
                "playerName": "C. Wentz",
                "playerId": "2555259",
                "points": 19.42
            },
            {
                "teamPosition": "BN",
                "playerPosition": "WR",
                "playerName": "M. Williams",
                "playerId": "2558846",
                "points": 23.9
            },
            {
                "teamPosition": "BN",
                "playerPosition": "TE",
                "playerName": "M. Gesicki",
                "playerId": "2560994",
                "points": 9.1
            }
        ]
    }
}