{
    "week": 5,
    "teamWinner": {
        "teamId": "10",
        "points": 130.48,
        "standings": "2-3-0",
        "starters": [
            {
                "teamPosition": "QB",
                "playerPosition": "QB",
                "playerName": "J. Herbert",
                "playerId": "2565045",
                "points": 36.36
            },
            {
                "teamPosition": "RB",
                "playerPosition": "RB",
                "playerName": "T. Gurley",
                "playerId": "2552475",
                "points": 21.0
            },
            {
                "teamPosition": "RB",
                "playerPosition": "RB",
                "playerName": "A. Kamara",
                "playerId": "2558019",
                "points": 11.9
            },
            {
                "teamPosition": "WR",
                "playerPosition": "WR",
                "playerName": "O. Beckham",
                "playerId": "2543496",
                "points": 7.02
            },
            {
                "teamPosition": "WR",
                "playerPosition": "WR",
                "playerName": "L. Shenault",
                "playerId": "2564232",
                "points": 7.9
            },
            {
                "teamPosition": "TE",
                "playerPosition": "TE",
                "playerName": "H. Henry",
                "playerId": "2555341",
                "points": 8.3
            },
            {
                "teamPosition": "R/W/T",
                "playerPosition": "WR",
                "playerName": "T. Boyd",
                "playerId": "2555466",
                "points": 4.2
            },
            {
                "teamPosition": "K",
                "playerPosition": "K",
                "playerName": "S. Gostkowski",
                "playerId": "2506922",
                "points": 6.0
            },
            {
                "teamPosition": "DEF",
                "playerPosition": "DEF",
                "playerName": "Browns",
                "playerId": "100007",
                "points": 19.0
            },
            {
                "teamPosition": "DL",
                "playerPosition": "DL",
                "playerName": "A. Hicks",
                "playerId": "2533433",
                "points": 2.5
            },
            {
                "teamPosition": "LB",
                "playerPosition": "LB",
                "playerName": "D. Campbell",
                "playerId": "2555255",
                "points": 5.1
            },
            {
                "teamPosition": "DB",
                "playerPosition": "DB",
                "playerName": "J. Jones",
                "playerId": "2558119",
                "points": 1.2
            }
        ],
        "bench": [
            {
                "teamPosition": "BN",
                "playerPosition": "WR",
                "playerName": "E. Sanders",
                "playerId": "497322",
                "points": 11.2
            },
            {
                "teamPosition": "BN",
                "playerPosition": "QB",
                "playerName": "N. Foles",
                "playerId": "2532842",
                "points": 11.62
            },
            {
                "teamPosition": "BN",
                "playerPosition": "RB",
                "playerName": "J. White",
                "playerId": "2543773",
                "points": 0.0
            },
            {
                "teamPosition": "BN",
                "playerPosition": "RB",
                "playerName": "L. Fournette",
                "playerId": "2557973",
                "points": 0.0
            },
            {
                "teamPosition": "BN",
                "playerPosition": "WR",
                "playerName": "C. Kirk",
                "playerId": "2560781",
                "points": 6.8
            },
            {
                "teamPosition": "BN",
                "playerPosition": "RB",
                "playerName": "J. Wilson",
                "playerId": "2560938",
                "points": 4.7
            },
            {
                "teamPosition": "BN",
                "playerPosition": "QB",
                "playerName": "J. Burrow",
                "playerId": "2563722",
                "points": 0.32
            },
            {
                "teamPosition": "BN",
                "playerPosition": "WR",
                "playerName": "B. Aiyuk",
                "playerId": "2565093",
                "points": 5.0
            },
            {
                "teamPosition": "BN",
                "playerPosition": "K",
                "playerName": "R. Bullock",
                "playerId": "2533444",
                "points": 2.0
            }
        ]
    },
    "teamLoser": {
        "teamId": "2",
        "points": 119.06,
        "standings": "3-2-0",
        "starters": [
            {
                "teamPosition": "QB",
                "playerPosition": "QB",
                "playerName": "K. Cousins",
                "playerId": "2532820",
                "points": 14.16
            },
            {
                "teamPosition": "RB",
                "playerPosition": "RB",
                "playerName": "D. Johnson",
                "playerId": "2552461",
                "points": 1.9
            },
            {
                "teamPosition": "RB",
                "playerPosition": "RB",
                "playerName": "J. Conner",
                "playerId": "2557978",
                "points": 12.9
            },
            {
                "teamPosition": "WR",
                "playerPosition": "WR",
                "playerName": "A. Thielen",
                "playerId": "2541785",
                "points": 20.3
            },
            {
                "teamPosition": "WR",
                "playerPosition": "WR",
                "playerName": "J. Smith-Schuster",
                "playerId": "2558149",
                "points": 2.8
            },
            {
                "teamPosition": "TE",
                "playerPosition": "TE",
                "playerName": "D. Schultz",
                "playerId": "2560866",
                "points": 0.6
            },
            {
                "teamPosition": "R/W/T",
                "playerPosition": "WR",
                "playerName": "W. Fuller",
                "playerId": "2555346",
                "points": 12.4
            },
            {
                "teamPosition": "K",
                "playerPosition": "K",
                "playerName": "J. Myers",
                "playerId": "2553112",
                "points": 3.0
            },
            {
                "teamPosition": "DEF",
                "playerPosition": "DEF",
                "playerName": "Ravens",
                "playerId": "100002",
                "points": 41.0
            },
            {
                "teamPosition": "DL",
                "playerPosition": "DL",
                "playerName": "D. Buckner",
                "playerId": "2555275",
                "points": 2.4
            },
            {
                "teamPosition": "LB",
                "playerPosition": "LB",
                "playerName": "J. Hicks",
                "playerId": "2552315",
                "points": 5.8
            },
            {
                "teamPosition": "DB",
                "playerPosition": "DB",
                "playerName": "M. Maye",
                "playerId": "2557995",
                "points": 1.8
            }
        ],
        "bench": [
            {
                "teamPosition": "BN",
                "playerPosition": "TE",
                "playerName": "G. Olsen",
                "playerId": "2495700",
                "points": 2.0
            },
            {
                "teamPosition": "BN",
                "playerPosition": "QB",
                "playerName": "A. Rodgers",
                "playerId": "2506363",
                "points": 0.0
            },
            {
                "teamPosition": "BN",
                "playerPosition": "QB",
                "playerName": "R. Fitzpatrick",
                "playerId": "2506581",
                "points": 33.6
            },
            {
                "teamPosition": "BN",
                "playerPosition": "RB",
                "playerName": "C. Thompson",
                "playerId": "2540011",
                "points": 4.2
            },
            {
                "teamPosition": "BN",
                "playerPosition": "QB",
                "playerName": "J. Garoppolo",
                "playerId": "2543801",
                "points": -3.92
            },
            {
                "teamPosition": "BN",
                "playerPosition": "WR",
                "playerName": "K. Bourne",
                "playerId": "2558914",
                "points": 9.0
            },
            {
                "teamPosition": "BN",
                "playerPosition": "RB",
                "playerName": "A. Ekeler",
                "playerId": "2559169",
                "points": 0.0
            },
            {
                "teamPosition": "BN",
                "playerPosition": "WR",
                "playerName": "A. Miller",
                "playerId": "2560810",
                "points": 2.8
            },
            {
                "teamPosition": "BN",
                "playerPosition": "DEF",
                "playerName": "Football Team",
                "playerId": "100032",
                "points": 5.0
            }
        ]
    }
}