{
    "week": 11,
    "teamWinner": {
        "teamId": "3",
        "points": 108.08,
        "standings": "5-6-0",
        "starters": [
            {
                "teamPosition": "QB",
                "playerPosition": "QB",
                "playerName": "D. Haskins",
                "playerId": "2562660",
                "points": 22.06
            },
            {
                "teamPosition": "RB",
                "playerPosition": "RB",
                "playerName": "N. Chubb",
                "playerId": "2561021",
                "points": 9.2
            },
            {
                "teamPosition": "RB",
                "playerPosition": "RB",
                "playerName": "J. Jacobs",
                "playerId": "2562377",
                "points": 9.4
            },
            {
                "teamPosition": "WR",
                "playerPosition": "WR",
                "playerName": "Z. Pascal",
                "playerId": "2558877",
                "points": 1.7
            },
            {
                "teamPosition": "WR",
                "playerPosition": "WR",
                "playerName": "C. Sutton",
                "playerId": "2560888",
                "points": 13.82
            },
            {
                "teamPosition": "TE",
                "playerPosition": "TE",
                "playerName": "D. Waller",
                "playerId": "2552408",
                "points": 7.6
            },
            {
                "teamPosition": "R/W/T",
                "playerPosition": "RB",
                "playerName": "J. Mixon",
                "playerId": "2557976",
                "points": 16.3
            },
            {
                "teamPosition": "K",
                "playerPosition": "K",
                "playerName": "J. Slye",
                "playerId": "2563132",
                "points": 2.0
            },
            {
                "teamPosition": "DEF",
                "playerPosition": "DEF",
                "playerName": "Jaguars",
                "playerId": "100015",
                "points": 13.0
            },
            {
                "teamPosition": "DL",
                "playerPosition": "DL",
                "playerName": "J. Bosa",
                "playerId": "2555249",
                "points": 2.0
            },
            {
                "teamPosition": "LB",
                "playerPosition": "LB",
                "playerName": "S. Thompson",
                "playerId": "2552447",
                "points": 4.5
            },
            {
                "teamPosition": "DB",
                "playerPosition": "DB",
                "playerName": "V. Bell",
                "playerId": "2555530",
                "points": 6.5
            }
        ],
        "bench": [
            {
                "teamPosition": "BN",
                "playerPosition": "WR",
                "playerName": "G. Tate",
                "playerId": "497326",
                "points": 0.0
            },
            {
                "teamPosition": "BN",
                "playerPosition": "WR",
                "playerName": "T. Hilton",
                "playerId": "2532865",
                "points": 0.0
            },
            {
                "teamPosition": "BN",
                "playerPosition": "WR",
                "playerName": "M. Jones",
                "playerId": "2532884",
                "points": 15.9
            },
            {
                "teamPosition": "BN",
                "playerPosition": "RB",
                "playerName": "J. White",
                "playerId": "2543773",
                "points": 5.6
            },
            {
                "teamPosition": "BN",
                "playerPosition": "RB",
                "playerName": "J. Ajayi",
                "playerId": "2552582",
                "points": 0.0
            },
            {
                "teamPosition": "BN",
                "playerPosition": "QB",
                "playerName": "C. Wentz",
                "playerId": "2555259",
                "points": 14.26
            },
            {
                "teamPosition": "BN",
                "playerPosition": "WR",
                "playerName": "D. Samuel",
                "playerId": "2562721",
                "points": 13.4
            },
            {
                "teamPosition": "BN",
                "playerPosition": "DEF",
                "playerName": "Seahawks",
                "playerId": "100030",
                "points": 0.0
            },
            {
                "teamPosition": "BN",
                "playerPosition": "DB",
                "playerName": "L. Collins",
                "playerId": "2552454",
                "points": 4.5
            }
        ]
    },
    "teamLoser": {
        "teamId": "10",
        "points": 73.24,
        "standings": "6-5-0",
        "starters": [
            {
                "teamPosition": "QB",
                "playerPosition": "QB",
                "playerName": "T. Brady",
                "playerId": "2504211",
                "points": 8.54
            },
            {
                "teamPosition": "RB",
                "playerPosition": "RB",
                "playerName": "L. Fournette",
                "playerId": "2557973",
                "points": 5.7
            },
            {
                "teamPosition": "RB",
                "playerPosition": "RB",
                "playerName": "S. Michel",
                "playerId": "2560809",
                "points": 4.4
            },
            {
                "teamPosition": "WR",
                "playerPosition": "WR",
                "playerName": "O. Beckham",
                "playerId": "2543496",
                "points": 6.0
            },
            {
                "teamPosition": "WR",
                "playerPosition": "WR",
                "playerName": "T. Boyd",
                "playerId": "2555466",
                "points": 1.0
            },
            {
                "teamPosition": "TE",
                "playerPosition": "TE",
                "playerName": "J. Witten",
                "playerId": "2505629",
                "points": 3.3
            },
            {
                "teamPosition": "R/W/T",
                "playerPosition": "RB",
                "playerName": "K. Hunt",
                "playerId": "2557917",
                "points": 5.8
            },
            {
                "teamPosition": "K",
                "playerPosition": "K",
                "playerName": "M. Badgley",
                "playerId": "2560965",
                "points": 5.0
            },
            {
                "teamPosition": "DEF",
                "playerPosition": "DEF",
                "playerName": "Chiefs",
                "playerId": "100016",
                "points": 21.0
            },
            {
                "teamPosition": "DL",
                "playerPosition": "DL",
                "playerName": "G. Jarrett",
                "playerId": "2552327",
                "points": 0.0
            },
            {
                "teamPosition": "LB",
                "playerPosition": "LB",
                "playerName": "T. Watt",
                "playerId": "2558064",
                "points": 6.0
            },
            {
                "teamPosition": "DB",
                "playerPosition": "DB",
                "playerName": "S. Williams",
                "playerId": "2539233",
                "points": 6.5
            }
        ],
        "bench": [
            {
                "teamPosition": "BN",
                "playerPosition": "WR",
                "playerName": "D. Amendola",
                "playerId": "2649",
                "points": 4.7
            },
            {
                "teamPosition": "BN",
                "playerPosition": "QB",
                "playerName": "R. Fitzpatrick",
                "playerId": "2506581",
                "points": 12.92
            },
            {
                "teamPosition": "BN",
                "playerPosition": "RB",
                "playerName": "R. Burkhead",
                "playerId": "2539265",
                "points": 4.8
            },
            {
                "teamPosition": "BN",
                "playerPosition": "WR",
                "playerName": "T. Gabriel",
                "playerId": "2550617",
                "points": 5.7
            },
            {
                "teamPosition": "BN",
                "playerPosition": "TE",
                "playerName": "R. Seals-Jones",
                "playerId": "2559248",
                "points": 0.0
            },
            {
                "teamPosition": "BN",
                "playerPosition": "RB",
                "playerName": "N. Hines",
                "playerId": "2560742",
                "points": 9.5
            },
            {
                "teamPosition": "BN",
                "playerPosition": "DEF",
                "playerName": "Ravens",
                "playerId": "100002",
                "points": 27.0
            },
            {
                "teamPosition": "BN",
                "playerPosition": "DB",
                "playerName": "J. Jenkins",
                "playerId": "2532875",
                "points": 0.0
            },
            {
                "teamPosition": "BN",
                "playerPosition": "LB",
                "playerName": "K. Van Noy",
                "playerId": "2543699",
                "points": 7.0
            }
        ]
    }
}