{
    "week": 13,
    "teamWinner": {
        "teamId": "3",
        "points": 137.6,
        "standings": "6-7-0",
        "starters": [
            {
                "teamPosition": "QB",
                "playerPosition": "QB",
                "playerName": "C. Wentz",
                "playerId": "2555259",
                "points": 30.4
            },
            {
                "teamPosition": "RB",
                "playerPosition": "RB",
                "playerName": "J. Mixon",
                "playerId": "2557976",
                "points": 13.0
            },
            {
                "teamPosition": "RB",
                "playerPosition": "RB",
                "playerName": "J. Jacobs",
                "playerId": "2562377",
                "points": 12.4
            },
            {
                "teamPosition": "WR",
                "playerPosition": "WR",
                "playerName": "M. Jones",
                "playerId": "2532884",
                "points": 10.0
            },
            {
                "teamPosition": "WR",
                "playerPosition": "WR",
                "playerName": "C. Sutton",
                "playerId": "2560888",
                "points": 20.4
            },
            {
                "teamPosition": "TE",
                "playerPosition": "TE",
                "playerName": "D. Waller",
                "playerId": "2552408",
                "points": 10.0
            },
            {
                "teamPosition": "R/W/T",
                "playerPosition": "RB",
                "playerName": "N. Chubb",
                "playerId": "2561021",
                "points": 7.9
            },
            {
                "teamPosition": "K",
                "playerPosition": "K",
                "playerName": "J. Slye",
                "playerId": "2563132",
                "points": 3.0
            },
            {
                "teamPosition": "DEF",
                "playerPosition": "DEF",
                "playerName": "Jaguars",
                "playerId": "100015",
                "points": 12.0
            },
            {
                "teamPosition": "DL",
                "playerPosition": "DL",
                "playerName": "M. Golden",
                "playerId": "2552273",
                "points": 6.0
            },
            {
                "teamPosition": "LB",
                "playerPosition": "LB",
                "playerName": "S. Thompson",
                "playerId": "2552447",
                "points": 6.0
            },
            {
                "teamPosition": "DB",
                "playerPosition": "DB",
                "playerName": "L. Collins",
                "playerId": "2552454",
                "points": 6.5
            }
        ],
        "bench": [
            {
                "teamPosition": "BN",
                "playerPosition": "WR",
                "playerName": "G. Tate",
                "playerId": "497326",
                "points": 0.0
            },
            {
                "teamPosition": "BN",
                "playerPosition": "WR",
                "playerName": "T. Hilton",
                "playerId": "2532865",
                "points": 0.0
            },
            {
                "teamPosition": "BN",
                "playerPosition": "RB",
                "playerName": "J. White",
                "playerId": "2543773",
                "points": 29.7
            },
            {
                "teamPosition": "BN",
                "playerPosition": "RB",
                "playerName": "J. Ajayi",
                "playerId": "2552582",
                "points": 0.9
            },
            {
                "teamPosition": "BN",
                "playerPosition": "WR",
                "playerName": "Z. Pascal",
                "playerId": "2558877",
                "points": 10.9
            },
            {
                "teamPosition": "BN",
                "playerPosition": "QB",
                "playerName": "D. Haskins",
                "playerId": "2562660",
                "points": 4.48
            },
            {
                "teamPosition": "BN",
                "playerPosition": "WR",
                "playerName": "D. Samuel",
                "playerId": "2562721",
                "points": 12.1
            },
            {
                "teamPosition": "BN",
                "playerPosition": "DEF",
                "playerName": "Seahawks",
                "playerId": "100030",
                "points": 12.0
            },
            {
                "teamPosition": "BN",
                "playerPosition": "DL",
                "playerName": "J. Bosa",
                "playerId": "2555249",
                "points": 0.5
            }
        ]
    },
    "teamLoser": {
        "teamId": "1",
        "points": 104.1,
        "standings": "6-7-0",
        "starters": [
            {
                "teamPosition": "QB",
                "playerPosition": "QB",
                "playerName": "R. Wilson",
                "playerId": "2532975",
                "points": 19.9
            },
            {
                "teamPosition": "RB",
                "playerPosition": "RB",
                "playerName": "L. Murray",
                "playerId": "2541161",
                "points": 0.2
            },
            {
                "teamPosition": "RB",
                "playerPosition": "RB",
                "playerName": "T. Gurley",
                "playerId": "2552475",
                "points": 17.5
            },
            {
                "teamPosition": "WR",
                "playerPosition": "WR",
                "playerName": "R. Woods",
                "playerId": "2540169",
                "points": 17.2
            },
            {
                "teamPosition": "WR",
                "playerPosition": "WR",
                "playerName": "C. Ridley",
                "playerId": "2560854",
                "points": 9.1
            },
            {
                "teamPosition": "TE",
                "playerPosition": "TE",
                "playerName": "H. Henry",
                "playerId": "2555341",
                "points": 1.0
            },
            {
                "teamPosition": "R/W/T",
                "playerPosition": "RB",
                "playerName": "B. Snell",
                "playerId": "2562743",
                "points": 12.7
            },
            {
                "teamPosition": "K",
                "playerPosition": "K",
                "playerName": "M. Gay",
                "playerId": "2562271",
                "points": 5.0
            },
            {
                "teamPosition": "DEF",
                "playerPosition": "DEF",
                "playerName": "Eagles",
                "playerId": "100025",
                "points": 6.0
            },
            {
                "teamPosition": "DL",
                "playerPosition": "DL",
                "playerName": "B. Graham",
                "playerId": "496788",
                "points": 1.5
            },
            {
                "teamPosition": "LB",
                "playerPosition": "LB",
                "playerName": "J. Hicks",
                "playerId": "2552315",
                "points": 4.0
            },
            {
                "teamPosition": "DB",
                "playerPosition": "DB",
                "playerName": "E. Reid",
                "playerId": "2540152",
                "points": 10.0
            }
        ],
        "bench": [
            {
                "teamPosition": "BN",
                "playerPosition": "QB",
                "playerName": "D. Brees",
                "playerId": "2504775",
                "points": 13.26
            },
            {
                "teamPosition": "BN",
                "playerPosition": "RB",
                "playerName": "R. Mostert",
                "playerId": "2553728",
                "points": 21.4
            },
            {
                "teamPosition": "BN",
                "playerPosition": "RB",
                "playerName": "M. Mack",
                "playerId": "2558123",
                "points": 0.0
            },
            {
                "teamPosition": "BN",
                "playerPosition": "WR",
                "playerName": "J. Smith-Schuster",
                "playerId": "2558149",
                "points": 0.0
            },
            {
                "teamPosition": "BN",
                "playerPosition": "RB",
                "playerName": "M. Breida",
                "playerId": "2558918",
                "points": 0.0
            },
            {
                "teamPosition": "BN",
                "playerPosition": "RB",
                "playerName": "C. Edmonds",
                "playerId": "2560711",
                "points": 0.0
            },
            {
                "teamPosition": "BN",
                "playerPosition": "DEF",
                "playerName": "Titans",
                "playerId": "100012",
                "points": 25.0
            },
            {
                "teamPosition": "BN",
                "playerPosition": "DEF",
                "playerName": "Rams",
                "playerId": "100017",
                "points": 27.0
            },
            {
                "teamPosition": "BN",
                "playerPosition": "DL",
                "playerName": "M. Ingram",
                "playerId": "2532870",
                "points": 3.0
            }
        ]
    }
}