{
    "1": {
        "id": "1",
        "moves": "42",
        "ownerName": "Lucas",
        "teamLogo": "https://static.www.nfl.com/league/apps/fantasy/logos/avatar/240x240/TEN_1.png",
        "teamName": "Crying King",
        "trades": "1"
    },
    "10": {
        "id": "10",
        "moves": "31",
        "ownerName": "Caio",
        "teamLogo": "https://static.www.nfl.com/league/apps/fantasy/logos/avatar/240x240/NE_5.png",
        "teamName": "Goatseason12",
        "trades": "0"
    },
    "11": {
        "id": "11",
        "moves": "27",
        "ownerName": "Guilherme",
        "teamLogo": "https://static.www.nfl.com/league/apps/fantasy/logos/avatar/240x240/DEN_1.png",
        "teamName": "Make America Gronk Again",
        "trades": "1"
    },
    "12": {
        "id": "12",
        "moves": "16",
        "ownerName": "Bernardo",
        "teamLogo": "https://static.www.nfl.com/league/apps/fantasy/logos/avatar/240x240/PHI_4.png",
        "teamName": "BezaDesembolando",
        "trades": "0"
    },
    "2": {
        "id": "2",
        "moves": "6",
        "ownerName": "Victor",
        "teamLogo": "https://image.fantasy.nfl.com/image/dfb6bb4092104bedc10dd48e177f1a2d.jpg?x=40&y=40&sig=3377b82bd16af9b22366361697ca1647",
        "teamName": "Lauar Team",
        "trades": "1"
    },
    "3": {
        "id": "3",
        "moves": "42",
        "ownerName": "Casao",
        "teamLogo": "https://image.fantasy.nfl.com/image/ab6029bee559213c76cb792b7777526f.jpg?x=40&y=40&sig=49cd446146346779fbc0d9003277c13e",
        "teamName": "El Pocoto de Asuncion",
        "trades": "2"
    },
    "4": {
        "id": "4",
        "moves": "32",
        "ownerName": "Joao Victor",
        "teamLogo": "https://static.www.nfl.com/league/apps/fantasy/logos/avatar/240x240/NYG_4.png",
        "teamName": "Operation Z4",
        "trades": "3"
    },
    "5": {
        "id": "5",
        "moves": "47",
        "ownerName": "Eduardo",
        "teamLogo": "https://static.www.nfl.com/league/apps/fantasy/logos/avatar/240x240/JAX_4.png",
        "teamName": "2Pack",
        "trades": "0"
    },
    "6": {
        "id": "6",
        "moves": "13",
        "ownerName": "Gabriel",
        "teamLogo": "https://static.www.nfl.com/league/apps/fantasy/logos/avatar/240x240/PHI_5.png",
        "teamName": "Gang Green",
        "trades": "0"
    },
    "7": {
        "id": "7",
        "moves": "43",
        "ownerName": "Daniel",
        "teamLogo": "https://image.fantasy.nfl.com/image/b3e9d64c216c28c2de7e1e47cc7c85f1.jpg?x=40&y=40&sig=6e7866a88661ce6d8e9afc3967dfa453",
        "teamName": "GOBulldogs FC",
        "trades": "2"
    },
    "8": {
        "id": "8",
        "moves": "23",
        "ownerName": "Pitico",
        "teamLogo": "https://image.fantasy.nfl.com/image/972f3a704d9b0c02b5ad29a1dc165757.jpg?x=40&y=40&sig=3a225318cc903fe8d3976b46045734c7",
        "teamName": "PITICO CEIFADOR",
        "trades": "2"
    },
    "9": {
        "id": "9",
        "moves": "22",
        "ownerName": "Gustavo",
        "teamLogo": "https://static.www.nfl.com/league/apps/fantasy/logos/avatar/240x240/CHI_1.png",
        "teamName": "Chernobyl FC",
        "trades": "0"
    }
}