{
    "week": 7,
    "teamWinner": {
        "teamId": "10",
        "points": 116.66,
        "standings": "5-2-0",
        "starters": [
            {
                "teamPosition": "QB",
                "playerPosition": "QB",
                "playerName": "T. Brady",
                "playerId": "2504211",
                "points": 12.96
            },
            {
                "teamPosition": "RB",
                "playerPosition": "RB",
                "playerName": "L. Fournette",
                "playerId": "2557973",
                "points": 16.5
            },
            {
                "teamPosition": "RB",
                "playerPosition": "RB",
                "playerName": "R. Freeman",
                "playerId": "2560733",
                "points": 14.7
            },
            {
                "teamPosition": "WR",
                "playerPosition": "WR",
                "playerName": "T. Boyd",
                "playerId": "2555466",
                "points": 2.5
            },
            {
                "teamPosition": "WR",
                "playerPosition": "WR",
                "playerName": "D. Slayton",
                "playerId": "2562736",
                "points": 2.8
            },
            {
                "teamPosition": "TE",
                "playerPosition": "TE",
                "playerName": "J. Witten",
                "playerId": "2505629",
                "points": 3.3
            },
            {
                "teamPosition": "R/W/T",
                "playerPosition": "RB",
                "playerName": "S. Michel",
                "playerId": "2560809",
                "points": 21.4
            },
            {
                "teamPosition": "K",
                "playerPosition": "K",
                "playerName": "M. Crosby",
                "playerId": "2507232",
                "points": 6.0
            },
            {
                "teamPosition": "DEF",
                "playerPosition": "DEF",
                "playerName": "Ravens",
                "playerId": "100002",
                "points": 23.0
            },
            {
                "teamPosition": "DL",
                "playerPosition": "DL",
                "playerName": "K. Clark",
                "playerId": "2555282",
                "points": 4.0
            },
            {
                "teamPosition": "LB",
                "playerPosition": "LB",
                "playerName": "K. Van Noy",
                "playerId": "2543699",
                "points": 5.5
            },
            {
                "teamPosition": "DB",
                "playerPosition": "DB",
                "playerName": "J. Jenkins",
                "playerId": "2532875",
                "points": 4.0
            }
        ],
        "bench": [
            {
                "teamPosition": "BN",
                "playerPosition": "WR",
                "playerName": "D. Amendola",
                "playerId": "2649",
                "points": 10.5
            },
            {
                "teamPosition": "BN",
                "playerPosition": "RB",
                "playerName": "A. Peterson",
                "playerId": "2507164",
                "points": 4.1
            },
            {
                "teamPosition": "BN",
                "playerPosition": "RB",
                "playerName": "R. Burkhead",
                "playerId": "2539265",
                "points": 0.0
            },
            {
                "teamPosition": "BN",
                "playerPosition": "WR",
                "playerName": "O. Beckham",
                "playerId": "2543496",
                "points": 0.0
            },
            {
                "teamPosition": "BN",
                "playerPosition": "TE",
                "playerName": "T. Burton",
                "playerId": "2550284",
                "points": 2.1
            },
            {
                "teamPosition": "BN",
                "playerPosition": "RB",
                "playerName": "K. Hunt",
                "playerId": "2557917",
                "points": 0.0
            },
            {
                "teamPosition": "BN",
                "playerPosition": "WR",
                "playerName": "J. Ross",
                "playerId": "2558010",
                "points": 0.0
            },
            {
                "teamPosition": "BN",
                "playerPosition": "DB",
                "playerName": "S. Williams",
                "playerId": "2539233",
                "points": 7.5
            },
            {
                "teamPosition": "BN",
                "playerPosition": "LB",
                "playerName": "T. Watt",
                "playerId": "2558064",
                "points": 0.0
            }
        ]
    },
    "teamLoser": {
        "teamId": "6",
        "points": 107.92,
        "standings": "2-5-0",
        "starters": [
            {
                "teamPosition": "QB",
                "playerPosition": "QB",
                "playerName": "D. Watson",
                "playerId": "2558063",
                "points": 15.52
            },
            {
                "teamPosition": "RB",
                "playerPosition": "RB",
                "playerName": "M. Ingram",
                "playerId": "2495466",
                "points": 7.3
            },
            {
                "teamPosition": "RB",
                "playerPosition": "RB",
                "playerName": "D. Freeman",
                "playerId": "2543583",
                "points": 3.5
            },
            {
                "teamPosition": "WR",
                "playerPosition": "WR",
                "playerName": "J. Jones",
                "playerId": "2495454",
                "points": 9.3
            },
            {
                "teamPosition": "WR",
                "playerPosition": "WR",
                "playerName": "D. Hopkins",
                "playerId": "2540165",
                "points": 16.6
            },
            {
                "teamPosition": "TE",
                "playerPosition": "TE",
                "playerName": "K. Rudolph",
                "playerId": "2495438",
                "points": 11.8
            },
            {
                "teamPosition": "R/W/T",
                "playerPosition": "WR",
                "playerName": "M. Gallup",
                "playerId": "2560735",
                "points": 3.4
            },
            {
                "teamPosition": "K",
                "playerPosition": "K",
                "playerName": "J. Tucker",
                "playerId": "2536340",
                "points": 6.0
            },
            {
                "teamPosition": "DEF",
                "playerPosition": "DEF",
                "playerName": "Bears",
                "playerId": "100005",
                "points": 7.0
            },
            {
                "teamPosition": "DL",
                "playerPosition": "DL",
                "playerName": "D. Lawrence",
                "playerId": "2543490",
                "points": 7.0
            },
            {
                "teamPosition": "LB",
                "playerPosition": "LB",
                "playerName": "B. Wagner",
                "playerId": "2532966",
                "points": 13.0
            },
            {
                "teamPosition": "DB",
                "playerPosition": "DB",
                "playerName": "H. Smith",
                "playerId": "2532948",
                "points": 7.5
            }
        ],
        "bench": [
            {
                "teamPosition": "BN",
                "playerPosition": "QB",
                "playerName": "M. Stafford",
                "playerId": "79860",
                "points": 35.56
            },
            {
                "teamPosition": "BN",
                "playerPosition": "RB",
                "playerName": "D. Lewis",
                "playerId": "2495469",
                "points": 0.2
            },
            {
                "teamPosition": "BN",
                "playerPosition": "RB",
                "playerName": "G. Bernard",
                "playerId": "2540156",
                "points": 0.4
            },
            {
                "teamPosition": "BN",
                "playerPosition": "WR",
                "playerName": "R. Anderson",
                "playerId": "2556462",
                "points": 1.0
            },
            {
                "teamPosition": "BN",
                "playerPosition": "RB",
                "playerName": "J. Williams",
                "playerId": "2558204",
                "points": 10.1
            },
            {
                "teamPosition": "BN",
                "playerPosition": "RB",
                "playerName": "J. Jackson",
                "playerId": "2560756",
                "points": 0.0
            },
            {
                "teamPosition": "BN",
                "playerPosition": "RB",
                "playerName": "K. Ballage",
                "playerId": "2560967",
                "points": 6.7
            },
            {
                "teamPosition": "BN",
                "playerPosition": "TE",
                "playerName": "M. Gesicki",
                "playerId": "2560994",
                "points": 4.1
            },
            {
                "teamPosition": "BN",
                "playerPosition": "RB",
                "playerName": "D. Montgomery",
                "playerId": "2562502",
                "points": -1.1
            }
        ]
    }
}